Angle (deg)	0
Gate  No.	Time [ms]	Counts
0	40	3405
1	80	3461
2	120	3482
3	160	3450
4	200	3499
5	240	3406
6	280	3550
7	320	3367
8	360	3456
9	400	3352
10	440	3439
11	480	3469
12	520	3486
13	560	3474
14	600	3407
15	640	3517
16	680	3479
17	720	3485
18	760	3495
19	800	3593
20	840	3467
21	880	3404
22	920	3391
23	960	3527
24	1000	3453
25	1040	3496
26	1080	3418
27	1120	3495
28	1160	3451
29	1200	3500
30	1240	3556
31	1280	3543
32	1320	3386
33	1360	3519
34	1400	3549
35	1440	3521
36	1480	3546
37	1520	3394
38	1560	3369
39	1600	3562
40	1640	3416
41	1680	3501
42	1720	3574
43	1760	3508
44	1800	3489
45	1840	3505
46	1880	3538
47	1920	3521
48	1960	3490
49	2000	3454
50	2040	3478
51	2080	3471
52	2120	3582
53	2160	3406
54	2200	3479
55	2240	3485
56	2280	3445
57	2320	3421
58	2360	3506
59	2400	3464
60	2440	3458
61	2480	3460
62	2520	3538
63	2560	3532
64	2600	3539
65	2640	3625
66	2680	3460
67	2720	3576
68	2760	3552
69	2800	3506
70	2840	3497
71	2880	3513
72	2920	3547
73	2960	3475
74	3000	3520
75	3040	3581
76	3080	3529
77	3120	3520
78	3160	3482
79	3200	3489
80	3240	3359
81	3280	3383
82	3320	3596
83	3360	3496
84	3400	3393
85	3440	3384
86	3480	3440
87	3520	3529
88	3560	3537
89	3600	3482
90	3640	3541
91	3680	3506
92	3720	3473
93	3760	3466
94	3800	3524
95	3840	3567
96	3880	3460
97	3920	3546
98	3960	3527
99	4000	3444
Mean	Std. Dev.
3486.040	58.624
Angle (deg)	2
Gate  No.	Time [ms]	Counts
0	40	4014
1	80	3931
2	120	4012
3	160	4021
4	200	4084
5	240	3875
6	280	4018
7	320	3945
8	360	3979
9	400	3922
10	440	3920
11	480	3979
12	520	3918
13	560	4034
14	600	3964
15	640	4000
16	680	3934
17	720	3980
18	760	3961
19	800	4021
20	840	3967
21	880	3945
22	920	3943
23	960	3901
24	1000	4061
25	1040	3820
26	1080	3880
27	1120	3991
28	1160	4024
29	1200	4041
30	1240	3979
31	1280	4067
32	1320	4019
33	1360	3798
34	1400	3937
35	1440	3974
36	1480	3998
37	1520	4008
38	1560	3876
39	1600	4031
40	1640	3947
41	1680	4083
42	1720	3903
43	1760	3964
44	1800	4005
45	1840	4085
46	1880	4045
47	1920	4008
48	1960	3968
49	2000	3979
50	2040	4024
51	2080	3894
52	2120	4017
53	2160	3980
54	2200	3887
55	2240	3949
56	2280	3968
57	2320	3931
58	2360	3945
59	2400	3928
60	2440	3978
61	2480	4024
62	2520	4072
63	2560	4025
64	2600	3867
65	2640	3928
66	2680	3857
67	2720	3987
68	2760	4043
69	2800	3947
70	2840	3911
71	2880	4001
72	2920	3900
73	2960	3963
74	3000	4039
75	3040	3986
76	3080	3855
77	3120	3895
78	3160	3910
79	3200	3884
80	3240	4088
81	3280	3939
82	3320	3938
83	3360	3847
84	3400	3881
85	3440	4020
86	3480	3988
87	3520	4047
88	3560	3876
89	3600	3887
90	3640	4017
91	3680	4048
92	3720	3965
93	3760	3865
94	3800	3844
95	3840	4151
96	3880	4079
97	3920	3973
98	3960	3873
99	4000	4070
Mean	Std. Dev.
3967.500	69.343
Angle (deg)	5
Gate  No.	Time [ms]	Counts
0	40	4471
1	80	4344
2	120	4392
3	160	4239
4	200	4384
5	240	4440
6	280	4408
7	320	4388
8	360	4394
9	400	4474
10	440	4369
11	480	4547
12	520	4426
13	560	4410
14	600	4429
15	640	4568
16	680	4490
17	720	4487
18	760	4418
19	800	4428
20	840	4385
21	880	4363
22	920	4386
23	960	4392
24	1000	4438
25	1040	4408
26	1080	4306
27	1120	4394
28	1160	4446
29	1200	4390
30	1240	4415
31	1280	4333
32	1320	4410
33	1360	4557
34	1400	4365
35	1440	4423
36	1480	4480
37	1520	4400
38	1560	4462
39	1600	4383
40	1640	4416
41	1680	4390
42	1720	4580
43	1760	4532
44	1800	4439
45	1840	4341
46	1880	4447
47	1920	4306
48	1960	4464
49	2000	4534
50	2040	4300
51	2080	4520
52	2120	4494
53	2160	4296
54	2200	4315
55	2240	4541
56	2280	4465
57	2320	4402
58	2360	4363
59	2400	4389
60	2440	4321
61	2480	4440
62	2520	4447
63	2560	4305
64	2600	4447
65	2640	4530
66	2680	4375
67	2720	4414
68	2760	4432
69	2800	4298
70	2840	4462
71	2880	4414
72	2920	4438
73	2960	4511
74	3000	4345
75	3040	4363
76	3080	4361
77	3120	4411
78	3160	4371
79	3200	4500
80	3240	4427
81	3280	4367
82	3320	4422
83	3360	4404
84	3400	4244
85	3440	4360
86	3480	4383
87	3520	4459
88	3560	4358
89	3600	4312
90	3640	4435
91	3680	4436
92	3720	4246
93	3760	4406
94	3800	4399
95	3840	4519
96	3880	4407
97	3920	4423
98	3960	4401
99	4000	4518
Mean	Std. Dev.
4412.870	70.875
Angle (deg)	8
Gate  No.	Time [ms]	Counts
0	40	4668
1	80	4679
2	120	4888
3	160	4638
4	200	4700
5	240	4590
6	280	4631
7	320	4632
8	360	4874
9	400	4656
10	440	4677
11	480	4670
12	520	4677
13	560	4679
14	600	4776
15	640	4810
16	680	4780
17	720	4858
18	760	4725
19	800	4616
20	840	4735
21	880	4715
22	920	4677
23	960	4721
24	1000	4624
25	1040	4773
26	1080	4674
27	1120	4769
28	1160	4657
29	1200	4701
30	1240	4720
31	1280	4637
32	1320	4735
33	1360	4719
34	1400	4647
35	1440	4786
36	1480	4673
37	1520	4658
38	1560	4594
39	1600	4705
40	1640	4745
41	1680	4837
42	1720	4748
43	1760	4799
44	1800	4651
45	1840	4727
46	1880	4732
47	1920	4818
48	1960	4624
49	2000	4819
50	2040	4732
51	2080	4780
52	2120	4622
53	2160	4733
54	2200	4672
55	2240	4574
56	2280	4690
57	2320	4700
58	2360	4716
59	2400	4846
60	2440	4835
61	2480	4816
62	2520	4876
63	2560	4672
64	2600	4591
65	2640	4585
66	2680	4734
67	2720	4588
68	2760	4807
69	2800	4780
70	2840	4760
71	2880	4690
72	2920	4745
73	2960	4703
74	3000	4740
75	3040	4781
76	3080	4659
77	3120	4759
78	3160	4678
79	3200	4520
80	3240	4614
81	3280	4778
82	3320	4869
83	3360	4790
84	3400	4716
85	3440	4741
86	3480	4758
87	3520	4705
88	3560	4782
89	3600	4773
90	3640	4676
91	3680	4820
92	3720	4734
93	3760	4752
94	3800	4771
95	3840	4738
96	3880	4665
97	3920	4816
98	3960	4785
99	4000	4822
Mean	Std. Dev.
4721.330	76.832
Angle (deg)	10
Gate  No.	Time [ms]	Counts
0	40	4992
1	80	5034
2	120	4944
3	160	4962
4	200	4848
5	240	4879
6	280	4861
7	320	4782
8	360	5006
9	400	5077
10	440	4963
11	480	4971
12	520	4917
13	560	4918
14	600	5015
15	640	4940
16	680	4853
17	720	5086
18	760	4973
19	800	4997
20	840	4971
21	880	4806
22	920	5070
23	960	4928
24	1000	5015
25	1040	5069
26	1080	4960
27	1120	5018
28	1160	4913
29	1200	4886
30	1240	4867
31	1280	4935
32	1320	4898
33	1360	4916
34	1400	4944
35	1440	5023
36	1480	4839
37	1520	5003
38	1560	4971
39	1600	4959
40	1640	4983
41	1680	5051
42	1720	4972
43	1760	5059
44	1800	4920
45	1840	5065
46	1880	5001
47	1920	4975
48	1960	5001
49	2000	5019
50	2040	4971
51	2080	4938
52	2120	4923
53	2160	5021
54	2200	5040
55	2240	4931
56	2280	5034
57	2320	4897
58	2360	4954
59	2400	4956
60	2440	4953
61	2480	5129
62	2520	5009
63	2560	5141
64	2600	5021
65	2640	4874
66	2680	5009
67	2720	4931
68	2760	5048
69	2800	5060
70	2840	5012
71	2880	4952
72	2920	5029
73	2960	4876
74	3000	4997
75	3040	5095
76	3080	5037
77	3120	4952
78	3160	4961
79	3200	4875
80	3240	4979
81	3280	5059
82	3320	5020
83	3360	5130
84	3400	4958
85	3440	4912
86	3480	5187
87	3520	5128
88	3560	5011
89	3600	5046
90	3640	5005
91	3680	4985
92	3720	4907
93	3760	5105
94	3800	5050
95	3840	4991
96	3880	4989
97	3920	5109
98	3960	5065
99	4000	4944
Mean	Std. Dev.
4982.610	76.251
Angle (deg)	12
Gate  No.	Time [ms]	Counts
0	40	4972
1	80	5067
2	120	4931
3	160	5062
4	200	5102
5	240	5157
6	280	4943
7	320	4971
8	360	5095
9	400	4977
10	440	5044
11	480	5081
12	520	5024
13	560	4984
14	600	5112
15	640	5078
16	680	5017
17	720	5042
18	760	4899
19	800	5155
20	840	4899
21	880	5007
22	920	5013
23	960	5099
24	1000	4947
25	1040	4952
26	1080	5012
27	1120	5131
28	1160	4986
29	1200	5128
30	1240	5024
31	1280	4994
32	1320	5098
33	1360	4957
34	1400	5036
35	1440	5019
36	1480	5010
37	1520	5084
38	1560	5110
39	1600	5073
40	1640	5004
41	1680	5024
42	1720	5122
43	1760	4968
44	1800	5092
45	1840	5034
46	1880	5012
47	1920	5053
48	1960	4942
49	2000	5022
50	2040	5090
51	2080	5121
52	2120	5036
53	2160	4973
54	2200	4995
55	2240	5035
56	2280	5078
57	2320	4949
58	2360	4962
59	2400	5168
60	2440	5046
61	2480	5035
62	2520	5139
63	2560	5000
64	2600	4991
65	2640	4954
66	2680	5024
67	2720	5029
68	2760	4982
69	2800	4970
70	2840	5065
71	2880	4978
72	2920	5154
73	2960	5086
74	3000	5010
75	3040	4913
76	3080	4947
77	3120	5025
78	3160	5019
79	3200	4969
80	3240	5030
81	3280	5051
82	3320	5125
83	3360	5051
84	3400	4992
85	3440	5070
86	3480	5125
87	3520	5071
88	3560	5167
89	3600	4957
90	3640	5125
91	3680	5083
92	3720	5003
93	3760	5068
94	3800	5129
95	3840	5047
96	3880	5054
97	3920	4951
98	3960	5048
99	4000	5143
Mean	Std. Dev.
5035.980	65.062
Angle (deg)	15
Gate  No.	Time [ms]	Counts
0	40	4990
1	80	4971
2	120	5004
3	160	5075
4	200	4962
5	240	5073
6	280	5097
7	320	5030
8	360	4969
9	400	4952
10	440	5031
11	480	4946
12	520	4916
13	560	4992
14	600	5034
15	640	5022
16	680	5194
17	720	5027
18	760	5041
19	800	4910
20	840	4828
21	880	5164
22	920	5142
23	960	5086
24	1000	5088
25	1040	4967
26	1080	5138
27	1120	4957
28	1160	5162
29	1200	5061
30	1240	5136
31	1280	5083
32	1320	5173
33	1360	5026
34	1400	4972
35	1440	5105
36	1480	5138
37	1520	5063
38	1560	4987
39	1600	5002
40	1640	5067
41	1680	4845
42	1720	4974
43	1760	5119
44	1800	5017
45	1840	5139
46	1880	4961
47	1920	5055
48	1960	4950
49	2000	5140
50	2040	4986
51	2080	4959
52	2120	5055
53	2160	5027
54	2200	5022
55	2240	5043
56	2280	4875
57	2320	4995
58	2360	5209
59	2400	4976
60	2440	5043
61	2480	5090
62	2520	5115
63	2560	5055
64	2600	4947
65	2640	5029
66	2680	5106
67	2720	5109
68	2760	5000
69	2800	5062
70	2840	5113
71	2880	5013
72	2920	5032
73	2960	4958
74	3000	4973
75	3040	5071
76	3080	5108
77	3120	5022
78	3160	5220
79	3200	5032
80	3240	5005
81	3280	5019
82	3320	5120
83	3360	5058
84	3400	5039
85	3440	5096
86	3480	4977
87	3520	4984
88	3560	5001
89	3600	5009
90	3640	5136
91	3680	4916
92	3720	4935
93	3760	5070
94	3800	4996
95	3840	4897
96	3880	5147
97	3920	5045
98	3960	4984
99	4000	5064
Mean	Std. Dev.
5035.240	77.762
Angle (deg)	18
Gate  No.	Time [ms]	Counts
0	40	4809
1	80	4819
2	120	4842
3	160	4888
4	200	4785
5	240	4873
6	280	4771
7	320	4824
8	360	4807
9	400	4774
10	440	4744
11	480	4730
12	520	4850
13	560	4810
14	600	4716
15	640	4867
16	680	4772
17	720	4758
18	760	4756
19	800	4704
20	840	4936
21	880	4897
22	920	4834
23	960	4762
24	1000	4835
25	1040	4840
26	1080	4851
27	1120	4884
28	1160	4749
29	1200	4852
30	1240	4796
31	1280	4766
32	1320	4792
33	1360	4804
34	1400	4789
35	1440	4833
36	1480	4875
37	1520	4793
38	1560	4903
39	1600	4735
40	1640	4875
41	1680	4809
42	1720	4798
43	1760	4736
44	1800	4949
45	1840	4844
46	1880	4850
47	1920	4895
48	1960	4752
49	2000	4754
50	2040	4758
51	2080	4844
52	2120	5042
53	2160	4882
54	2200	4817
55	2240	4839
56	2280	4749
57	2320	4849
58	2360	4977
59	2400	4833
60	2440	4840
61	2480	4816
62	2520	4829
63	2560	4828
64	2600	4749
65	2640	4744
66	2680	4877
67	2720	4770
68	2760	4887
69	2800	4748
70	2840	4703
71	2880	4813
72	2920	4825
73	2960	4753
74	3000	4958
75	3040	4806
76	3080	4888
77	3120	4890
78	3160	4890
79	3200	4845
80	3240	4754
81	3280	4882
82	3320	4778
83	3360	4858
84	3400	4908
85	3440	4717
86	3480	4847
87	3520	4701
88	3560	4812
89	3600	4780
90	3640	4868
91	3680	4885
92	3720	4862
93	3760	4840
94	3800	4866
95	3840	4728
96	3880	4715
97	3920	4689
98	3960	4850
99	4000	4742
Mean	Std. Dev.
4818.180	66.331
Angle (deg)	20
Gate  No.	Time [ms]	Counts
0	40	4646
1	80	4632
2	120	4716
3	160	4636
4	200	4518
5	240	4440
6	280	4563
7	320	4558
8	360	4590
9	400	4496
10	440	4523
11	480	4559
12	520	4685
13	560	4597
14	600	4564
15	640	4515
16	680	4447
17	720	4537
18	760	4479
19	800	4468
20	840	4599
21	880	4533
22	920	4546
23	960	4466
24	1000	4397
25	1040	4662
26	1080	4357
27	1120	4417
28	1160	4646
29	1200	4476
30	1240	4602
31	1280	4536
32	1320	4508
33	1360	4471
34	1400	4584
35	1440	4546
36	1480	4533
37	1520	4573
38	1560	4519
39	1600	4509
40	1640	4618
41	1680	4586
42	1720	4441
43	1760	4578
44	1800	4515
45	1840	4496
46	1880	4486
47	1920	4621
48	1960	4595
49	2000	4527
50	2040	4530
51	2080	4659
52	2120	4606
53	2160	4583
54	2200	4502
55	2240	4572
56	2280	4344
57	2320	4564
58	2360	4403
59	2400	4477
60	2440	4605
61	2480	4559
62	2520	4652
63	2560	4655
64	2600	4573
65	2640	4658
66	2680	4657
67	2720	4419
68	2760	4661
69	2800	4439
70	2840	4723
71	2880	4645
72	2920	4645
73	2960	4562
74	3000	4597
75	3040	4493
76	3080	4504
77	3120	4523
78	3160	4440
79	3200	4502
80	3240	4637
81	3280	4468
82	3320	4538
83	3360	4562
84	3400	4658
85	3440	4534
86	3480	4481
87	3520	4534
88	3560	4600
89	3600	4472
90	3640	4462
91	3680	4365
92	3720	4430
93	3760	4546
94	3800	4548
95	3840	4510
96	3880	4644
97	3920	4480
98	3960	4483
99	4000	4457
Mean	Std. Dev.
4542.730	80.943
Angle (deg)	22
Gate  No.	Time [ms]	Counts
0	40	4178
1	80	4234
2	120	4117
3	160	4219
4	200	4149
5	240	4105
6	280	4151
7	320	4146
8	360	4255
9	400	4114
10	440	4097
11	480	4220
12	520	4107
13	560	4293
14	600	4189
15	640	4252
16	680	4184
17	720	4102
18	760	4160
19	800	4224
20	840	4259
21	880	4314
22	920	4252
23	960	4237
24	1000	4199
25	1040	4207
26	1080	4093
27	1120	4227
28	1160	4407
29	1200	4164
30	1240	4151
31	1280	4122
32	1320	4343
33	1360	4238
34	1400	4165
35	1440	4070
36	1480	4222
37	1520	4215
38	1560	4224
39	1600	4220
40	1640	4227
41	1680	4189
42	1720	4140
43	1760	4124
44	1800	4133
45	1840	4293
46	1880	4144
47	1920	4134
48	1960	4179
49	2000	4137
50	2040	4175
51	2080	4185
52	2120	4266
53	2160	4265
54	2200	4119
55	2240	4150
56	2280	4308
57	2320	4109
58	2360	4160
59	2400	4155
60	2440	4223
61	2480	4155
62	2520	4219
63	2560	4281
64	2600	4170
65	2640	4217
66	2680	4223
67	2720	4113
68	2760	4161
69	2800	3954
70	2840	4223
71	2880	4148
72	2920	4173
73	2960	4188
74	3000	4146
75	3040	4113
76	3080	4078
77	3120	4242
78	3160	4139
79	3200	4201
80	3240	4188
81	3280	4061
82	3320	4165
83	3360	4085
84	3400	4074
85	3440	4197
86	3480	4202
87	3520	4114
88	3560	4166
89	3600	4130
90	3640	4077
91	3680	4153
92	3720	4183
93	3760	4165
94	3800	4155
95	3840	4099
96	3880	4162
97	3920	3967
98	3960	4142
99	4000	4138
Mean	Std. Dev.
4174.070	70.328
Angle (deg)	25
Gate  No.	Time [ms]	Counts
0	40	3633
1	80	3656
2	120	3653
3	160	3672
4	200	3623
5	240	3727
6	280	3567
7	320	3664
8	360	3598
9	400	3644
10	440	3649
11	480	3679
12	520	3638
13	560	3651
14	600	3640
15	640	3580
16	680	3640
17	720	3634
18	760	3690
19	800	3527
20	840	3666
21	880	3773
22	920	3692
23	960	3652
24	1000	3722
25	1040	3689
26	1080	3725
27	1120	3639
28	1160	3686
29	1200	3739
30	1240	3745
31	1280	3752
32	1320	3827
33	1360	3710
34	1400	3597
35	1440	3646
36	1480	3717
37	1520	3664
38	1560	3763
39	1600	3630
40	1640	3687
41	1680	3570
42	1720	3617
43	1760	3620
44	1800	3598
45	1840	3596
46	1880	3646
47	1920	3490
48	1960	3692
49	2000	3699
50	2040	3713
51	2080	3601
52	2120	3732
53	2160	3599
54	2200	3664
55	2240	3649
56	2280	3693
57	2320	3625
58	2360	3736
59	2400	3673
60	2440	3718
61	2480	3624
62	2520	3710
63	2560	3648
64	2600	3663
65	2640	3666
66	2680	3603
67	2720	3612
68	2760	3590
69	2800	3654
70	2840	3673
71	2880	3642
72	2920	3656
73	2960	3707
74	3000	3763
75	3040	3856
76	3080	3645
77	3120	3710
78	3160	3661
79	3200	3673
80	3240	3761
81	3280	3790
82	3320	3737
83	3360	3596
84	3400	3722
85	3440	3715
86	3480	3635
87	3520	3634
88	3560	3620
89	3600	3611
90	3640	3711
91	3680	3700
92	3720	3631
93	3760	3483
94	3800	3637
95	3840	3740
96	3880	3616
97	3920	3752
98	3960	3741
99	4000	3621
Mean	Std. Dev.
3666.260	63.352
Angle (deg)	28
Gate  No.	Time [ms]	Counts
0	40	3106
1	80	3117
2	120	3155
3	160	3244
4	200	3145
5	240	3178
6	280	3124
7	320	3184
8	360	3202
9	400	3189
10	440	3135
11	480	3130
12	520	3233
13	560	3142
14	600	3182
15	640	3166
16	680	3194
17	720	3095
18	760	3196
19	800	3147
20	840	3228
21	880	3184
22	920	3160
23	960	3231
24	1000	3193
25	1040	3109
26	1080	3147
27	1120	3127
28	1160	3153
29	1200	3142
30	1240	3085
31	1280	3193
32	1320	3297
33	1360	3131
34	1400	3216
35	1440	3107
36	1480	3098
37	1520	3247
38	1560	3142
39	1600	3214
40	1640	3100
41	1680	3225
42	1720	3210
43	1760	3121
44	1800	3137
45	1840	3183
46	1880	3102
47	1920	3110
48	1960	3170
49	2000	3130
50	2040	3176
51	2080	3148
52	2120	3192
53	2160	3209
54	2200	3137
55	2240	3191
56	2280	3208
57	2320	3200
58	2360	3214
59	2400	3073
60	2440	3220
61	2480	3125
62	2520	3218
63	2560	3125
64	2600	3236
65	2640	3062
66	2680	3172
67	2720	3140
68	2760	3218
69	2800	3191
70	2840	3208
71	2880	3071
72	2920	3181
73	2960	3093
74	3000	3090
75	3040	3069
76	3080	3188
77	3120	3077
78	3160	3150
79	3200	3237
80	3240	3056
81	3280	3178
82	3320	3311
83	3360	3078
84	3400	3184
85	3440	3190
86	3480	3166
87	3520	3113
88	3560	3096
89	3600	3144
90	3640	3089
91	3680	3169
92	3720	3327
93	3760	3191
94	3800	3097
95	3840	3108
96	3880	3115
97	3920	3138
98	3960	3021
99	4000	3164
Mean	Std. Dev.
3159.100	56.517
Angle (deg)	30
Gate  No.	Time [ms]	Counts
0	40	2507
1	80	2685
2	120	2557
3	160	2672
4	200	2539
5	240	2700
6	280	2670
7	320	2693
8	360	2662
9	400	2730
10	440	2528
11	480	2536
12	520	2595
13	560	2653
14	600	2597
15	640	2655
16	680	2581
17	720	2528
18	760	2575
19	800	2601
20	840	2619
21	880	2709
22	920	2677
23	960	2560
24	1000	2624
25	1040	2670
26	1080	2616
27	1120	2574
28	1160	2660
29	1200	2531
30	1240	2600
31	1280	2575
32	1320	2653
33	1360	2629
34	1400	2653
35	1440	2514
36	1480	2527
37	1520	2597
38	1560	2607
39	1600	2655
40	1640	2636
41	1680	2610
42	1720	2596
43	1760	2623
44	1800	2564
45	1840	2653
46	1880	2532
47	1920	2573
48	1960	2579
49	2000	2650
50	2040	2591
51	2080	2558
52	2120	2551
53	2160	2576
54	2200	2648
55	2240	2581
56	2280	2605
57	2320	2539
58	2360	2621
59	2400	2565
60	2440	2655
61	2480	2528
62	2520	2541
63	2560	2741
64	2600	2634
65	2640	2561
66	2680	2576
67	2720	2608
68	2760	2594
69	2800	2633
70	2840	2583
71	2880	2635
72	2920	2565
73	2960	2553
74	3000	2660
75	3040	2576
76	3080	2639
77	3120	2581
78	3160	2591
79	3200	2674
80	3240	2596
81	3280	2542
82	3320	2583
83	3360	2647
84	3400	2655
85	3440	2611
86	3480	2607
87	3520	2565
88	3560	2632
89	3600	2591
90	3640	2590
91	3680	2607
92	3720	2610
93	3760	2570
94	3800	2615
95	3840	2548
96	3880	2641
97	3920	2654
98	3960	2582
99	4000	2615
Mean	Std. Dev.
2605.540	49.954
Angle (deg)	32
Gate  No.	Time [ms]	Counts
0	40	2060
1	80	1988
2	120	2057
3	160	2017
4	200	2056
5	240	2008
6	280	2080
7	320	2074
8	360	2036
9	400	2014
10	440	2020
11	480	2043
12	520	2011
13	560	2024
14	600	2048
15	640	2142
16	680	2099
17	720	2051
18	760	2109
19	800	2072
20	840	1978
21	880	2074
22	920	1999
23	960	2018
24	1000	2036
25	1040	2143
26	1080	2063
27	1120	2075
28	1160	1951
29	1200	2038
30	1240	1973
31	1280	2000
32	1320	1958
33	1360	2044
34	1400	2010
35	1440	2076
36	1480	2068
37	1520	2086
38	1560	2036
39	1600	2054
40	1640	2039
41	1680	2056
42	1720	1914
43	1760	2010
44	1800	2033
45	1840	2053
46	1880	2007
47	1920	2012
48	1960	2027
49	2000	2039
50	2040	1980
51	2080	2058
52	2120	2033
53	2160	2073
54	2200	2031
55	2240	1954
56	2280	2041
57	2320	2010
58	2360	2079
59	2400	2080
60	2440	2067
61	2480	2073
62	2520	2026
63	2560	2049
64	2600	2087
65	2640	2076
66	2680	1999
67	2720	2026
68	2760	2058
69	2800	1988
70	2840	2077
71	2880	2059
72	2920	2056
73	2960	2069
74	3000	2025
75	3040	2014
76	3080	2006
77	3120	2057
78	3160	2067
79	3200	2081
80	3240	1991
81	3280	1962
82	3320	2006
83	3360	2107
84	3400	1987
85	3440	2117
86	3480	2141
87	3520	2003
88	3560	2014
89	3600	2050
90	3640	2018
91	3680	1980
92	3720	2066
93	3760	1999
94	3800	2036
95	3840	2063
96	3880	2166
97	3920	2059
98	3960	2079
99	4000	2015
Mean	Std. Dev.
2040.370	43.823
Angle (deg)	35
Gate  No.	Time [ms]	Counts
0	40	1528
1	80	1496
2	120	1555
3	160	1483
4	200	1527
5	240	1566
6	280	1578
7	320	1533
8	360	1474
9	400	1540
10	440	1536
11	480	1546
12	520	1602
13	560	1556
14	600	1582
15	640	1558
16	680	1608
17	720	1483
18	760	1598
19	800	1532
20	840	1522
21	880	1469
22	920	1479
23	960	1610
24	1000	1554
25	1040	1545
26	1080	1569
27	1120	1566
28	1160	1484
29	1200	1555
30	1240	1482
31	1280	1534
32	1320	1467
33	1360	1526
34	1400	1599
35	1440	1579
36	1480	1530
37	1520	1523
38	1560	1542
39	1600	1497
40	1640	1505
41	1680	1563
42	1720	1531
43	1760	1485
44	1800	1607
45	1840	1557
46	1880	1516
47	1920	1569
48	1960	1575
49	2000	1515
50	2040	1538
51	2080	1570
52	2120	1580
53	2160	1500
54	2200	1506
55	2240	1452
56	2280	1584
57	2320	1528
58	2360	1542
59	2400	1514
60	2440	1567
61	2480	1606
62	2520	1548
63	2560	1513
64	2600	1568
65	2640	1512
66	2680	1526
67	2720	1534
68	2760	1560
69	2800	1510
70	2840	1568
71	2880	1451
72	2920	1529
73	2960	1587
74	3000	1558
75	3040	1598
76	3080	1653
77	3120	1542
78	3160	1622
79	3200	1471
80	3240	1588
81	3280	1501
82	3320	1537
83	3360	1539
84	3400	1580
85	3440	1534
86	3480	1534
87	3520	1590
88	3560	1518
89	3600	1598
90	3640	1570
91	3680	1591
92	3720	1477
93	3760	1538
94	3800	1500
95	3840	1577
96	3880	1509
97	3920	1517
98	3960	1486
99	4000	1551
Mean	Std. Dev.
1541.080	41.241
Angle (deg)	38
Gate  No.	Time [ms]	Counts
0	40	1056
1	80	1041
2	120	1121
3	160	1046
4	200	1037
5	240	1066
6	280	1096
7	320	1072
8	360	1079
9	400	1118
10	440	1106
11	480	1057
12	520	1120
13	560	1076
14	600	1066
15	640	1152
16	680	1057
17	720	1064
18	760	1065
19	800	1084
20	840	1051
21	880	1150
22	920	1116
23	960	1033
24	1000	1114
25	1040	1129
26	1080	1089
27	1120	1108
28	1160	1126
29	1200	1087
30	1240	1071
31	1280	1031
32	1320	1072
33	1360	1065
34	1400	1091
35	1440	1048
36	1480	1109
37	1520	1034
38	1560	1032
39	1600	1133
40	1640	1136
41	1680	1073
42	1720	1059
43	1760	1131
44	1800	1092
45	1840	1126
46	1880	1114
47	1920	1169
48	1960	1058
49	2000	1060
50	2040	1068
51	2080	1100
52	2120	1022
53	2160	1094
54	2200	1137
55	2240	1136
56	2280	1051
57	2320	1089
58	2360	1010
59	2400	1113
60	2440	1113
61	2480	1090
62	2520	1114
63	2560	1125
64	2600	1154
65	2640	1065
66	2680	1134
67	2720	1124
68	2760	1095
69	2800	1091
70	2840	1080
71	2880	1087
72	2920	1042
73	2960	1065
74	3000	1129
75	3040	1116
76	3080	1098
77	3120	1068
78	3160	1102
79	3200	1049
80	3240	1101
81	3280	1061
82	3320	1100
83	3360	1094
84	3400	1099
85	3440	1063
86	3480	1031
87	3520	1100
88	3560	1127
89	3600	1147
90	3640	1171
91	3680	1103
92	3720	1099
93	3760	1030
94	3800	1083
95	3840	1148
96	3880	1088
97	3920	1029
98	3960	1084
99	4000	1121
Mean	Std. Dev.
1089.260	35.940
Angle (deg)	40
Gate  No.	Time [ms]	Counts
0	40	695
1	80	729
2	120	706
3	160	682
4	200	739
5	240	725
6	280	705
7	320	675
8	360	734
9	400	755
10	440	765
11	480	744
12	520	782
13	560	740
14	600	727
15	640	761
16	680	740
17	720	724
18	760	729
19	800	732
20	840	737
21	880	696
22	920	744
23	960	697
24	1000	776
25	1040	754
26	1080	730
27	1120	757
28	1160	702
29	1200	710
30	1240	705
31	1280	775
32	1320	732
33	1360	725
34	1400	771
35	1440	724
36	1480	699
37	1520	789
38	1560	768
39	1600	760
40	1640	756
41	1680	722
42	1720	739
43	1760	740
44	1800	715
45	1840	743
46	1880	802
47	1920	735
48	1960	707
49	2000	710
50	2040	737
51	2080	759
52	2120	777
53	2160	731
54	2200	757
55	2240	741
56	2280	734
57	2320	719
58	2360	769
59	2400	687
60	2440	680
61	2480	710
62	2520	752
63	2560	734
64	2600	699
65	2640	775
66	2680	711
67	2720	735
68	2760	714
69	2800	745
70	2840	692
71	2880	739
72	2920	728
73	2960	673
74	3000	734
75	3040	713
76	3080	688
77	3120	782
78	3160	735
79	3200	772
80	3240	753
81	3280	737
82	3320	739
83	3360	726
84	3400	702
85	3440	712
86	3480	766
87	3520	768
88	3560	693
89	3600	782
90	3640	697
91	3680	737
92	3720	738
93	3760	749
94	3800	758
95	3840	785
96	3880	704
97	3920	758
98	3960	740
99	4000	740
Mean	Std. Dev.
734.150	28.342
Angle (deg)	42
Gate  No.	Time [ms]	Counts
0	40	479
1	80	441
2	120	459
3	160	424
4	200	432
5	240	489
6	280	456
7	320	452
8	360	461
9	400	432
10	440	473
11	480	445
12	520	447
13	560	452
14	600	485
15	640	462
16	680	451
17	720	470
18	760	424
19	800	471
20	840	490
21	880	484
22	920	466
23	960	487
24	1000	462
25	1040	473
26	1080	450
27	1120	452
28	1160	471
29	1200	425
30	1240	429
31	1280	444
32	1320	453
33	1360	463
34	1400	413
35	1440	463
36	1480	498
37	1520	427
38	1560	455
39	1600	447
40	1640	445
41	1680	429
42	1720	456
43	1760	480
44	1800	487
45	1840	460
46	1880	476
47	1920	464
48	1960	445
49	2000	470
50	2040	445
51	2080	448
52	2120	411
53	2160	437
54	2200	480
55	2240	463
56	2280	436
57	2320	467
58	2360	459
59	2400	436
60	2440	470
61	2480	460
62	2520	438
63	2560	469
64	2600	468
65	2640	438
66	2680	432
67	2720	473
68	2760	433
69	2800	448
70	2840	445
71	2880	465
72	2920	467
73	2960	474
74	3000	450
75	3040	424
76	3080	437
77	3120	422
78	3160	452
79	3200	454
80	3240	467
81	3280	489
82	3320	461
83	3360	442
84	3400	462
85	3440	490
86	3480	468
87	3520	430
88	3560	460
89	3600	487
90	3640	477
91	3680	428
92	3720	466
93	3760	435
94	3800	445
95	3840	462
96	3880	426
97	3920	445
98	3960	469
99	4000	449
Mean	Std. Dev.
455.280	19.519
Angle (deg)	45
Gate  No.	Time [ms]	Counts
0	40	284
1	80	262
2	120	301
3	160	297
4	200	249
5	240	277
6	280	307
7	320	287
8	360	273
9	400	283
10	440	230
11	480	267
12	520	290
13	560	259
14	600	272
15	640	277
16	680	269
17	720	283
18	760	284
19	800	266
20	840	263
21	880	277
22	920	286
23	960	257
24	1000	300
25	1040	262
26	1080	306
27	1120	272
28	1160	300
29	1200	271
30	1240	257
31	1280	292
32	1320	271
33	1360	278
34	1400	277
35	1440	265
36	1480	281
37	1520	259
38	1560	279
39	1600	255
40	1640	284
41	1680	260
42	1720	271
43	1760	301
44	1800	254
45	1840	274
46	1880	297
47	1920	251
48	1960	315
49	2000	283
50	2040	318
51	2080	238
52	2120	282
53	2160	262
54	2200	274
55	2240	272
56	2280	293
57	2320	286
58	2360	257
59	2400	252
60	2440	261
61	2480	278
62	2520	294
63	2560	282
64	2600	258
65	2640	300
66	2680	243
67	2720	254
68	2760	278
69	2800	263
70	2840	275
71	2880	268
72	2920	304
73	2960	265
74	3000	287
75	3040	279
76	3080	281
77	3120	284
78	3160	267
79	3200	266
80	3240	265
81	3280	278
82	3320	276
83	3360	257
84	3400	281
85	3440	269
86	3480	313
87	3520	290
88	3560	289
89	3600	282
90	3640	296
91	3680	273
92	3720	279
93	3760	245
94	3800	296
95	3840	263
96	3880	310
97	3920	276
98	3960	266
99	4000	312
Mean	Std. Dev.
276.520	17.666
Angle (deg)	48
Gate  No.	Time [ms]	Counts
0	40	196
1	80	202
2	120	204
3	160	214
4	200	170
5	240	213
6	280	161
7	320	197
8	360	203
9	400	192
10	440	178
11	480	165
12	520	206
13	560	190
14	600	164
15	640	175
16	680	195
17	720	160
18	760	180
19	800	198
20	840	221
21	880	193
22	920	185
23	960	191
24	1000	172
25	1040	203
26	1080	156
27	1120	174
28	1160	206
29	1200	178
30	1240	185
31	1280	206
32	1320	208
33	1360	178
34	1400	190
35	1440	151
36	1480	161
37	1520	183
38	1560	179
39	1600	194
40	1640	185
41	1680	195
42	1720	181
43	1760	210
44	1800	187
45	1840	194
46	1880	196
47	1920	178
48	1960	165
49	2000	216
50	2040	187
51	2080	201
52	2120	186
53	2160	194
54	2200	190
55	2240	176
56	2280	195
57	2320	173
58	2360	188
59	2400	181
60	2440	161
61	2480	176
62	2520	210
63	2560	186
64	2600	171
65	2640	232
66	2680	174
67	2720	198
68	2760	220
69	2800	186
70	2840	184
71	2880	178
72	2920	168
73	2960	204
74	3000	220
75	3040	185
76	3080	151
77	3120	195
78	3160	183
79	3200	168
80	3240	211
81	3280	196
82	3320	202
83	3360	190
84	3400	170
85	3440	198
86	3480	174
87	3520	192
88	3560	175
89	3600	192
90	3640	205
91	3680	179
92	3720	183
93	3760	189
94	3800	202
95	3840	197
96	3880	213
97	3920	189
98	3960	178
99	4000	185
Mean	Std. Dev.
188.250	16.387
Angle (deg)	50
Gate  No.	Time [ms]	Counts
0	40	188
1	80	174
2	120	181
3	160	183
4	200	188
5	240	157
6	280	202
7	320	161
8	360	162
9	400	176
10	440	160
11	480	177
12	520	194
13	560	167
14	600	199
15	640	196
16	680	179
17	720	169
18	760	213
19	800	156
20	840	169
21	880	192
22	920	172
23	960	200
24	1000	208
25	1040	191
26	1080	165
27	1120	178
28	1160	177
29	1200	173
30	1240	190
31	1280	203
32	1320	191
33	1360	189
34	1400	198
35	1440	169
36	1480	176
37	1520	182
38	1560	185
39	1600	163
40	1640	191
41	1680	159
42	1720	169
43	1760	192
44	1800	187
45	1840	155
46	1880	208
47	1920	167
48	1960	170
49	2000	179
50	2040	184
51	2080	194
52	2120	191
53	2160	174
54	2200	169
55	2240	194
56	2280	198
57	2320	186
58	2360	187
59	2400	175
60	2440	198
61	2480	190
62	2520	186
63	2560	177
64	2600	201
65	2640	206
66	2680	178
67	2720	183
68	2760	197
69	2800	166
70	2840	197
71	2880	179
72	2920	151
73	2960	176
74	3000	203
75	3040	186
76	3080	194
77	3120	186
78	3160	159
79	3200	189
80	3240	176
81	3280	168
82	3320	173
83	3360	181
84	3400	170
85	3440	181
86	3480	220
87	3520	193
88	3560	165
89	3600	197
90	3640	172
91	3680	177
92	3720	188
93	3760	161
94	3800	168
95	3840	211
96	3880	178
97	3920	197
98	3960	157
99	4000	166
Mean	Std. Dev.
181.830	14.806
Angle (deg)	52
Gate  No.	Time [ms]	Counts
0	40	256
1	80	241
2	120	253
3	160	251
4	200	251
5	240	236
6	280	258
7	320	232
8	360	234
9	400	230
10	440	272
11	480	211
12	520	253
13	560	244
14	600	224
15	640	259
16	680	226
17	720	257
18	760	206
19	800	259
20	840	237
21	880	252
22	920	275
23	960	258
24	1000	241
25	1040	260
26	1080	219
27	1120	234
28	1160	235
29	1200	244
30	1240	244
31	1280	234
32	1320	243
33	1360	247
34	1400	244
35	1440	252
36	1480	237
37	1520	263
38	1560	256
39	1600	244
40	1640	240
41	1680	223
42	1720	237
43	1760	254
44	1800	275
45	1840	253
46	1880	245
47	1920	244
48	1960	231
49	2000	225
50	2040	268
51	2080	237
52	2120	241
53	2160	267
54	2200	240
55	2240	245
56	2280	243
57	2320	223
58	2360	230
59	2400	266
60	2440	256
61	2480	266
62	2520	255
63	2560	237
64	2600	234
65	2640	269
66	2680	274
67	2720	268
68	2760	189
69	2800	262
70	2840	247
71	2880	272
72	2920	248
73	2960	243
74	3000	230
75	3040	248
76	3080	283
77	3120	242
78	3160	274
79	3200	227
80	3240	242
81	3280	233
82	3320	232
83	3360	248
84	3400	280
85	3440	224
86	3480	282
87	3520	235
88	3560	249
89	3600	233
90	3640	284
91	3680	244
92	3720	211
93	3760	263
94	3800	257
95	3840	262
96	3880	256
97	3920	286
98	3960	228
99	4000	255
Mean	Std. Dev.
246.870	17.996
Angle (deg)	55
Gate  No.	Time [ms]	Counts
0	40	343
1	80	360
2	120	361
3	160	393
4	200	360
5	240	359
6	280	355
7	320	323
8	360	345
9	400	351
10	440	367
11	480	381
12	520	354
13	560	335
14	600	381
15	640	406
16	680	320
17	720	389
18	760	378
19	800	345
20	840	383
21	880	376
22	920	384
23	960	396
24	1000	362
25	1040	347
26	1080	338
27	1120	371
28	1160	417
29	1200	335
30	1240	366
31	1280	351
32	1320	384
33	1360	352
34	1400	356
35	1440	385
36	1480	344
37	1520	386
38	1560	396
39	1600	365
40	1640	339
41	1680	374
42	1720	404
43	1760	379
44	1800	350
45	1840	322
46	1880	365
47	1920	341
48	1960	384
49	2000	359
50	2040	357
51	2080	354
52	2120	361
53	2160	369
54	2200	377
55	2240	337
56	2280	346
57	2320	357
58	2360	325
59	2400	375
60	2440	384
61	2480	325
62	2520	358
63	2560	390
64	2600	346
65	2640	369
66	2680	387
67	2720	361
68	2760	356
69	2800	390
70	2840	386
71	2880	366
72	2920	330
73	2960	347
74	3000	351
75	3040	371
76	3080	389
77	3120	363
78	3160	369
79	3200	367
80	3240	334
81	3280	386
82	3320	397
83	3360	335
84	3400	377
85	3440	385
86	3480	371
87	3520	363
88	3560	360
89	3600	362
90	3640	356
91	3680	380
92	3720	379
93	3760	370
94	3800	401
95	3840	379
96	3880	367
97	3920	416
98	3960	363
99	4000	379
Mean	Std. Dev.
365.400	21.159
Angle (deg)	58
Gate  No.	Time [ms]	Counts
0	40	464
1	80	504
2	120	507
3	160	511
4	200	497
5	240	499
6	280	489
7	320	497
8	360	531
9	400	519
10	440	522
11	480	505
12	520	495
13	560	447
14	600	508
15	640	495
16	680	529
17	720	519
18	760	523
19	800	485
20	840	507
21	880	515
22	920	491
23	960	471
24	1000	500
25	1040	471
26	1080	511
27	1120	546
28	1160	484
29	1200	534
30	1240	520
31	1280	562
32	1320	515
33	1360	509
34	1400	475
35	1440	559
36	1480	507
37	1520	517
38	1560	507
39	1600	461
40	1640	539
41	1680	529
42	1720	516
43	1760	522
44	1800	499
45	1840	506
46	1880	538
47	1920	519
48	1960	528
49	2000	536
50	2040	496
51	2080	534
52	2120	537
53	2160	509
54	2200	495
55	2240	463
56	2280	499
57	2320	481
58	2360	489
59	2400	519
60	2440	493
61	2480	549
62	2520	570
63	2560	509
64	2600	550
65	2640	533
66	2680	502
67	2720	465
68	2760	534
69	2800	497
70	2840	489
71	2880	501
72	2920	548
73	2960	535
74	3000	497
75	3040	504
76	3080	538
77	3120	485
78	3160	538
79	3200	476
80	3240	500
81	3280	499
82	3320	530
83	3360	523
84	3400	511
85	3440	519
86	3480	510
87	3520	552
88	3560	489
89	3600	491
90	3640	513
91	3680	554
92	3720	502
93	3760	491
94	3800	538
95	3840	478
96	3880	495
97	3920	490
98	3960	544
99	4000	501
Mean	Std. Dev.
510.050	24.458
Angle (deg)	60
Gate  No.	Time [ms]	Counts
0	40	627
1	80	661
2	120	689
3	160	656
4	200	696
5	240	648
6	280	674
7	320	636
8	360	661
9	400	679
10	440	617
11	480	628
12	520	621
13	560	656
14	600	648
15	640	616
16	680	687
17	720	655
18	760	649
19	800	625
20	840	639
21	880	656
22	920	680
23	960	679
24	1000	673
25	1040	664
26	1080	621
27	1120	631
28	1160	621
29	1200	619
30	1240	697
31	1280	682
32	1320	670
33	1360	644
34	1400	698
35	1440	665
36	1480	613
37	1520	688
38	1560	655
39	1600	637
40	1640	694
41	1680	667
42	1720	699
43	1760	616
44	1800	721
45	1840	681
46	1880	666
47	1920	706
48	1960	650
49	2000	653
50	2040	666
51	2080	677
52	2120	685
53	2160	646
54	2200	671
55	2240	647
56	2280	658
57	2320	680
58	2360	690
59	2400	668
60	2440	655
61	2480	699
62	2520	722
63	2560	664
64	2600	689
65	2640	710
66	2680	650
67	2720	651
68	2760	643
69	2800	627
70	2840	691
71	2880	667
72	2920	662
73	2960	685
74	3000	689
75	3040	644
76	3080	649
77	3120	726
78	3160	618
79	3200	666
80	3240	682
81	3280	652
82	3320	654
83	3360	658
84	3400	673
85	3440	662
86	3480	704
87	3520	688
88	3560	649
89	3600	658
90	3640	679
91	3680	650
92	3720	631
93	3760	677
94	3800	660
95	3840	688
96	3880	678
97	3920	679
98	3960	665
99	4000	738
Mean	Std. Dev.
664.340	26.863
Angle (deg)	62
Gate  No.	Time [ms]	Counts
0	40	800
1	80	782
2	120	757
3	160	815
4	200	815
5	240	784
6	280	824
7	320	794
8	360	817
9	400	782
10	440	882
11	480	779
12	520	797
13	560	758
14	600	774
15	640	769
16	680	838
17	720	819
18	760	800
19	800	791
20	840	764
21	880	779
22	920	829
23	960	775
24	1000	768
25	1040	804
26	1080	809
27	1120	824
28	1160	790
29	1200	813
30	1240	789
31	1280	833
32	1320	775
33	1360	774
34	1400	769
35	1440	780
36	1480	759
37	1520	748
38	1560	786
39	1600	742
40	1640	821
41	1680	786
42	1720	770
43	1760	825
44	1800	811
45	1840	811
46	1880	816
47	1920	814
48	1960	788
49	2000	805
50	2040	788
51	2080	777
52	2120	747
53	2160	809
54	2200	777
55	2240	807
56	2280	791
57	2320	818
58	2360	785
59	2400	842
60	2440	765
61	2480	859
62	2520	856
63	2560	770
64	2600	763
65	2640	780
66	2680	801
67	2720	803
68	2760	800
69	2800	751
70	2840	746
71	2880	802
72	2920	812
73	2960	799
74	3000	834
75	3040	798
76	3080	799
77	3120	813
78	3160	869
79	3200	837
80	3240	822
81	3280	841
82	3320	784
83	3360	801
84	3400	794
85	3440	788
86	3480	838
87	3520	791
88	3560	772
89	3600	791
90	3640	794
91	3680	792
92	3720	819
93	3760	783
94	3800	771
95	3840	808
96	3880	764
97	3920	807
98	3960	821
99	4000	763
Mean	Std. Dev.
796.760	27.581
Angle (deg)	65
Gate  No.	Time [ms]	Counts
0	40	901
1	80	914
2	120	884
3	160	954
4	200	927
5	240	873
6	280	876
7	320	904
8	360	941
9	400	950
10	440	928
11	480	912
12	520	949
13	560	933
14	600	948
15	640	879
16	680	883
17	720	895
18	760	924
19	800	954
20	840	901
21	880	892
22	920	907
23	960	882
24	1000	903
25	1040	914
26	1080	876
27	1120	893
28	1160	868
29	1200	952
30	1240	868
31	1280	915
32	1320	953
33	1360	886
34	1400	868
35	1440	950
36	1480	839
37	1520	895
38	1560	938
39	1600	880
40	1640	935
41	1680	904
42	1720	915
43	1760	879
44	1800	930
45	1840	938
46	1880	930
47	1920	981
48	1960	877
49	2000	865
50	2040	918
51	2080	854
52	2120	885
53	2160	873
54	2200	943
55	2240	926
56	2280	894
57	2320	921
58	2360	872
59	2400	983
60	2440	842
61	2480	921
62	2520	906
63	2560	927
64	2600	910
65	2640	882
66	2680	892
67	2720	957
68	2760	890
69	2800	880
70	2840	887
71	2880	930
72	2920	870
73	2960	928
74	3000	883
75	3040	844
76	3080	903
77	3120	961
78	3160	893
79	3200	923
80	3240	905
81	3280	952
82	3320	911
83	3360	924
84	3400	1014
85	3440	914
86	3480	868
87	3520	958
88	3560	920
89	3600	848
90	3640	858
91	3680	848
92	3720	951
93	3760	827
94	3800	967
95	3840	913
96	3880	910
97	3920	910
98	3960	960
99	4000	958
Mean	Std. Dev.
908.770	35.732
Angle (deg)	68
Gate  No.	Time [ms]	Counts
0	40	997
1	80	1017
2	120	1018
3	160	937
4	200	958
5	240	949
6	280	1002
7	320	971
8	360	993
9	400	978
10	440	969
11	480	930
12	520	968
13	560	949
14	600	982
15	640	969
16	680	958
17	720	967
18	760	943
19	800	964
20	840	956
21	880	931
22	920	928
23	960	1041
24	1000	1000
25	1040	929
26	1080	928
27	1120	977
28	1160	968
29	1200	982
30	1240	951
31	1280	936
32	1320	885
33	1360	957
34	1400	962
35	1440	957
36	1480	1023
37	1520	1002
38	1560	998
39	1600	980
40	1640	995
41	1680	998
42	1720	998
43	1760	946
44	1800	967
45	1840	992
46	1880	1015
47	1920	953
48	1960	974
49	2000	959
50	2040	996
51	2080	1093
52	2120	988
53	2160	937
54	2200	987
55	2240	956
56	2280	952
57	2320	947
58	2360	1014
59	2400	998
60	2440	952
61	2480	1018
62	2520	992
63	2560	960
64	2600	987
65	2640	1004
66	2680	973
67	2720	947
68	2760	1013
69	2800	959
70	2840	1019
71	2880	956
72	2920	1007
73	2960	1029
74	3000	942
75	3040	951
76	3080	955
77	3120	1024
78	3160	944
79	3200	934
80	3240	966
81	3280	944
82	3320	981
83	3360	1041
84	3400	939
85	3440	943
86	3480	990
87	3520	945
88	3560	980
89	3600	932
90	3640	985
91	3680	965
92	3720	990
93	3760	969
94	3800	986
95	3840	964
96	3880	996
97	3920	971
98	3960	962
99	4000	972
Mean	Std. Dev.
973.620	31.288
Angle (deg)	70
Gate  No.	Time [ms]	Counts
0	40	994
1	80	985
2	120	952
3	160	953
4	200	983
5	240	916
6	280	1021
7	320	979
8	360	985
9	400	975
10	440	913
11	480	976
12	520	964
13	560	1011
14	600	974
15	640	966
16	680	989
17	720	981
18	760	956
19	800	972
20	840	947
21	880	951
22	920	1014
23	960	952
24	1000	1000
25	1040	1002
26	1080	931
27	1120	958
28	1160	986
29	1200	961
30	1240	975
31	1280	990
32	1320	1025
33	1360	1023
34	1400	1005
35	1440	925
36	1480	1009
37	1520	1029
38	1560	939
39	1600	994
40	1640	948
41	1680	1004
42	1720	963
43	1760	975
44	1800	1028
45	1840	932
46	1880	932
47	1920	1012
48	1960	996
49	2000	1005
50	2040	946
51	2080	948
52	2120	976
53	2160	983
54	2200	1003
55	2240	998
56	2280	970
57	2320	938
58	2360	938
59	2400	990
60	2440	938
61	2480	936
62	2520	1034
63	2560	982
64	2600	966
65	2640	1026
66	2680	984
67	2720	930
68	2760	1026
69	2800	941
70	2840	964
71	2880	1022
72	2920	1039
73	2960	940
74	3000	1050
75	3040	965
76	3080	1009
77	3120	981
78	3160	975
79	3200	994
80	3240	974
81	3280	974
82	3320	963
83	3360	947
84	3400	1005
85	3440	954
86	3480	963
87	3520	984
88	3560	965
89	3600	973
90	3640	995
91	3680	976
92	3720	949
93	3760	985
94	3800	960
95	3840	1010
96	3880	953
97	3920	1005
98	3960	920
99	4000	1017
Mean	Std. Dev.
977.200	30.540
Angle (deg)	72
Gate  No.	Time [ms]	Counts
0	40	931
1	80	939
2	120	997
3	160	916
4	200	1003
5	240	957
6	280	980
7	320	972
8	360	936
9	400	951
10	440	967
11	480	971
12	520	978
13	560	980
14	600	911
15	640	918
16	680	946
17	720	941
18	760	886
19	800	941
20	840	946
21	880	978
22	920	1002
23	960	944
24	1000	918
25	1040	956
26	1080	917
27	1120	910
28	1160	838
29	1200	998
30	1240	939
31	1280	932
32	1320	930
33	1360	946
34	1400	942
35	1440	928
36	1480	911
37	1520	943
38	1560	968
39	1600	962
40	1640	975
41	1680	898
42	1720	955
43	1760	887
44	1800	917
45	1840	898
46	1880	975
47	1920	918
48	1960	919
49	2000	879
50	2040	971
51	2080	993
52	2120	924
53	2160	973
54	2200	959
55	2240	936
56	2280	951
57	2320	936
58	2360	957
59	2400	961
60	2440	952
61	2480	921
62	2520	945
63	2560	936
64	2600	960
65	2640	928
66	2680	921
67	2720	894
68	2760	951
69	2800	916
70	2840	957
71	2880	910
72	2920	891
73	2960	950
74	3000	944
75	3040	877
76	3080	999
77	3120	994
78	3160	961
79	3200	975
80	3240	959
81	3280	993
82	3320	929
83	3360	909
84	3400	911
85	3440	913
86	3480	938
87	3520	931
88	3560	955
89	3600	930
90	3640	980
91	3680	940
92	3720	907
93	3760	916
94	3800	967
95	3840	975
96	3880	957
97	3920	908
98	3960	975
99	4000	937
Mean	Std. Dev.
942.230	31.420
Angle (deg)	75
Gate  No.	Time [ms]	Counts
0	40	879
1	80	864
2	120	875
3	160	889
4	200	857
5	240	839
6	280	809
7	320	823
8	360	871
9	400	861
10	440	833
11	480	902
12	520	818
13	560	871
14	600	809
15	640	800
16	680	799
17	720	812
18	760	811
19	800	796
20	840	850
21	880	899
22	920	802
23	960	879
24	1000	864
25	1040	820
26	1080	819
27	1120	817
28	1160	852
29	1200	784
30	1240	811
31	1280	846
32	1320	850
33	1360	878
34	1400	853
35	1440	852
36	1480	843
37	1520	872
38	1560	859
39	1600	872
40	1640	804
41	1680	799
42	1720	896
43	1760	808
44	1800	881
45	1840	794
46	1880	831
47	1920	867
48	1960	841
49	2000	816
50	2040	823
51	2080	908
52	2120	869
53	2160	836
54	2200	893
55	2240	853
56	2280	845
57	2320	898
58	2360	815
59	2400	826
60	2440	836
61	2480	825
62	2520	855
63	2560	825
64	2600	856
65	2640	798
66	2680	819
67	2720	770
68	2760	801
69	2800	826
70	2840	875
71	2880	824
72	2920	830
73	2960	865
74	3000	880
75	3040	839
76	3080	889
77	3120	831
78	3160	871
79	3200	893
80	3240	795
81	3280	841
82	3320	880
83	3360	826
84	3400	831
85	3440	838
86	3480	852
87	3520	816
88	3560	879
89	3600	817
90	3640	835
91	3680	842
92	3720	928
93	3760	854
94	3800	852
95	3840	867
96	3880	789
97	3920	883
98	3960	882
99	4000	879
Mean	Std. Dev.
844.370	32.595
Angle (deg)	78
Gate  No.	Time [ms]	Counts
0	40	722
1	80	744
2	120	673
3	160	677
4	200	756
5	240	702
6	280	706
7	320	752
8	360	737
9	400	732
10	440	766
11	480	728
12	520	742
13	560	697
14	600	760
15	640	709
16	680	747
17	720	718
18	760	754
19	800	691
20	840	680
21	880	699
22	920	800
23	960	717
24	1000	739
25	1040	747
26	1080	727
27	1120	710
28	1160	735
29	1200	759
30	1240	728
31	1280	721
32	1320	718
33	1360	722
34	1400	733
35	1440	702
36	1480	738
37	1520	670
38	1560	737
39	1600	732
40	1640	674
41	1680	732
42	1720	691
43	1760	749
44	1800	757
45	1840	722
46	1880	665
47	1920	711
48	1960	696
49	2000	724
50	2040	789
51	2080	711
52	2120	722
53	2160	754
54	2200	711
55	2240	661
56	2280	708
57	2320	741
58	2360	678
59	2400	723
60	2440	690
61	2480	712
62	2520	676
63	2560	738
64	2600	639
65	2640	733
66	2680	680
67	2720	726
68	2760	718
69	2800	688
70	2840	715
71	2880	697
72	2920	737
73	2960	765
74	3000	729
75	3040	698
76	3080	724
77	3120	703
78	3160	721
79	3200	689
80	3240	746
81	3280	727
82	3320	669
83	3360	707
84	3400	682
85	3440	674
86	3480	715
87	3520	726
88	3560	682
89	3600	673
90	3640	728
91	3680	702
92	3720	729
93	3760	712
94	3800	696
95	3840	702
96	3880	678
97	3920	753
98	3960	771
99	4000	685
Mean	Std. Dev.
716.810	29.632
Angle (deg)	80
Gate  No.	Time [ms]	Counts
0	40	603
1	80	579
2	120	561
3	160	579
4	200	549
5	240	562
6	280	576
7	320	602
8	360	559
9	400	539
10	440	574
11	480	615
12	520	561
13	560	585
14	600	580
15	640	589
16	680	576
17	720	578
18	760	590
19	800	632
20	840	602
21	880	613
22	920	593
23	960	547
24	1000	556
25	1040	588
26	1080	566
27	1120	601
28	1160	547
29	1200	576
30	1240	528
31	1280	607
32	1320	525
33	1360	551
34	1400	602
35	1440	544
36	1480	535
37	1520	615
38	1560	560
39	1600	533
40	1640	595
41	1680	556
42	1720	598
43	1760	615
44	1800	596
45	1840	524
46	1880	611
47	1920	575
48	1960	614
49	2000	605
50	2040	569
51	2080	569
52	2120	561
53	2160	552
54	2200	602
55	2240	539
56	2280	600
57	2320	530
58	2360	571
59	2400	568
60	2440	589
61	2480	541
62	2520	608
63	2560	555
64	2600	565
65	2640	537
66	2680	563
67	2720	592
68	2760	549
69	2800	562
70	2840	547
71	2880	585
72	2920	547
73	2960	566
74	3000	566
75	3040	582
76	3080	556
77	3120	606
78	3160	578
79	3200	597
80	3240	565
81	3280	602
82	3320	578
83	3360	580
84	3400	573
85	3440	555
86	3480	543
87	3520	571
88	3560	557
89	3600	558
90	3640	578
91	3680	552
92	3720	578
93	3760	615
94	3800	551
95	3840	556
96	3880	580
97	3920	573
98	3960	605
99	4000	607
Mean	Std. Dev.
573.960	24.756
Angle (deg)	82
Gate  No.	Time [ms]	Counts
0	40	454
1	80	459
2	120	442
3	160	454
4	200	406
5	240	435
6	280	452
7	320	445
8	360	417
9	400	426
10	440	447
11	480	445
12	520	426
13	560	411
14	600	407
15	640	450
16	680	447
17	720	401
18	760	442
19	800	395
20	840	419
21	880	403
22	920	445
23	960	414
24	1000	395
25	1040	436
26	1080	401
27	1120	408
28	1160	421
29	1200	428
30	1240	442
31	1280	390
32	1320	425
33	1360	445
34	1400	425
35	1440	470
36	1480	404
37	1520	417
38	1560	457
39	1600	432
40	1640	432
41	1680	411
42	1720	412
43	1760	406
44	1800	441
45	1840	395
46	1880	437
47	1920	415
48	1960	392
49	2000	426
50	2040	443
51	2080	442
52	2120	429
53	2160	424
54	2200	455
55	2240	424
56	2280	409
57	2320	404
58	2360	391
59	2400	456
60	2440	433
61	2480	431
62	2520	445
63	2560	455
64	2600	431
65	2640	463
66	2680	389
67	2720	403
68	2760	398
69	2800	454
70	2840	433
71	2880	433
72	2920	462
73	2960	418
74	3000	461
75	3040	484
76	3080	440
77	3120	475
78	3160	442
79	3200	450
80	3240	426
81	3280	427
82	3320	467
83	3360	426
84	3400	445
85	3440	448
86	3480	437
87	3520	450
88	3560	390
89	3600	422
90	3640	442
91	3680	440
92	3720	427
93	3760	414
94	3800	470
95	3840	396
96	3880	428
97	3920	459
98	3960	414
99	4000	381
Mean	Std. Dev.
429.910	22.552
Angle (deg)	85
Gate  No.	Time [ms]	Counts
0	40	301
1	80	307
2	120	283
3	160	313
4	200	320
5	240	331
6	280	302
7	320	286
8	360	304
9	400	309
10	440	295
11	480	335
12	520	311
13	560	337
14	600	302
15	640	279
16	680	312
17	720	287
18	760	294
19	800	306
20	840	319
21	880	309
22	920	286
23	960	308
24	1000	292
25	1040	288
26	1080	313
27	1120	313
28	1160	329
29	1200	320
30	1240	302
31	1280	310
32	1320	328
33	1360	337
34	1400	342
35	1440	299
36	1480	321
37	1520	288
38	1560	314
39	1600	278
40	1640	292
41	1680	299
42	1720	315
43	1760	274
44	1800	308
45	1840	309
46	1880	305
47	1920	289
48	1960	320
49	2000	309
50	2040	291
51	2080	323
52	2120	293
53	2160	303
54	2200	288
55	2240	321
56	2280	311
57	2320	301
58	2360	305
59	2400	286
60	2440	323
61	2480	331
62	2520	324
63	2560	309
64	2600	313
65	2640	307
66	2680	302
67	2720	335
68	2760	304
69	2800	279
70	2840	304
71	2880	294
72	2920	307
73	2960	329
74	3000	264
75	3040	304
76	3080	330
77	3120	309
78	3160	317
79	3200	339
80	3240	310
81	3280	312
82	3320	295
83	3360	343
84	3400	283
85	3440	318
86	3480	283
87	3520	306
88	3560	308
89	3600	329
90	3640	291
91	3680	337
92	3720	307
93	3760	336
94	3800	344
95	3840	311
96	3880	278
97	3920	320
98	3960	323
99	4000	292
Mean	Std. Dev.
308.020	17.350
Angle (deg)	88
Gate  No.	Time [ms]	Counts
0	40	228
1	80	220
2	120	244
3	160	240
4	200	233
5	240	197
6	280	207
7	320	248
8	360	229
9	400	230
10	440	230
11	480	223
12	520	258
13	560	248
14	600	223
15	640	257
16	680	223
17	720	242
18	760	237
19	800	222
20	840	234
21	880	237
22	920	221
23	960	237
24	1000	264
25	1040	213
26	1080	222
27	1120	235
28	1160	204
29	1200	213
30	1240	229
31	1280	232
32	1320	211
33	1360	229
34	1400	239
35	1440	224
36	1480	237
37	1520	243
38	1560	229
39	1600	229
40	1640	237
41	1680	201
42	1720	219
43	1760	212
44	1800	219
45	1840	236
46	1880	234
47	1920	231
48	1960	207
49	2000	254
50	2040	222
51	2080	197
52	2120	244
53	2160	226
54	2200	208
55	2240	247
56	2280	250
57	2320	209
58	2360	212
59	2400	224
60	2440	223
61	2480	222
62	2520	251
63	2560	210
64	2600	201
65	2640	214
66	2680	199
67	2720	247
68	2760	224
69	2800	199
70	2840	250
71	2880	217
72	2920	245
73	2960	227
74	3000	231
75	3040	234
76	3080	228
77	3120	234
78	3160	224
79	3200	236
80	3240	218
81	3280	205
82	3320	231
83	3360	246
84	3400	232
85	3440	225
86	3480	210
87	3520	220
88	3560	219
89	3600	246
90	3640	211
91	3680	232
92	3720	264
93	3760	208
94	3800	248
95	3840	237
96	3880	217
97	3920	218
98	3960	270
99	4000	247
Mean	Std. Dev.
228.300	16.010
Angle (deg)	90
Gate  No.	Time [ms]	Counts
0	40	203
1	80	207
2	120	217
3	160	222
4	200	238
5	240	227
6	280	207
7	320	217
8	360	182
9	400	212
10	440	220
11	480	222
12	520	220
13	560	220
14	600	233
15	640	183
16	680	217
17	720	216
18	760	208
19	800	196
20	840	232
21	880	223
22	920	209
23	960	229
24	1000	214
25	1040	214
26	1080	215
27	1120	221
28	1160	205
29	1200	214
30	1240	201
31	1280	206
32	1320	213
33	1360	204
34	1400	207
35	1440	194
36	1480	226
37	1520	226
38	1560	203
39	1600	205
40	1640	194
41	1680	238
42	1720	213
43	1760	192
44	1800	227
45	1840	199
46	1880	227
47	1920	234
48	1960	205
49	2000	205
50	2040	207
51	2080	218
52	2120	212
53	2160	218
54	2200	228
55	2240	192
56	2280	192
57	2320	220
58	2360	228
59	2400	194
60	2440	201
61	2480	202
62	2520	220
63	2560	257
64	2600	218
65	2640	204
66	2680	220
67	2720	188
68	2760	237
69	2800	204
70	2840	214
71	2880	215
72	2920	240
73	2960	221
74	3000	206
75	3040	245
76	3080	197
77	3120	206
78	3160	246
79	3200	195
80	3240	211
81	3280	204
82	3320	201
83	3360	211
84	3400	204
85	3440	222
86	3480	220
87	3520	220
88	3560	240
89	3600	214
90	3640	194
91	3680	220
92	3720	213
93	3760	221
94	3800	236
95	3840	184
96	3880	228
97	3920	218
98	3960	221
99	4000	228
Mean	Std. Dev.
214.170	14.611
Angle (deg)	92
Gate  No.	Time [ms]	Counts
0	40	292
1	80	261
2	120	265
3	160	273
4	200	293
5	240	283
6	280	275
7	320	252
8	360	243
9	400	311
10	440	288
11	480	295
12	520	262
13	560	281
14	600	305
15	640	267
16	680	249
17	720	288
18	760	290
19	800	284
20	840	276
21	880	257
22	920	307
23	960	269
24	1000	279
25	1040	298
26	1080	257
27	1120	264
28	1160	269
29	1200	281
30	1240	294
31	1280	280
32	1320	255
33	1360	276
34	1400	257
35	1440	290
36	1480	262
37	1520	281
38	1560	276
39	1600	280
40	1640	304
41	1680	260
42	1720	266
43	1760	308
44	1800	246
45	1840	285
46	1880	266
47	1920	283
48	1960	262
49	2000	273
50	2040	274
51	2080	244
52	2120	261
53	2160	247
54	2200	282
55	2240	282
56	2280	307
57	2320	277
58	2360	267
59	2400	274
60	2440	254
61	2480	259
62	2520	281
63	2560	278
64	2600	300
65	2640	273
66	2680	258
67	2720	250
68	2760	289
69	2800	275
70	2840	295
71	2880	283
72	2920	266
73	2960	299
74	3000	290
75	3040	280
76	3080	274
77	3120	280
78	3160	238
79	3200	270
80	3240	294
81	3280	262
82	3320	264
83	3360	285
84	3400	236
85	3440	294
86	3480	320
87	3520	271
88	3560	263
89	3600	275
90	3640	278
91	3680	276
92	3720	284
93	3760	276
94	3800	301
95	3840	275
96	3880	298
97	3920	261
98	3960	278
99	4000	251
Mean	Std. Dev.
275.670	17.256
Angle (deg)	95
Gate  No.	Time [ms]	Counts
0	40	406
1	80	401
2	120	411
3	160	383
4	200	421
5	240	398
6	280	422
7	320	470
8	360	423
9	400	415
10	440	450
11	480	439
12	520	446
13	560	464
14	600	429
15	640	412
16	680	441
17	720	402
18	760	416
19	800	416
20	840	412
21	880	431
22	920	457
23	960	442
24	1000	425
25	1040	397
26	1080	441
27	1120	432
28	1160	429
29	1200	461
30	1240	419
31	1280	414
32	1320	483
33	1360	406
34	1400	420
35	1440	453
36	1480	434
37	1520	473
38	1560	456
39	1600	455
40	1640	400
41	1680	415
42	1720	415
43	1760	422
44	1800	428
45	1840	435
46	1880	414
47	1920	429
48	1960	394
49	2000	461
50	2040	430
51	2080	434
52	2120	439
53	2160	422
54	2200	416
55	2240	444
56	2280	446
57	2320	435
58	2360	386
59	2400	450
60	2440	412
61	2480	429
62	2520	391
63	2560	448
64	2600	428
65	2640	404
66	2680	420
67	2720	439
68	2760	419
69	2800	431
70	2840	436
71	2880	371
72	2920	447
73	2960	393
74	3000	388
75	3040	433
76	3080	405
77	3120	397
78	3160	418
79	3200	424
80	3240	419
81	3280	383
82	3320	467
83	3360	483
84	3400	439
85	3440	421
86	3480	428
87	3520	448
88	3560	384
89	3600	405
90	3640	442
91	3680	420
92	3720	472
93	3760	461
94	3800	433
95	3840	438
96	3880	433
97	3920	430
98	3960	434
99	4000	432
Mean	Std. Dev.
427.250	23.067
Angle (deg)	98
Gate  No.	Time [ms]	Counts
0	40	657
1	80	690
2	120	722
3	160	655
4	200	706
5	240	664
6	280	668
7	320	662
8	360	689
9	400	658
10	440	671
11	480	705
12	520	647
13	560	665
14	600	673
15	640	720
16	680	647
17	720	747
18	760	679
19	800	638
20	840	689
21	880	634
22	920	659
23	960	689
24	1000	666
25	1040	682
26	1080	694
27	1120	658
28	1160	645
29	1200	696
30	1240	631
31	1280	620
32	1320	645
33	1360	670
34	1400	684
35	1440	655
36	1480	634
37	1520	642
38	1560	649
39	1600	696
40	1640	661
41	1680	661
42	1720	667
43	1760	622
44	1800	687
45	1840	654
46	1880	677
47	1920	670
48	1960	663
49	2000	745
50	2040	621
51	2080	690
52	2120	656
53	2160	702
54	2200	673
55	2240	635
56	2280	699
57	2320	686
58	2360	647
59	2400	659
60	2440	675
61	2480	682
62	2520	652
63	2560	670
64	2600	678
65	2640	658
66	2680	654
67	2720	664
68	2760	689
69	2800	697
70	2840	648
71	2880	625
72	2920	717
73	2960	658
74	3000	705
75	3040	707
76	3080	659
77	3120	656
78	3160	632
79	3200	679
80	3240	598
81	3280	626
82	3320	684
83	3360	679
84	3400	686
85	3440	717
86	3480	665
87	3520	680
88	3560	705
89	3600	683
90	3640	678
91	3680	673
92	3720	696
93	3760	735
94	3800	658
95	3840	682
96	3880	648
97	3920	700
98	3960	696
99	4000	649
Mean	Std. Dev.
671.190	27.701
Angle (deg)	100
Gate  No.	Time [ms]	Counts
0	40	1080
1	80	1007
2	120	968
3	160	979
4	200	1054
5	240	1000
6	280	980
7	320	1071
8	360	997
9	400	1126
10	440	1014
11	480	1069
12	520	1005
13	560	1013
14	600	1013
15	640	930
16	680	1053
17	720	989
18	760	1042
19	800	1010
20	840	1013
21	880	964
22	920	1043
23	960	1029
24	1000	989
25	1040	974
26	1080	1029
27	1120	1011
28	1160	1005
29	1200	967
30	1240	923
31	1280	1041
32	1320	1007
33	1360	1008
34	1400	965
35	1440	1027
36	1480	1025
37	1520	1031
38	1560	1077
39	1600	1000
40	1640	978
41	1680	1008
42	1720	956
43	1760	1045
44	1800	973
45	1840	995
46	1880	926
47	1920	1063
48	1960	975
49	2000	1024
50	2040	977
51	2080	1011
52	2120	1005
53	2160	1004
54	2200	1011
55	2240	1018
56	2280	1016
57	2320	994
58	2360	1002
59	2400	991
60	2440	987
61	2480	1036
62	2520	1000
63	2560	1002
64	2600	1037
65	2640	967
66	2680	1030
67	2720	1007
68	2760	1021
69	2800	1037
70	2840	990
71	2880	984
72	2920	1056
73	2960	1023
74	3000	996
75	3040	1037
76	3080	1044
77	3120	1037
78	3160	1049
79	3200	1011
80	3240	968
81	3280	1037
82	3320	968
83	3360	993
84	3400	1058
85	3440	1021
86	3480	1014
87	3520	1013
88	3560	970
89	3600	1023
90	3640	1042
91	3680	1061
92	3720	1004
93	3760	1024
94	3800	1058
95	3840	1038
96	3880	995
97	3920	999
98	3960	990
99	4000	1006
Mean	Std. Dev.
1011.330	33.935
Angle (deg)	102
Gate  No.	Time [ms]	Counts
0	40	1464
1	80	1429
2	120	1436
3	160	1410
4	200	1412
5	240	1418
6	280	1430
7	320	1370
8	360	1417
9	400	1395
10	440	1447
11	480	1392
12	520	1401
13	560	1461
14	600	1462
15	640	1399
16	680	1442
17	720	1422
18	760	1440
19	800	1431
20	840	1407
21	880	1497
22	920	1413
23	960	1410
24	1000	1418
25	1040	1444
26	1080	1408
27	1120	1456
28	1160	1454
29	1200	1447
30	1240	1425
31	1280	1488
32	1320	1430
33	1360	1430
34	1400	1420
35	1440	1481
36	1480	1454
37	1520	1460
38	1560	1417
39	1600	1363
40	1640	1500
41	1680	1365
42	1720	1380
43	1760	1479
44	1800	1442
45	1840	1407
46	1880	1507
47	1920	1399
48	1960	1410
49	2000	1383
50	2040	1452
51	2080	1426
52	2120	1438
53	2160	1451
54	2200	1433
55	2240	1393
56	2280	1444
57	2320	1367
58	2360	1429
59	2400	1471
60	2440	1412
61	2480	1446
62	2520	1385
63	2560	1404
64	2600	1464
65	2640	1539
66	2680	1395
67	2720	1508
68	2760	1404
69	2800	1424
70	2840	1475
71	2880	1414
72	2920	1435
73	2960	1412
74	3000	1465
75	3040	1366
76	3080	1444
77	3120	1468
78	3160	1417
79	3200	1418
80	3240	1423
81	3280	1432
82	3320	1442
83	3360	1440
84	3400	1435
85	3440	1460
86	3480	1372
87	3520	1353
88	3560	1425
89	3600	1452
90	3640	1462
91	3680	1441
92	3720	1447
93	3760	1452
94	3800	1432
95	3840	1505
96	3880	1487
97	3920	1463
98	3960	1479
99	4000	1470
Mean	Std. Dev.
1433.430	35.616
Angle (deg)	105
Gate  No.	Time [ms]	Counts
0	40	1924
1	80	1877
2	120	1962
3	160	1917
4	200	1959
5	240	1943
6	280	1950
7	320	1900
8	360	1856
9	400	1873
10	440	1925
11	480	1960
12	520	1889
13	560	1894
14	600	1921
15	640	1931
16	680	1890
17	720	1941
18	760	1928
19	800	1953
20	840	1946
21	880	1884
22	920	1953
23	960	1934
24	1000	1848
25	1040	1948
26	1080	1908
27	1120	1949
28	1160	1934
29	1200	1865
30	1240	1838
31	1280	1858
32	1320	1907
33	1360	1984
34	1400	1972
35	1440	1913
36	1480	1997
37	1520	1941
38	1560	1884
39	1600	1973
40	1640	1854
41	1680	1923
42	1720	1936
43	1760	1878
44	1800	1910
45	1840	1930
46	1880	1861
47	1920	1952
48	1960	1949
49	2000	1975
50	2040	1894
51	2080	1868
52	2120	1911
53	2160	1898
54	2200	1907
55	2240	1830
56	2280	1983
57	2320	1929
58	2360	1874
59	2400	1911
60	2440	1931
61	2480	1968
62	2520	1878
63	2560	1920
64	2600	1988
65	2640	1860
66	2680	1944
67	2720	1880
68	2760	2077
69	2800	1960
70	2840	1958
71	2880	1969
72	2920	1977
73	2960	1897
74	3000	1952
75	3040	1897
76	3080	1913
77	3120	1955
78	3160	1913
79	3200	1813
80	3240	1884
81	3280	1965
82	3320	1869
83	3360	1936
84	3400	1964
85	3440	1936
86	3480	1920
87	3520	1997
88	3560	1837
89	3600	2035
90	3640	1921
91	3680	1924
92	3720	1916
93	3760	1927
94	3800	1958
95	3840	1970
96	3880	1958
97	3920	1987
98	3960	1983
99	4000	1866
Mean	Std. Dev.
1924.050	45.669
Angle (deg)	108
Gate  No.	Time [ms]	Counts
0	40	2458
1	80	2445
2	120	2505
3	160	2450
4	200	2461
5	240	2511
6	280	2470
7	320	2415
8	360	2371
9	400	2409
10	440	2429
11	480	2512
12	520	2380
13	560	2485
14	600	2491
15	640	2336
16	680	2442
17	720	2458
18	760	2455
19	800	2388
20	840	2395
21	880	2346
22	920	2399
23	960	2441
24	1000	2409
25	1040	2532
26	1080	2474
27	1120	2441
28	1160	2488
29	1200	2459
30	1240	2368
31	1280	2471
32	1320	2475
33	1360	2449
34	1400	2392
35	1440	2502
36	1480	2417
37	1520	2435
38	1560	2471
39	1600	2386
40	1640	2436
41	1680	2490
42	1720	2449
43	1760	2489
44	1800	2461
45	1840	2523
46	1880	2416
47	1920	2456
48	1960	2371
49	2000	2590
50	2040	2479
51	2080	2415
52	2120	2564
53	2160	2385
54	2200	2430
55	2240	2454
56	2280	2464
57	2320	2401
58	2360	2412
59	2400	2497
60	2440	2451
61	2480	2485
62	2520	2465
63	2560	2376
64	2600	2485
65	2640	2431
66	2680	2469
67	2720	2539
68	2760	2508
69	2800	2481
70	2840	2425
71	2880	2478
72	2920	2461
73	2960	2473
74	3000	2443
75	3040	2557
76	3080	2502
77	3120	2414
78	3160	2401
79	3200	2437
80	3240	2502
81	3280	2480
82	3320	2384
83	3360	2450
84	3400	2348
85	3440	2519
86	3480	2356
87	3520	2376
88	3560	2513
89	3600	2366
90	3640	2513
91	3680	2508
92	3720	2505
93	3760	2454
94	3800	2440
95	3840	2385
96	3880	2429
97	3920	2411
98	3960	2494
99	4000	2442
Mean	Std. Dev.
2449.590	51.494
Angle (deg)	110
Gate  No.	Time [ms]	Counts
0	40	3014
1	80	2935
2	120	2929
3	160	2964
4	200	3033
5	240	3065
6	280	2938
7	320	3058
8	360	3100
9	400	2917
10	440	3067
11	480	3003
12	520	2951
13	560	2840
14	600	3014
15	640	2995
16	680	2987
17	720	2949
18	760	2950
19	800	3004
20	840	2987
21	880	2972
22	920	3099
23	960	3045
24	1000	2925
25	1040	2984
26	1080	2994
27	1120	2993
28	1160	3029
29	1200	2906
30	1240	3097
31	1280	2972
32	1320	3011
33	1360	2971
34	1400	3006
35	1440	2960
36	1480	2930
37	1520	3008
38	1560	2952
39	1600	3018
40	1640	2945
41	1680	3020
42	1720	2988
43	1760	2947
44	1800	2898
45	1840	2944
46	1880	2897
47	1920	2982
48	1960	3033
49	2000	2959
50	2040	3014
51	2080	2945
52	2120	3006
53	2160	3031
54	2200	2928
55	2240	2973
56	2280	2885
57	2320	3072
58	2360	3074
59	2400	3010
60	2440	2973
61	2480	2919
62	2520	2921
63	2560	3029
64	2600	3095
65	2640	2970
66	2680	2962
67	2720	2985
68	2760	3073
69	2800	3065
70	2840	2987
71	2880	3015
72	2920	3003
73	2960	3055
74	3000	3091
75	3040	3005
76	3080	3116
77	3120	3100
78	3160	2948
79	3200	3038
80	3240	2998
81	3280	3056
82	3320	2987
83	3360	2959
84	3400	3050
85	3440	2921
86	3480	3034
87	3520	3007
88	3560	3059
89	3600	2934
90	3640	2973
91	3680	2969
92	3720	2994
93	3760	2947
94	3800	2875
95	3840	3054
96	3880	2900
97	3920	2998
98	3960	2939
99	4000	2932
Mean	Std. Dev.
2990.590	57.289
Angle (deg)	112
Gate  No.	Time [ms]	Counts
0	40	3547
1	80	3382
2	120	3419
3	160	3459
4	200	3436
5	240	3440
6	280	3409
7	320	3460
8	360	3450
9	400	3574
10	440	3529
11	480	3522
12	520	3463
13	560	3573
14	600	3580
15	640	3514
16	680	3325
17	720	3495
18	760	3541
19	800	3487
20	840	3525
21	880	3462
22	920	3535
23	960	3586
24	1000	3472
25	1040	3478
26	1080	3501
27	1120	3513
28	1160	3436
29	1200	3390
30	1240	3668
31	1280	3630
32	1320	3542
33	1360	3447
34	1400	3527
35	1440	3420
36	1480	3480
37	1520	3497
38	1560	3472
39	1600	3414
40	1640	3518
41	1680	3392
42	1720	3486
43	1760	3486
44	1800	3506
45	1840	3534
46	1880	3504
47	1920	3471
48	1960	3421
49	2000	3446
50	2040	3456
51	2080	3436
52	2120	3530
53	2160	3469
54	2200	3461
55	2240	3499
56	2280	3614
57	2320	3637
58	2360	3446
59	2400	3479
60	2440	3540
61	2480	3501
62	2520	3534
63	2560	3595
64	2600	3453
65	2640	3478
66	2680	3377
67	2720	3419
68	2760	3566
69	2800	3463
70	2840	3401
71	2880	3471
72	2920	3508
73	2960	3495
74	3000	3505
75	3040	3459
76	3080	3506
77	3120	3508
78	3160	3587
79	3200	3605
80	3240	3493
81	3280	3539
82	3320	3509
83	3360	3590
84	3400	3581
85	3440	3474
86	3480	3452
87	3520	3483
88	3560	3510
89	3600	3491
90	3640	3548
91	3680	3527
92	3720	3537
93	3760	3617
94	3800	3454
95	3840	3509
96	3880	3526
97	3920	3517
98	3960	3450
99	4000	3550
Mean	Std. Dev.
3497.190	61.722
Angle (deg)	115
Gate  No.	Time [ms]	Counts
0	40	4100
1	80	3943
2	120	3919
3	160	4082
4	200	4056
5	240	3967
6	280	3868
7	320	3959
8	360	4006
9	400	4025
10	440	3878
11	480	3959
12	520	3917
13	560	3970
14	600	3933
15	640	4000
16	680	4016
17	720	4023
18	760	3969
19	800	3963
20	840	3993
21	880	4020
22	920	3989
23	960	3931
24	1000	3916
25	1040	3992
26	1080	3980
27	1120	4020
28	1160	4029
29	1200	3885
30	1240	4092
31	1280	3918
32	1320	3995
33	1360	4030
34	1400	3918
35	1440	3930
36	1480	3881
37	1520	3858
38	1560	3988
39	1600	4095
40	1640	3967
41	1680	3998
42	1720	3957
43	1760	3981
44	1800	3957
45	1840	4027
46	1880	4112
47	1920	3840
48	1960	3965
49	2000	4054
50	2040	3925
51	2080	3957
52	2120	3962
53	2160	4122
54	2200	4053
55	2240	3928
56	2280	3943
57	2320	3996
58	2360	3982
59	2400	3915
60	2440	4013
61	2480	4034
62	2520	3940
63	2560	3939
64	2600	4045
65	2640	3887
66	2680	4014
67	2720	4108
68	2760	3983
69	2800	3958
70	2840	3982
71	2880	4069
72	2920	3948
73	2960	4020
74	3000	4058
75	3040	4022
76	3080	4004
77	3120	3964
78	3160	3994
79	3200	3897
80	3240	3989
81	3280	3993
82	3320	3946
83	3360	3888
84	3400	3956
85	3440	4008
86	3480	4012
87	3520	3821
88	3560	3979
89	3600	3932
90	3640	3960
91	3680	3933
92	3720	4063
93	3760	3864
94	3800	3986
95	3840	3993
96	3880	3969
97	3920	3813
98	3960	4069
99	4000	3876
Mean	Std. Dev.
3975.830	64.704
Angle (deg)	118
Gate  No.	Time [ms]	Counts
0	40	4377
1	80	4401
2	120	4396
3	160	4538
4	200	4370
5	240	4446
6	280	4400
7	320	4325
8	360	4335
9	400	4509
10	440	4496
11	480	4462
12	520	4337
13	560	4461
14	600	4407
15	640	4452
16	680	4273
17	720	4389
18	760	4435
19	800	4478
20	840	4425
21	880	4514
22	920	4277
23	960	4631
24	1000	4417
25	1040	4383
26	1080	4468
27	1120	4486
28	1160	4373
29	1200	4386
30	1240	4407
31	1280	4392
32	1320	4336
33	1360	4294
34	1400	4437
35	1440	4386
36	1480	4357
37	1520	4420
38	1560	4285
39	1600	4431
40	1640	4389
41	1680	4333
42	1720	4427
43	1760	4374
44	1800	4514
45	1840	4347
46	1880	4284
47	1920	4494
48	1960	4306
49	2000	4382
50	2040	4451
51	2080	4335
52	2120	4442
53	2160	4440
54	2200	4443
55	2240	4437
56	2280	4281
57	2320	4351
58	2360	4515
59	2400	4370
60	2440	4416
61	2480	4468
62	2520	4360
63	2560	4282
64	2600	4341
65	2640	4205
66	2680	4328
67	2720	4457
68	2760	4412
69	2800	4379
70	2840	4303
71	2880	4483
72	2920	4437
73	2960	4469
74	3000	4390
75	3040	4401
76	3080	4407
77	3120	4395
78	3160	4344
79	3200	4394
80	3240	4363
81	3280	4321
82	3320	4348
83	3360	4320
84	3400	4292
85	3440	4400
86	3480	4379
87	3520	4398
88	3560	4433
89	3600	4331
90	3640	4332
91	3680	4444
92	3720	4317
93	3760	4453
94	3800	4308
95	3840	4370
96	3880	4423
97	3920	4375
98	3960	4253
99	4000	4312
Mean	Std. Dev.
4391.500	70.934
Angle (deg)	120
Gate  No.	Time [ms]	Counts
0	40	4649
1	80	4548
2	120	4887
3	160	4661
4	200	4656
5	240	4624
6	280	4708
7	320	4725
8	360	4873
9	400	4920
10	440	4869
11	480	4576
12	520	4707
13	560	4841
14	600	4752
15	640	4795
16	680	4640
17	720	4678
18	760	4773
19	800	4759
20	840	4738
21	880	4746
22	920	4607
23	960	4744
24	1000	4713
25	1040	4681
26	1080	4846
27	1120	4617
28	1160	4694
29	1200	4713
30	1240	4856
31	1280	4626
32	1320	4799
33	1360	4722
34	1400	4717
35	1440	4638
36	1480	4644
37	1520	4654
38	1560	4769
39	1600	4819
40	1640	4692
41	1680	4777
42	1720	4649
43	1760	4751
44	1800	4653
45	1840	4713
46	1880	4831
47	1920	4784
48	1960	4688
49	2000	4783
50	2040	4777
51	2080	4715
52	2120	4807
53	2160	4667
54	2200	4813
55	2240	4597
56	2280	4680
57	2320	4640
58	2360	4662
59	2400	4594
60	2440	4593
61	2480	4782
62	2520	4721
63	2560	4628
64	2600	4710
65	2640	4680
66	2680	4717
67	2720	4745
68	2760	4635
69	2800	4565
70	2840	4788
71	2880	4741
72	2920	4659
73	2960	4735
74	3000	4572
75	3040	4781
76	3080	4738
77	3120	4698
78	3160	4756
79	3200	4792
80	3240	4646
81	3280	4654
82	3320	4727
83	3360	4711
84	3400	4840
85	3440	4927
86	3480	4698
87	3520	4755
88	3560	4685
89	3600	4650
90	3640	4663
91	3680	4746
92	3720	4764
93	3760	4707
94	3800	4816
95	3840	4648
96	3880	4639
97	3920	4543
98	3960	4685
99	4000	4630
Mean	Std. Dev.
4714.270	82.238
Angle (deg)	122
Gate  No.	Time [ms]	Counts
0	40	5016
1	80	4866
2	120	4901
3	160	4932
4	200	4948
5	240	4918
6	280	4898
7	320	4886
8	360	4855
9	400	4785
10	440	5090
11	480	4960
12	520	4935
13	560	4960
14	600	5012
15	640	4975
16	680	4891
17	720	4881
18	760	5070
19	800	4974
20	840	4904
21	880	4936
22	920	5075
23	960	4857
24	1000	5026
25	1040	4979
26	1080	4879
27	1120	4914
28	1160	4939
29	1200	5032
30	1240	4999
31	1280	4810
32	1320	4913
33	1360	4896
34	1400	4878
35	1440	4929
36	1480	4847
37	1520	4995
38	1560	4964
39	1600	4850
40	1640	4837
41	1680	4997
42	1720	4865
43	1760	4833
44	1800	5081
45	1840	4928
46	1880	4858
47	1920	4923
48	1960	4918
49	2000	5064
50	2040	5015
51	2080	4943
52	2120	4959
53	2160	4986
54	2200	4846
55	2240	4768
56	2280	4866
57	2320	4937
58	2360	4929
59	2400	4872
60	2440	4984
61	2480	4718
62	2520	5059
63	2560	4943
64	2600	5015
65	2640	5073
66	2680	5035
67	2720	4904
68	2760	4906
69	2800	5042
70	2840	5091
71	2880	4997
72	2920	4881
73	2960	4934
74	3000	4943
75	3040	5007
76	3080	4938
77	3120	5011
78	3160	4988
79	3200	5126
80	3240	5001
81	3280	5016
82	3320	4911
83	3360	4850
84	3400	4930
85	3440	4915
86	3480	5031
87	3520	4884
88	3560	5032
89	3600	5011
90	3640	4946
91	3680	4999
92	3720	4888
93	3760	4914
94	3800	4887
95	3840	4917
96	3880	4850
97	3920	4890
98	3960	4932
99	4000	4952
Mean	Std. Dev.
4941.510	76.584
Angle (deg)	125
Gate  No.	Time [ms]	Counts
0	40	4940
1	80	5105
2	120	4989
3	160	5147
4	200	4943
5	240	4992
6	280	5106
7	320	4905
8	360	5009
9	400	5118
10	440	5081
11	480	5200
12	520	5095
13	560	4997
14	600	5046
15	640	4980
16	680	4996
17	720	5062
18	760	5039
19	800	5061
20	840	4902
21	880	5133
22	920	4955
23	960	5143
24	1000	4947
25	1040	5054
26	1080	4958
27	1120	5056
28	1160	4960
29	1200	5013
30	1240	5213
31	1280	4973
32	1320	5095
33	1360	5068
34	1400	5120
35	1440	5137
36	1480	4972
37	1520	5110
38	1560	5053
39	1600	5144
40	1640	4991
41	1680	5009
42	1720	4949
43	1760	5034
44	1800	5165
45	1840	5079
46	1880	4986
47	1920	4978
48	1960	5088
49	2000	5133
50	2040	5104
51	2080	5029
52	2120	4910
53	2160	5048
54	2200	4983
55	2240	5148
56	2280	5025
57	2320	5071
58	2360	5017
59	2400	5005
60	2440	5049
61	2480	4974
62	2520	4926
63	2560	5003
64	2600	5036
65	2640	5045
66	2680	4980
67	2720	5040
68	2760	5075
69	2800	5081
70	2840	4828
71	2880	5120
72	2920	4959
73	2960	5100
74	3000	5121
75	3040	5006
76	3080	4995
77	3120	5000
78	3160	5172
79	3200	5068
80	3240	5085
81	3280	4973
82	3320	5052
83	3360	5054
84	3400	4963
85	3440	5070
86	3480	4980
87	3520	5034
88	3560	5127
89	3600	5115
90	3640	5075
91	3680	5046
92	3720	5160
93	3760	5032
94	3800	5152
95	3840	5026
96	3880	4994
97	3920	5067
98	3960	4985
99	4000	5191
Mean	Std. Dev.
5043.280	73.844
Angle (deg)	128
Gate  No.	Time [ms]	Counts
0	40	4981
1	80	4877
2	120	5026
3	160	4925
4	200	4975
5	240	4990
6	280	4966
7	320	4937
8	360	4966
9	400	4946
10	440	4922
11	480	5079
12	520	5031
13	560	5028
14	600	4907
15	640	4978
16	680	5013
17	720	4860
18	760	4850
19	800	4904
20	840	4929
21	880	4895
22	920	4961
23	960	4998
24	1000	4924
25	1040	4995
26	1080	4984
27	1120	4955
28	1160	4975
29	1200	5021
30	1240	5100
31	1280	5036
32	1320	4934
33	1360	5035
34	1400	4984
35	1440	5028
36	1480	5119
37	1520	5041
38	1560	4890
39	1600	5068
40	1640	4861
41	1680	4992
42	1720	5064
43	1760	4943
44	1800	4975
45	1840	5053
46	1880	4980
47	1920	5086
48	1960	4906
49	2000	4997
50	2040	5046
51	2080	5012
52	2120	4980
53	2160	4885
54	2200	5000
55	2240	4957
56	2280	4964
57	2320	4912
58	2360	4967
59	2400	4947
60	2440	4999
61	2480	4991
62	2520	4969
63	2560	4893
64	2600	4961
65	2640	4986
66	2680	5039
67	2720	5006
68	2760	5102
69	2800	4934
70	2840	4904
71	2880	5135
72	2920	4940
73	2960	5025
74	3000	5126
75	3040	5090
76	3080	4977
77	3120	4948
78	3160	5012
79	3200	4907
80	3240	5143
81	3280	5071
82	3320	4924
83	3360	4942
84	3400	5062
85	3440	4970
86	3480	5134
87	3520	4971
88	3560	4984
89	3600	5026
90	3640	5088
91	3680	5111
92	3720	5014
93	3760	5057
94	3800	4993
95	3840	5251
96	3880	5017
97	3920	4982
98	3960	5067
99	4000	4863
Mean	Std. Dev.
4991.740	72.614
Angle (deg)	130
Gate  No.	Time [ms]	Counts
0	40	4843
1	80	4776
2	120	4902
3	160	4802
4	200	4827
5	240	4698
6	280	4791
7	320	4918
8	360	4898
9	400	4755
10	440	4762
11	480	4844
12	520	4820
13	560	4925
14	600	4803
15	640	4806
16	680	4979
17	720	4812
18	760	4825
19	800	4751
20	840	4754
21	880	4893
22	920	4660
23	960	4845
24	1000	4919
25	1040	4914
26	1080	4644
27	1120	4702
28	1160	4764
29	1200	4892
30	1240	4886
31	1280	4810
32	1320	4861
33	1360	4821
34	1400	4716
35	1440	4783
36	1480	4794
37	1520	4798
38	1560	4780
39	1600	4862
40	1640	4775
41	1680	4809
42	1720	4724
43	1760	5006
44	1800	4883
45	1840	4713
46	1880	4818
47	1920	4710
48	1960	4905
49	2000	4818
50	2040	4802
51	2080	4696
52	2120	4806
53	2160	4791
54	2200	4890
55	2240	4703
56	2280	4856
57	2320	4744
58	2360	4886
59	2400	4926
60	2440	4887
61	2480	4888
62	2520	4836
63	2560	4754
64	2600	4826
65	2640	4824
66	2680	4736
67	2720	4865
68	2760	4805
69	2800	4967
70	2840	4676
71	2880	4711
72	2920	4866
73	2960	4814
74	3000	4643
75	3040	4827
76	3080	4869
77	3120	4840
78	3160	4763
79	3200	4676
80	3240	4838
81	3280	4847
82	3320	4741
83	3360	4769
84	3400	4785
85	3440	4839
86	3480	4801
87	3520	4712
88	3560	4828
89	3600	4843
90	3640	4795
91	3680	4806
92	3720	4676
93	3760	4787
94	3800	4796
95	3840	4933
96	3880	4800
97	3920	4751
98	3960	4857
99	4000	4808
Mean	Std. Dev.
4809.810	74.813
Angle (deg)	132
Gate  No.	Time [ms]	Counts
0	40	4628
1	80	4496
2	120	4541
3	160	4514
4	200	4496
5	240	4461
6	280	4521
7	320	4462
8	360	4567
9	400	4656
10	440	4513
11	480	4450
12	520	4398
13	560	4495
14	600	4430
15	640	4504
16	680	4440
17	720	4582
18	760	4640
19	800	4491
20	840	4502
21	880	4641
22	920	4436
23	960	4537
24	1000	4690
25	1040	4528
26	1080	4635
27	1120	4479
28	1160	4424
29	1200	4547
30	1240	4480
31	1280	4456
32	1320	4461
33	1360	4517
34	1400	4484
35	1440	4490
36	1480	4500
37	1520	4602
38	1560	4616
39	1600	4476
40	1640	4362
41	1680	4580
42	1720	4503
43	1760	4559
44	1800	4472
45	1840	4477
46	1880	4462
47	1920	4401
48	1960	4467
49	2000	4679
50	2040	4510
51	2080	4466
52	2120	4343
53	2160	4462
54	2200	4552
55	2240	4503
56	2280	4504
57	2320	4596
58	2360	4500
59	2400	4582
60	2440	4491
61	2480	4488
62	2520	4640
63	2560	4596
64	2600	4432
65	2640	4479
66	2680	4592
67	2720	4592
68	2760	4645
69	2800	4438
70	2840	4691
71	2880	4490
72	2920	4514
73	2960	4479
74	3000	4508
75	3040	4582
76	3080	4524
77	3120	4563
78	3160	4493
79	3200	4545
80	3240	4434
81	3280	4477
82	3320	4463
83	3360	4563
84	3400	4476
85	3440	4577
86	3480	4666
87	3520	4517
88	3560	4571
89	3600	4634
90	3640	4448
91	3680	4564
92	3720	4558
93	3760	4452
94	3800	4611
95	3840	4462
96	3880	4392
97	3920	4608
98	3960	4383
99	4000	4618
Mean	Std. Dev.
4520.220	75.705
Angle (deg)	135
Gate  No.	Time [ms]	Counts
0	40	4150
1	80	4110
2	120	4212
3	160	4087
4	200	4088
5	240	4184
6	280	4121
7	320	4186
8	360	4212
9	400	4154
10	440	4141
11	480	4115
12	520	4185
13	560	4153
14	600	4150
15	640	4295
16	680	4069
17	720	4123
18	760	4257
19	800	4201
20	840	4162
21	880	4155
22	920	4113
23	960	4272
24	1000	4179
25	1040	4078
26	1080	4111
27	1120	4148
28	1160	4087
29	1200	4162
30	1240	4267
31	1280	4243
32	1320	4202
33	1360	4139
34	1400	4086
35	1440	4197
36	1480	4098
37	1520	4155
38	1560	4062
39	1600	4081
40	1640	4091
41	1680	4209
42	1720	4165
43	1760	4186
44	1800	4163
45	1840	4082
46	1880	4172
47	1920	4178
48	1960	4181
49	2000	4198
50	2040	4154
51	2080	4132
52	2120	4123
53	2160	4079
54	2200	4129
55	2240	4100
56	2280	4236
57	2320	4160
58	2360	4092
59	2400	4283
60	2440	4174
61	2480	4256
62	2520	4019
63	2560	4286
64	2600	4105
65	2640	4148
66	2680	4189
67	2720	4139
68	2760	4101
69	2800	4134
70	2840	4200
71	2880	4103
72	2920	4158
73	2960	4173
74	3000	4161
75	3040	4083
76	3080	4206
77	3120	4175
78	3160	4053
79	3200	4268
80	3240	4104
81	3280	3998
82	3320	4113
83	3360	4144
84	3400	4264
85	3440	4168
86	3480	4090
87	3520	4209
88	3560	4154
89	3600	4105
90	3640	4170
91	3680	4041
92	3720	4152
93	3760	4106
94	3800	4176
95	3840	4097
96	3880	4118
97	3920	4149
98	3960	4169
99	4000	4243
Mean	Std. Dev.
4152.040	60.528
Angle (deg)	138
Gate  No.	Time [ms]	Counts
0	40	3658
1	80	3743
2	120	3727
3	160	3632
4	200	3649
5	240	3624
6	280	3625
7	320	3752
8	360	3639
9	400	3715
10	440	3701
11	480	3522
12	520	3660
13	560	3533
14	600	3624
15	640	3725
16	680	3567
17	720	3719
18	760	3669
19	800	3605
20	840	3725
21	880	3507
22	920	3630
23	960	3728
24	1000	3677
25	1040	3630
26	1080	3684
27	1120	3649
28	1160	3623
29	1200	3751
30	1240	3697
31	1280	3720
32	1320	3750
33	1360	3661
34	1400	3740
35	1440	3719
36	1480	3658
37	1520	3617
38	1560	3576
39	1600	3679
40	1640	3496
41	1680	3648
42	1720	3678
43	1760	3642
44	1800	3729
45	1840	3659
46	1880	3606
47	1920	3601
48	1960	3535
49	2000	3637
50	2040	3631
51	2080	3698
52	2120	3703
53	2160	3586
54	2200	3773
55	2240	3661
56	2280	3662
57	2320	3770
58	2360	3785
59	2400	3614
60	2440	3812
61	2480	3676
62	2520	3669
63	2560	3713
64	2600	3746
65	2640	3641
66	2680	3801
67	2720	3674
68	2760	3727
69	2800	3695
70	2840	3823
71	2880	3783
72	2920	3688
73	2960	3677
74	3000	3664
75	3040	3570
76	3080	3665
77	3120	3630
78	3160	3701
79	3200	3637
80	3240	3545
81	3280	3617
82	3320	3622
83	3360	3604
84	3400	3762
85	3440	3539
86	3480	3582
87	3520	3704
88	3560	3722
89	3600	3752
90	3640	3663
91	3680	3631
92	3720	3703
93	3760	3575
94	3800	3732
95	3840	3739
96	3880	3526
97	3920	3613
98	3960	3615
99	4000	3741
Mean	Std. Dev.
3666.030	70.625
Angle (deg)	140
Gate  No.	Time [ms]	Counts
0	40	3214
1	80	3261
2	120	3151
3	160	3161
4	200	3170
5	240	3224
6	280	3122
7	320	3145
8	360	3121
9	400	3274
10	440	3185
11	480	3192
12	520	3225
13	560	3174
14	600	3203
15	640	3295
16	680	3124
17	720	3268
18	760	3088
19	800	3298
20	840	3166
21	880	3100
22	920	3146
23	960	3186
24	1000	3177
25	1040	3302
26	1080	3206
27	1120	3116
28	1160	3142
29	1200	3285
30	1240	3248
31	1280	3233
32	1320	3286
33	1360	3160
34	1400	3119
35	1440	3129
36	1480	3165
37	1520	3121
38	1560	3178
39	1600	3209
40	1640	3258
41	1680	3256
42	1720	3161
43	1760	3245
44	1800	3158
45	1840	3283
46	1880	3075
47	1920	3163
48	1960	3128
49	2000	3083
50	2040	3231
51	2080	3194
52	2120	3187
53	2160	3127
54	2200	3277
55	2240	3182
56	2280	3243
57	2320	3179
58	2360	3182
59	2400	3123
60	2440	3189
61	2480	3065
62	2520	3175
63	2560	3238
64	2600	3135
65	2640	3178
66	2680	3095
67	2720	3190
68	2760	3182
69	2800	3233
70	2840	3112
71	2880	3230
72	2920	3062
73	2960	3155
74	3000	3170
75	3040	3140
76	3080	3197
77	3120	3176
78	3160	3205
79	3200	3228
80	3240	3231
81	3280	3287
82	3320	3275
83	3360	3249
84	3400	3223
85	3440	3251
86	3480	3136
87	3520	3145
88	3560	3161
89	3600	3065
90	3640	3307
91	3680	3190
92	3720	3187
93	3760	3271
94	3800	3179
95	3840	3148
96	3880	3136
97	3920	3181
98	3960	3102
99	4000	3272
Mean	Std. Dev.
3186.550	60.716
Angle (deg)	142
Gate  No.	Time [ms]	Counts
0	40	2647
1	80	2582
2	120	2666
3	160	2705
4	200	2699
5	240	2732
6	280	2591
7	320	2729
8	360	2715
9	400	2637
10	440	2728
11	480	2678
12	520	2694
13	560	2665
14	600	2595
15	640	2646
16	680	2714
17	720	2613
18	760	2693
19	800	2644
20	840	2726
21	880	2533
22	920	2610
23	960	2773
24	1000	2699
25	1040	2653
26	1080	2688
27	1120	2640
28	1160	2578
29	1200	2632
30	1240	2637
31	1280	2645
32	1320	2625
33	1360	2647
34	1400	2667
35	1440	2690
36	1480	2668
37	1520	2688
38	1560	2613
39	1600	2591
40	1640	2662
41	1680	2714
42	1720	2614
43	1760	2580
44	1800	2615
45	1840	2636
46	1880	2734
47	1920	2709
48	1960	2680
49	2000	2623
50	2040	2682
51	2080	2651
52	2120	2534
53	2160	2686
54	2200	2628
55	2240	2661
56	2280	2626
57	2320	2601
58	2360	2710
59	2400	2663
60	2440	2595
61	2480	2673
62	2520	2617
63	2560	2699
64	2600	2636
65	2640	2634
66	2680	2623
67	2720	2788
68	2760	2616
69	2800	2677
70	2840	2685
71	2880	2706
72	2920	2624
73	2960	2622
74	3000	2607
75	3040	2735
76	3080	2626
77	3120	2691
78	3160	2702
79	3200	2685
80	3240	2732
81	3280	2697
82	3320	2759
83	3360	2711
84	3400	2628
85	3440	2721
86	3480	2647
87	3520	2650
88	3560	2595
89	3600	2628
90	3640	2680
91	3680	2615
92	3720	2691
93	3760	2582
94	3800	2555
95	3840	2627
96	3880	2670
97	3920	2691
98	3960	2687
99	4000	2634
Mean	Std. Dev.
2658.260	50.392
Angle (deg)	145
Gate  No.	Time [ms]	Counts
0	40	2171
1	80	2109
2	120	2035
3	160	2160
4	200	2090
5	240	2047
6	280	2091
7	320	1991
8	360	2108
9	400	2202
10	440	2083
11	480	2086
12	520	2103
13	560	2061
14	600	2089
15	640	2111
16	680	2194
17	720	2051
18	760	2102
19	800	2050
20	840	2178
21	880	2127
22	920	2063
23	960	2235
24	1000	2039
25	1040	2156
26	1080	2141
27	1120	2096
28	1160	2058
29	1200	2102
30	1240	2181
31	1280	2128
32	1320	2047
33	1360	2116
34	1400	2098
35	1440	2045
36	1480	2162
37	1520	2146
38	1560	2161
39	1600	2107
40	1640	2161
41	1680	2065
42	1720	2130
43	1760	2110
44	1800	2174
45	1840	2200
46	1880	2150
47	1920	2103
48	1960	2098
49	2000	2087
50	2040	2117
51	2080	2114
52	2120	2149
53	2160	2126
54	2200	2025
55	2240	2088
56	2280	2117
57	2320	2189
58	2360	2072
59	2400	2132
60	2440	2103
61	2480	2162
62	2520	2096
63	2560	2162
64	2600	2015
65	2640	1959
66	2680	2130
67	2720	2135
68	2760	2109
69	2800	2173
70	2840	2036
71	2880	2059
72	2920	2071
73	2960	2063
74	3000	2084
75	3040	2197
76	3080	2066
77	3120	2188
78	3160	2146
79	3200	2113
80	3240	2136
81	3280	2146
82	3320	2078
83	3360	2139
84	3400	2163
85	3440	2194
86	3480	2147
87	3520	2101
88	3560	2127
89	3600	2101
90	3640	2005
91	3680	2060
92	3720	2113
93	3760	2120
94	3800	2108
95	3840	2125
96	3880	2108
97	3920	2116
98	3960	2145
99	4000	2124
Mean	Std. Dev.
2111.500	50.409
Angle (deg)	148
Gate  No.	Time [ms]	Counts
0	40	1643
1	80	1596
2	120	1680
3	160	1542
4	200	1694
5	240	1603
6	280	1648
7	320	1608
8	360	1614
9	400	1585
10	440	1668
11	480	1602
12	520	1707
13	560	1530
14	600	1677
15	640	1544
16	680	1650
17	720	1578
18	760	1684
19	800	1604
20	840	1574
21	880	1663
22	920	1603
23	960	1617
24	1000	1564
25	1040	1629
26	1080	1663
27	1120	1592
28	1160	1634
29	1200	1587
30	1240	1646
31	1280	1636
32	1320	1641
33	1360	1632
34	1400	1557
35	1440	1731
36	1480	1623
37	1520	1625
38	1560	1579
39	1600	1609
40	1640	1626
41	1680	1615
42	1720	1593
43	1760	1624
44	1800	1580
45	1840	1635
46	1880	1628
47	1920	1593
48	1960	1672
49	2000	1658
50	2040	1621
51	2080	1720
52	2120	1641
53	2160	1652
54	2200	1644
55	2240	1616
56	2280	1548
57	2320	1588
58	2360	1677
59	2400	1608
60	2440	1629
61	2480	1666
62	2520	1634
63	2560	1663
64	2600	1626
65	2640	1682
66	2680	1593
67	2720	1635
68	2760	1613
69	2800	1639
70	2840	1632
71	2880	1674
72	2920	1629
73	2960	1624
74	3000	1659
75	3040	1652
76	3080	1607
77	3120	1590
78	3160	1649
79	3200	1649
80	3240	1621
81	3280	1615
82	3320	1607
83	3360	1560
84	3400	1631
85	3440	1647
86	3480	1610
87	3520	1536
88	3560	1620
89	3600	1641
90	3640	1634
91	3680	1588
92	3720	1603
93	3760	1677
94	3800	1575
95	3840	1664
96	3880	1606
97	3920	1606
98	3960	1607
99	4000	1616
Mean	Std. Dev.
1624.100	39.074
Angle (deg)	150
Gate  No.	Time [ms]	Counts
0	40	1181
1	80	1217
2	120	1213
3	160	1238
4	200	1113
5	240	1168
6	280	1175
7	320	1184
8	360	1217
9	400	1193
10	440	1184
11	480	1149
12	520	1252
13	560	1193
14	600	1124
15	640	1129
16	680	1192
17	720	1256
18	760	1175
19	800	1198
20	840	1238
21	880	1196
22	920	1258
23	960	1172
24	1000	1119
25	1040	1161
26	1080	1182
27	1120	1222
28	1160	1188
29	1200	1156
30	1240	1206
31	1280	1154
32	1320	1204
33	1360	1195
34	1400	1177
35	1440	1232
36	1480	1236
37	1520	1173
38	1560	1156
39	1600	1207
40	1640	1212
41	1680	1170
42	1720	1200
43	1760	1231
44	1800	1226
45	1840	1186
46	1880	1179
47	1920	1170
48	1960	1164
49	2000	1197
50	2040	1212
51	2080	1176
52	2120	1172
53	2160	1241
54	2200	1208
55	2240	1214
56	2280	1196
57	2320	1146
58	2360	1224
59	2400	1140
60	2440	1152
61	2480	1194
62	2520	1167
63	2560	1186
64	2600	1190
65	2640	1182
66	2680	1186
67	2720	1121
68	2760	1154
69	2800	1239
70	2840	1198
71	2880	1124
72	2920	1173
73	2960	1139
74	3000	1212
75	3040	1166
76	3080	1209
77	3120	1168
78	3160	1199
79	3200	1198
80	3240	1207
81	3280	1232
82	3320	1230
83	3360	1155
84	3400	1130
85	3440	1216
86	3480	1246
87	3520	1157
88	3560	1170
89	3600	1166
90	3640	1099
91	3680	1180
92	3720	1231
93	3760	1205
94	3800	1186
95	3840	1194
96	3880	1190
97	3920	1146
98	3960	1182
99	4000	1185
Mean	Std. Dev.
1187.110	33.852
Angle (deg)	152
Gate  No.	Time [ms]	Counts
0	40	868
1	80	846
2	120	828
3	160	861
4	200	836
5	240	845
6	280	831
7	320	844
8	360	837
9	400	830
10	440	824
11	480	852
12	520	797
13	560	835
14	600	858
15	640	808
16	680	839
17	720	869
18	760	831
19	800	831
20	840	887
21	880	855
22	920	781
23	960	859
24	1000	828
25	1040	838
26	1080	829
27	1120	862
28	1160	775
29	1200	841
30	1240	829
31	1280	927
32	1320	866
33	1360	813
34	1400	785
35	1440	821
36	1480	803
37	1520	778
38	1560	813
39	1600	861
40	1640	843
41	1680	782
42	1720	856
43	1760	810
44	1800	788
45	1840	878
46	1880	876
47	1920	798
48	1960	841
49	2000	805
50	2040	873
51	2080	834
52	2120	839
53	2160	781
54	2200	867
55	2240	805
56	2280	814
57	2320	824
58	2360	829
59	2400	811
60	2440	839
61	2480	791
62	2520	807
63	2560	853
64	2600	789
65	2640	853
66	2680	832
67	2720	813
68	2760	772
69	2800	849
70	2840	803
71	2880	861
72	2920	822
73	2960	816
74	3000	774
75	3040	775
76	3080	829
77	3120	825
78	3160	865
79	3200	814
80	3240	805
81	3280	792
82	3320	806
83	3360	843
84	3400	802
85	3440	786
86	3480	811
87	3520	841
88	3560	860
89	3600	853
90	3640	830
91	3680	874
92	3720	834
93	3760	862
94	3800	910
95	3840	810
96	3880	813
97	3920	813
98	3960	815
99	4000	851
Mean	Std. Dev.
829.680	30.530
Angle (deg)	155
Gate  No.	Time [ms]	Counts
0	40	573
1	80	595
2	120	528
3	160	622
4	200	568
5	240	604
6	280	571
7	320	535
8	360	578
9	400	564
10	440	580
11	480	538
12	520	551
13	560	548
14	600	554
15	640	553
16	680	585
17	720	581
18	760	570
19	800	545
20	840	611
21	880	526
22	920	531
23	960	529
24	1000	593
25	1040	554
26	1080	584
27	1120	548
28	1160	518
29	1200	543
30	1240	563
31	1280	535
32	1320	572
33	1360	533
34	1400	541
35	1440	521
36	1480	556
37	1520	562
38	1560	551
39	1600	561
40	1640	566
41	1680	551
42	1720	557
43	1760	543
44	1800	528
45	1840	533
46	1880	590
47	1920	520
48	1960	529
49	2000	571
50	2040	552
51	2080	533
52	2120	526
53	2160	577
54	2200	515
55	2240	563
56	2280	569
57	2320	565
58	2360	495
59	2400	544
60	2440	566
61	2480	597
62	2520	601
63	2560	575
64	2600	541
65	2640	569
66	2680	566
67	2720	547
68	2760	580
69	2800	538
70	2840	543
71	2880	571
72	2920	609
73	2960	541
74	3000	620
75	3040	569
76	3080	611
77	3120	593
78	3160	562
79	3200	532
80	3240	535
81	3280	603
82	3320	548
83	3360	526
84	3400	535
85	3440	579
86	3480	600
87	3520	544
88	3560	549
89	3600	547
90	3640	546
91	3680	551
92	3720	561
93	3760	523
94	3800	570
95	3840	582
96	3880	581
97	3920	540
98	3960	569
99	4000	553
Mean	Std. Dev.
558.750	25.744
Angle (deg)	158
Gate  No.	Time [ms]	Counts
0	40	368
1	80	391
2	120	338
3	160	350
4	200	399
5	240	392
6	280	346
7	320	382
8	360	368
9	400	350
10	440	392
11	480	346
12	520	408
13	560	375
14	600	377
15	640	392
16	680	361
17	720	361
18	760	318
19	800	364
20	840	378
21	880	364
22	920	403
23	960	348
24	1000	372
25	1040	353
26	1080	358
27	1120	345
28	1160	388
29	1200	382
30	1240	360
31	1280	376
32	1320	347
33	1360	386
34	1400	367
35	1440	414
36	1480	407
37	1520	382
38	1560	382
39	1600	388
40	1640	359
41	1680	392
42	1720	371
43	1760	382
44	1800	396
45	1840	368
46	1880	351
47	1920	386
48	1960	391
49	2000	390
50	2040	424
51	2080	412
52	2120	356
53	2160	358
54	2200	381
55	2240	374
56	2280	385
57	2320	329
58	2360	354
59	2400	343
60	2440	426
61	2480	359
62	2520	386
63	2560	365
64	2600	377
65	2640	361
66	2680	350
67	2720	380
68	2760	376
69	2800	380
70	2840	377
71	2880	322
72	2920	379
73	2960	357
74	3000	366
75	3040	378
76	3080	395
77	3120	381
78	3160	387
79	3200	373
80	3240	377
81	3280	385
82	3320	380
83	3360	387
84	3400	379
85	3440	369
86	3480	353
87	3520	339
88	3560	375
89	3600	411
90	3640	373
91	3680	368
92	3720	374
93	3760	394
94	3800	351
95	3840	344
96	3880	382
97	3920	396
98	3960	396
99	4000	376
Mean	Std. Dev.
373.640	20.804
Angle (deg)	160
Gate  No.	Time [ms]	Counts
0	40	244
1	80	264
2	120	273
3	160	261
4	200	287
5	240	301
6	280	292
7	320	301
8	360	268
9	400	292
10	440	297
11	480	267
12	520	280
13	560	294
14	600	275
15	640	308
16	680	289
17	720	260
18	760	278
19	800	286
20	840	284
21	880	249
22	920	272
23	960	306
24	1000	275
25	1040	253
26	1080	291
27	1120	256
28	1160	257
29	1200	270
30	1240	332
31	1280	283
32	1320	268
33	1360	247
34	1400	297
35	1440	321
36	1480	272
37	1520	260
38	1560	302
39	1600	265
40	1640	308
41	1680	273
42	1720	262
43	1760	299
44	1800	278
45	1840	270
46	1880	266
47	1920	268
48	1960	285
49	2000	261
50	2040	287
51	2080	262
52	2120	271
53	2160	287
54	2200	266
55	2240	266
56	2280	299
57	2320	265
58	2360	290
59	2400	291
60	2440	296
61	2480	296
62	2520	231
63	2560	290
64	2600	255
65	2640	288
66	2680	294
67	2720	277
68	2760	270
69	2800	296
70	2840	290
71	2880	263
72	2920	293
73	2960	263
74	3000	297
75	3040	260
76	3080	269
77	3120	291
78	3160	297
79	3200	256
80	3240	282
81	3280	311
82	3320	265
83	3360	284
84	3400	289
85	3440	271
86	3480	276
87	3520	262
88	3560	307
89	3600	269
90	3640	286
91	3680	264
92	3720	258
93	3760	271
94	3800	262
95	3840	282
96	3880	273
97	3920	287
98	3960	290
99	4000	289
Mean	Std. Dev.
278.810	17.704
Angle (deg)	162
Gate  No.	Time [ms]	Counts
0	40	259
1	80	266
2	120	277
3	160	250
4	200	277
5	240	292
6	280	274
7	320	291
8	360	245
9	400	300
10	440	263
11	480	281
12	520	266
13	560	279
14	600	283
15	640	256
16	680	253
17	720	278
18	760	280
19	800	267
20	840	316
21	880	261
22	920	282
23	960	284
24	1000	258
25	1040	257
26	1080	279
27	1120	268
28	1160	285
29	1200	282
30	1240	253
31	1280	267
32	1320	296
33	1360	259
34	1400	273
35	1440	257
36	1480	247
37	1520	228
38	1560	308
39	1600	265
40	1640	256
41	1680	277
42	1720	271
43	1760	272
44	1800	271
45	1840	291
46	1880	298
47	1920	263
48	1960	261
49	2000	246
50	2040	260
51	2080	276
52	2120	243
53	2160	249
54	2200	295
55	2240	245
56	2280	250
57	2320	300
58	2360	271
59	2400	253
60	2440	293
61	2480	284
62	2520	278
63	2560	244
64	2600	266
65	2640	263
66	2680	244
67	2720	258
68	2760	273
69	2800	285
70	2840	264
71	2880	260
72	2920	269
73	2960	231
74	3000	290
75	3040	295
76	3080	269
77	3120	250
78	3160	259
79	3200	281
80	3240	278
81	3280	243
82	3320	257
83	3360	258
84	3400	271
85	3440	290
86	3480	266
87	3520	260
88	3560	267
89	3600	272
90	3640	265
91	3680	281
92	3720	272
93	3760	260
94	3800	284
95	3840	266
96	3880	234
97	3920	257
98	3960	248
99	4000	238
Mean	Std. Dev.
268.330	17.281
Angle (deg)	165
Gate  No.	Time [ms]	Counts
0	40	326
1	80	310
2	120	279
3	160	309
4	200	302
5	240	324
6	280	348
7	320	334
8	360	332
9	400	319
10	440	304
11	480	345
12	520	312
13	560	326
14	600	313
15	640	304
16	680	312
17	720	307
18	760	347
19	800	292
20	840	316
21	880	315
22	920	320
23	960	311
24	1000	310
25	1040	296
26	1080	331
27	1120	345
28	1160	336
29	1200	345
30	1240	301
31	1280	314
32	1320	313
33	1360	328
34	1400	317
35	1440	312
36	1480	329
37	1520	295
38	1560	331
39	1600	344
40	1640	357
41	1680	323
42	1720	354
43	1760	330
44	1800	319
45	1840	297
46	1880	339
47	1920	321
48	1960	303
49	2000	312
50	2040	318
51	2080	328
52	2120	317
53	2160	304
54	2200	335
55	2240	327
56	2280	334
57	2320	296
58	2360	301
59	2400	361
60	2440	314
61	2480	296
62	2520	326
63	2560	288
64	2600	327
65	2640	317
66	2680	316
67	2720	313
68	2760	294
69	2800	325
70	2840	317
71	2880	327
72	2920	308
73	2960	303
74	3000	276
75	3040	292
76	3080	313
77	3120	340
78	3160	290
79	3200	313
80	3240	331
81	3280	301
82	3320	339
83	3360	312
84	3400	302
85	3440	353
86	3480	303
87	3520	308
88	3560	347
89	3600	316
90	3640	285
91	3680	329
92	3720	296
93	3760	306
94	3800	312
95	3840	326
96	3880	343
97	3920	355
98	3960	309
99	4000	311
Mean	Std. Dev.
318.090	18.124
Angle (deg)	168
Gate  No.	Time [ms]	Counts
0	40	426
1	80	472
2	120	464
3	160	418
4	200	419
5	240	422
6	280	402
7	320	452
8	360	424
9	400	451
10	440	413
11	480	445
12	520	450
13	560	426
14	600	402
15	640	428
16	680	384
17	720	416
18	760	419
19	800	409
20	840	434
21	880	414
22	920	431
23	960	439
24	1000	380
25	1040	401
26	1080	441
27	1120	433
28	1160	438
29	1200	467
30	1240	452
31	1280	417
32	1320	401
33	1360	421
34	1400	401
35	1440	402
36	1480	407
37	1520	416
38	1560	437
39	1600	435
40	1640	434
41	1680	423
42	1720	474
43	1760	430
44	1800	433
45	1840	409
46	1880	432
47	1920	397
48	1960	413
49	2000	457
50	2040	375
51	2080	450
52	2120	435
53	2160	406
54	2200	426
55	2240	449
56	2280	420
57	2320	425
58	2360	422
59	2400	435
60	2440	459
61	2480	425
62	2520	411
63	2560	424
64	2600	421
65	2640	479
66	2680	381
67	2720	428
68	2760	411
69	2800	436
70	2840	410
71	2880	385
72	2920	399
73	2960	442
74	3000	405
75	3040	461
76	3080	446
77	3120	447
78	3160	417
79	3200	429
80	3240	448
81	3280	391
82	3320	443
83	3360	430
84	3400	401
85	3440	414
86	3480	425
87	3520	407
88	3560	450
89	3600	423
90	3640	411
91	3680	438
92	3720	414
93	3760	422
94	3800	457
95	3840	398
96	3880	381
97	3920	427
98	3960	393
99	4000	426
Mean	Std. Dev.
424.690	22.020
Angle (deg)	170
Gate  No.	Time [ms]	Counts
0	40	511
1	80	519
2	120	579
3	160	532
4	200	595
5	240	540
6	280	558
7	320	567
8	360	556
9	400	541
10	440	507
11	480	532
12	520	498
13	560	550
14	600	579
15	640	601
16	680	526
17	720	575
18	760	564
19	800	547
20	840	574
21	880	574
22	920	563
23	960	552
24	1000	557
25	1040	563
26	1080	595
27	1120	565
28	1160	567
29	1200	548
30	1240	586
31	1280	539
32	1320	598
33	1360	526
34	1400	583
35	1440	585
36	1480	567
37	1520	582
38	1560	541
39	1600	551
40	1640	586
41	1680	593
42	1720	591
43	1760	553
44	1800	543
45	1840	519
46	1880	572
47	1920	512
48	1960	556
49	2000	508
50	2040	558
51	2080	538
52	2120	564
53	2160	620
54	2200	556
55	2240	596
56	2280	587
57	2320	562
58	2360	539
59	2400	544
60	2440	548
61	2480	559
62	2520	532
63	2560	536
64	2600	603
65	2640	533
66	2680	550
67	2720	573
68	2760	552
69	2800	553
70	2840	551
71	2880	603
72	2920	564
73	2960	598
74	3000	565
75	3040	549
76	3080	553
77	3120	569
78	3160	558
79	3200	554
80	3240	540
81	3280	540
82	3320	507
83	3360	554
84	3400	583
85	3440	571
86	3480	608
87	3520	563
88	3560	507
89	3600	557
90	3640	557
91	3680	525
92	3720	552
93	3760	571
94	3800	571
95	3840	572
96	3880	519
97	3920	527
98	3960	562
99	4000	528
Mean	Std. Dev.
557.070	25.659
Angle (deg)	172
Gate  No.	Time [ms]	Counts
0	40	731
1	80	739
2	120	713
3	160	685
4	200	743
5	240	669
6	280	667
7	320	698
8	360	721
9	400	708
10	440	702
11	480	704
12	520	687
13	560	705
14	600	686
15	640	701
16	680	685
17	720	711
18	760	663
19	800	703
20	840	651
21	880	674
22	920	657
23	960	673
24	1000	638
25	1040	679
26	1080	688
27	1120	705
28	1160	718
29	1200	705
30	1240	754
31	1280	700
32	1320	681
33	1360	734
34	1400	749
35	1440	667
36	1480	657
37	1520	726
38	1560	648
39	1600	719
40	1640	727
41	1680	692
42	1720	685
43	1760	677
44	1800	675
45	1840	745
46	1880	703
47	1920	734
48	1960	648
49	2000	714
50	2040	703
51	2080	615
52	2120	701
53	2160	664
54	2200	701
55	2240	708
56	2280	750
57	2320	702
58	2360	663
59	2400	715
60	2440	658
61	2480	739
62	2520	694
63	2560	693
64	2600	752
65	2640	704
66	2680	684
67	2720	703
68	2760	722
69	2800	661
70	2840	722
71	2880	721
72	2920	668
73	2960	767
74	3000	723
75	3040	690
76	3080	723
77	3120	670
78	3160	690
79	3200	688
80	3240	708
81	3280	670
82	3320	699
83	3360	706
84	3400	725
85	3440	716
86	3480	734
87	3520	710
88	3560	708
89	3600	738
90	3640	680
91	3680	636
92	3720	641
93	3760	695
94	3800	712
95	3840	697
96	3880	693
97	3920	725
98	3960	663
99	4000	751
Mean	Std. Dev.
698.450	29.924
Angle (deg)	175
Gate  No.	Time [ms]	Counts
0	40	834
1	80	857
2	120	840
3	160	853
4	200	830
5	240	788
6	280	848
7	320	893
8	360	822
9	400	783
10	440	819
11	480	803
12	520	856
13	560	861
14	600	783
15	640	847
16	680	855
17	720	832
18	760	820
19	800	867
20	840	848
21	880	839
22	920	860
23	960	821
24	1000	780
25	1040	849
26	1080	789
27	1120	826
28	1160	824
29	1200	854
30	1240	858
31	1280	837
32	1320	770
33	1360	843
34	1400	803
35	1440	795
36	1480	818
37	1520	839
38	1560	826
39	1600	863
40	1640	800
41	1680	849
42	1720	885
43	1760	821
44	1800	760
45	1840	832
46	1880	815
47	1920	849
48	1960	807
49	2000	778
50	2040	816
51	2080	834
52	2120	873
53	2160	838
54	2200	815
55	2240	858
56	2280	841
57	2320	809
58	2360	799
59	2400	849
60	2440	790
61	2480	804
62	2520	879
63	2560	841
64	2600	798
65	2640	828
66	2680	811
67	2720	826
68	2760	876
69	2800	821
70	2840	866
71	2880	862
72	2920	850
73	2960	815
74	3000	869
75	3040	852
76	3080	820
77	3120	855
78	3160	895
79	3200	827
80	3240	844
81	3280	885
82	3320	868
83	3360	788
84	3400	817
85	3440	840
86	3480	821
87	3520	868
88	3560	844
89	3600	859
90	3640	829
91	3680	876
92	3720	826
93	3760	827
94	3800	859
95	3840	794
96	3880	910
97	3920	858
98	3960	839
99	4000	838
Mean	Std. Dev.
834.360	29.578
Angle (deg)	178
Gate  No.	Time [ms]	Counts
0	40	944
1	80	938
2	120	870
3	160	907
4	200	960
5	240	959
6	280	912
7	320	967
8	360	951
9	400	930
10	440	961
11	480	891
12	520	901
13	560	902
14	600	881
15	640	909
16	680	882
17	720	885
18	760	931
19	800	976
20	840	884
21	880	931
22	920	920
23	960	920
24	1000	931
25	1040	934
26	1080	911
27	1120	900
28	1160	907
29	1200	956
30	1240	933
31	1280	931
32	1320	930
33	1360	894
34	1400	931
35	1440	971
36	1480	919
37	1520	960
38	1560	924
39	1600	867
40	1640	943
41	1680	886
42	1720	884
43	1760	921
44	1800	985
45	1840	932
46	1880	899
47	1920	915
48	1960	943
49	2000	900
50	2040	954
51	2080	910
52	2120	882
53	2160	941
54	2200	897
55	2240	944
56	2280	960
57	2320	882
58	2360	951
59	2400	954
60	2440	1008
61	2480	950
62	2520	944
63	2560	882
64	2600	956
65	2640	888
66	2680	898
67	2720	919
68	2760	953
69	2800	913
70	2840	916
71	2880	956
72	2920	908
73	2960	921
74	3000	898
75	3040	950
76	3080	926
77	3120	920
78	3160	893
79	3200	968
80	3240	919
81	3280	901
82	3320	849
83	3360	919
84	3400	936
85	3440	959
86	3480	909
87	3520	912
88	3560	900
89	3600	922
90	3640	900
91	3680	927
92	3720	887
93	3760	904
94	3800	895
95	3840	933
96	3880	975
97	3920	909
98	3960	881
99	4000	918
Mean	Std. Dev.
922.160	29.461
Angle (deg)	180
Gate  No.	Time [ms]	Counts
0	40	990
1	80	1013
2	120	945
3	160	1031
4	200	982
5	240	939
6	280	997
7	320	991
8	360	986
9	400	1003
10	440	1039
11	480	923
12	520	916
13	560	980
14	600	985
15	640	948
16	680	1009
17	720	1001
18	760	1000
19	800	944
20	840	962
21	880	1019
22	920	980
23	960	976
24	1000	992
25	1040	946
26	1080	990
27	1120	927
28	1160	970
29	1200	923
30	1240	1011
31	1280	1012
32	1320	1039
33	1360	996
34	1400	1038
35	1440	980
36	1480	952
37	1520	1026
38	1560	966
39	1600	986
40	1640	969
41	1680	972
42	1720	984
43	1760	1042
44	1800	936
45	1840	919
46	1880	1007
47	1920	1009
48	1960	959
49	2000	954
50	2040	972
51	2080	1020
52	2120	978
53	2160	997
54	2200	1017
55	2240	951
56	2280	918
57	2320	975
58	2360	997
59	2400	941
60	2440	929
61	2480	947
62	2520	1015
63	2560	1000
64	2600	1035
65	2640	994
66	2680	998
67	2720	999
68	2760	1053
69	2800	999
70	2840	967
71	2880	995
72	2920	936
73	2960	926
74	3000	1022
75	3040	1025
76	3080	964
77	3120	983
78	3160	956
79	3200	984
80	3240	959
81	3280	1002
82	3320	967
83	3360	1013
84	3400	943
85	3440	989
86	3480	957
87	3520	975
88	3560	970
89	3600	987
90	3640	950
91	3680	999
92	3720	940
93	3760	942
94	3800	1005
95	3840	1019
96	3880	973
97	3920	994
98	3960	1035
99	4000	1005
Mean	Std. Dev.
981.810	32.653
Angle Itr.	Counts Mean	
0.000	3486.040
2.500	3967.500
5.000	4412.870
7.500	4721.330
10.000	4982.610
12.500	5035.980
15.000	5035.240
17.500	4818.180
20.000	4542.730
22.500	4174.070
25.000	3666.260
27.500	3159.100
30.000	2605.540
32.500	2040.370
35.000	1541.080
37.500	1089.260
40.000	734.150
42.500	455.280
45.000	276.520
47.500	188.250
50.000	181.830
52.500	246.870
55.000	365.400
57.500	510.050
60.000	664.340
62.500	796.760
65.000	908.770
67.500	973.620
70.000	977.200
72.500	942.230
75.000	844.370
77.500	716.810
80.000	573.960
82.500	429.910
85.000	308.020
87.500	228.300
90.000	214.170
92.500	275.670
95.000	427.250
97.500	671.190
100.000	1011.330
102.500	1433.430
105.000	1924.050
107.500	2449.590
110.000	2990.590
112.500	3497.190
115.000	3975.830
117.500	4391.500
120.000	4714.270
122.500	4941.510
125.000	5043.280
127.500	4991.740
130.000	4809.810
132.500	4520.220
135.000	4152.040
137.500	3666.030
140.000	3186.550
142.500	2658.260
145.000	2111.500
147.500	1624.100
150.000	1187.110
152.500	829.680
155.000	558.750
157.500	373.640
160.000	278.810
162.500	268.330
165.000	318.090
167.500	424.690
170.000	557.070
172.500	698.450
175.000	834.360
177.500	922.160
180.000	981.810
Mean	Std. Dev.
2034.450	1755.296
