MoTe2 scan
Current Position 
70.000
R(V)	Theta
0.001064	-50.332200
0.001064	-50.329951
0.001064	-50.327122
0.001064	-50.319371
0.001064	-50.319371
0.001064	-50.314514
0.001064	-50.303479
0.001064	-50.297215
0.001064	-50.297215
0.001064	-50.282774
0.001064	-50.274677
0.001064	-50.274677
0.001063	-50.256916
0.001063	-50.256916
0.001063	-50.247230
0.001063	-50.226774
0.001063	-50.216315
0.001063	-50.216315
0.001063	-50.194588
0.001063	-50.182983
0.001063	-50.170701
0.001063	-50.157882
0.001064	-50.144591
0.001064	-50.130849
0.001064	-50.116843
0.001064	-50.102953
0.001064	-50.089105
0.001064	-50.075260
0.001064	-50.061542
0.001064	-50.048070
0.001065	-50.034904
0.001065	-50.022289
0.001065	-50.010320
0.001065	-49.998943
0.001066	-49.988310
0.001066	-49.978294
0.001066	-49.968739
0.001066	-49.959680
0.001066	-49.950985
0.001067	-49.942524
0.001067	-49.934324
0.001067	-49.926442
0.001067	-49.918820
0.001068	-49.911332
0.001068	-49.904463
0.001068	-49.897938
0.001068	-49.891526
0.001069	-49.885354
0.001069	-49.879605
0.001069	-49.874509
0.001069	-49.870205
0.001070	-49.866643
0.001070	-49.864096
0.001070	-49.862488
0.001070	-49.861684
0.001070	-49.861524
0.001071	-49.861860
0.001071	-49.862491
0.001071	-49.863540
0.001071	-49.864937
0.001072	-49.866725
0.001072	-49.868769
0.001072	-49.871116
0.001072	-49.873845
0.001073	-49.876964
0.001073	-49.880786
0.001073	-49.885367
0.001074	-49.890386
0.001074	-49.895833
0.001075	-49.901833
0.001075	-49.908255
0.001076	-49.915161
0.001076	-49.922097
0.001077	-49.929204
0.001077	-49.936740
0.001077	-49.944621
0.001078	-49.952860
0.001078	-49.961462
0.001079	-49.970360
0.001079	-49.979862
0.001079	-49.989975
0.001079	-50.000234
0.001079	-50.010677
0.001079	-50.021188
0.001079	-50.031903
0.001079	-50.042940
0.001079	-50.054169
0.001079	-50.065547
0.001079	-50.076873
0.001079	-50.087959
0.001079	-50.098745
0.001078	-50.109175
0.001078	-50.119309
0.001078	-50.129254
0.001078	-50.139330
0.001077	-50.149699
0.001077	-50.160342
0.001077	-50.171091
0.001076	-50.181858
0.001076	-50.192705
Mean R	Std.Dev R
0.001070	5.924781E-6
Mean T	Std.Dev T
-50.041524	0.149813
Current Position 
69.985
R(V)	Theta
0.001076	-49.896436
0.001076	-49.891716
0.001076	-49.887116
0.001077	-49.882849
0.001077	-49.879081
0.001077	-49.875956
0.001077	-49.873294
0.001078	-49.871249
0.001078	-49.869878
0.001078	-49.869280
0.001078	-49.869318
0.001078	-49.870126
0.001078	-49.871815
0.001078	-49.874346
0.001078	-49.877851
0.001078	-49.882262
0.001078	-49.887383
0.001078	-49.892894
0.001078	-49.898569
0.001079	-49.904526
0.001079	-49.910610
0.001079	-49.916703
0.001079	-49.922812
0.001079	-49.928840
0.001079	-49.934574
0.001079	-49.939670
0.001079	-49.944268
0.001079	-49.948421
0.001079	-49.952150
0.001079	-49.955435
0.001080	-49.958396
0.001080	-49.961037
0.001080	-49.963241
0.001081	-49.965078
0.001081	-49.966891
0.001081	-49.968748
0.001082	-49.970590
0.001082	-49.972488
0.001083	-49.974679
0.001083	-49.977520
0.001084	-49.981042
0.001084	-49.985106
0.001085	-49.989729
0.001085	-49.994746
0.001085	-49.999899
0.001086	-50.004872
0.001086	-50.009559
0.001087	-50.014164
0.001087	-50.018830
0.001087	-50.023356
0.001087	-50.027721
0.001088	-50.031955
0.001088	-50.036237
0.001088	-50.040331
0.001088	-50.044152
0.001088	-50.047587
0.001088	-50.050776
0.001089	-50.053806
0.001089	-50.056694
0.001089	-50.059450
0.001089	-50.062158
0.001089	-50.064993
0.001089	-50.067771
0.001088	-50.070339
0.001088	-50.072533
0.001088	-50.074317
0.001088	-50.075518
0.001088	-50.076142
0.001087	-50.076159
0.001087	-50.075605
0.001087	-50.074378
0.001086	-50.072491
0.001086	-50.069859
0.001086	-50.066427
0.001085	-50.062617
0.001085	-50.058766
0.001084	-50.054853
0.001084	-50.050861
0.001083	-50.046825
0.001083	-50.042837
0.001082	-50.038833
0.001082	-50.034982
0.001081	-50.031674
0.001081	-50.028855
0.001080	-50.026300
0.001080	-50.024031
0.001079	-50.022247
0.001079	-50.021054
0.001078	-50.020412
0.001077	-50.020419
0.001077	-50.020923
0.001076	-50.021823
0.001075	-50.023307
0.001075	-50.025394
0.001074	-50.027967
0.001073	-50.031020
0.001072	-50.034381
0.001071	-50.038004
0.001070	-50.041850
0.001069	-50.045855
Mean R	Std.Dev R
0.001082	4.897708E-6
Mean T	Std.Dev T
-49.990229	0.068065
Current Position 
69.970
R(V)	Theta
0.001071	-50.001950
0.001071	-50.011276
0.001072	-50.020473
0.001072	-50.029354
0.001072	-50.037934
0.001073	-50.046555
0.001073	-50.055085
0.001073	-50.063579
0.001073	-50.072129
0.001073	-50.080750
0.001074	-50.089272
0.001074	-50.097515
0.001074	-50.105533
0.001074	-50.113062
0.001073	-50.120244
0.001073	-50.127569
0.001073	-50.135126
0.001073	-50.142817
0.001073	-50.150581
0.001073	-50.158619
0.001073	-50.166875
0.001073	-50.175298
0.001072	-50.183930
0.001072	-50.192829
0.001072	-50.202238
0.001072	-50.212176
0.001072	-50.222680
0.001072	-50.233671
0.001071	-50.245342
0.001071	-50.257715
0.001071	-50.270557
0.001071	-50.283726
0.001070	-50.297331
0.001070	-50.311355
0.001070	-50.325089
0.001069	-50.338845
0.001069	-50.352521
0.001068	-50.365913
0.001068	-50.378952
0.001067	-50.391803
0.001067	-50.404765
0.001066	-50.417427
0.001066	-50.429369
0.001065	-50.440376
0.001065	-50.450579
0.001064	-50.459954
0.001064	-50.468475
0.001064	-50.476170
0.001063	-50.482968
0.001063	-50.488745
0.001063	-50.493587
0.001063	-50.497523
0.001063	-50.500486
0.001063	-50.502470
0.001063	-50.503514
0.001063	-50.503587
0.001063	-50.502786
0.001063	-50.501203
0.001063	-50.498533
0.001063	-50.494605
0.001064	-50.489301
0.001064	-50.482667
0.001064	-50.474591
0.001065	-50.465361
0.001065	-50.454855
0.001066	-50.443216
0.001066	-50.430615
0.001067	-50.417264
0.001067	-50.403277
0.001067	-50.388231
0.001068	-50.371867
0.001068	-50.354296
0.001069	-50.335752
0.001069	-50.316683
0.001070	-50.297332
0.001070	-50.277956
0.001070	-50.258896
0.001071	-50.240127
0.001071	-50.221467
0.001072	-50.202931
0.001072	-50.184604
0.001073	-50.166469
0.001073	-50.148548
0.001074	-50.131110
0.001075	-50.114276
0.001075	-50.097938
0.001076	-50.082041
0.001077	-50.066719
0.001077	-50.052236
0.001078	-50.038688
0.001079	-50.026145
0.001079	-50.014467
0.001080	-50.003984
0.001081	-49.994360
0.001082	-49.985767
0.001082	-49.978308
0.001083	-49.972109
0.001084	-49.967175
0.001084	-49.963682
0.001085	-49.961368
Mean R	Std.Dev R
0.001071	5.491893E-6
Mean T	Std.Dev T
-50.248621	0.177048
Current Position 
69.955
R(V)	Theta
0.001095	-50.115604
0.001094	-50.116054
0.001094	-50.116697
0.001093	-50.117493
0.001092	-50.118187
0.001092	-50.118820
0.001091	-50.119515
0.001091	-50.120124
0.001090	-50.120471
0.001089	-50.120580
0.001089	-50.120598
0.001088	-50.120540
0.001087	-50.120253
0.001087	-50.119462
0.001086	-50.117772
0.001086	-50.115158
0.001085	-50.111762
0.001084	-50.107901
0.001084	-50.103488
0.001083	-50.098385
0.001083	-50.092414
0.001082	-50.085604
0.001082	-50.077974
0.001082	-50.069692
0.001081	-50.061025
0.001081	-50.052255
0.001081	-50.043685
0.001080	-50.035498
0.001080	-50.027906
0.001080	-50.020745
0.001080	-50.013812
0.001080	-50.007034
0.001080	-50.000554
0.001080	-49.994352
0.001080	-49.988249
0.001080	-49.982272
0.001080	-49.976281
0.001081	-49.970018
0.001081	-49.963342
0.001081	-49.956232
0.001082	-49.948963
0.001082	-49.941685
0.001083	-49.934346
0.001083	-49.926664
0.001084	-49.918946
0.001084	-49.911007
0.001085	-49.902507
0.001085	-49.893391
0.001086	-49.883919
0.001086	-49.874254
0.001087	-49.864633
0.001087	-49.855196
0.001088	-49.845980
0.001089	-49.836921
0.001089	-49.828159
0.001090	-49.819710
0.001090	-49.811668
0.001091	-49.803959
0.001091	-49.796859
0.001092	-49.790526
0.001093	-49.784858
0.001093	-49.780041
0.001093	-49.776478
0.001094	-49.774289
0.001094	-49.773372
0.001095	-49.773685
0.001095	-49.774950
0.001096	-49.777190
0.001096	-49.780209
0.001097	-49.783524
0.001097	-49.786823
0.001098	-49.789975
0.001098	-49.793257
0.001099	-49.796952
0.001099	-49.801482
0.001100	-49.806915
0.001100	-49.813293
0.001100	-49.820514
0.001101	-49.828757
0.001101	-49.838163
0.001101	-49.848591
0.001102	-49.860000
0.001102	-49.872073
0.001102	-49.884449
0.001102	-49.896714
0.001102	-49.908911
0.001102	-49.921031
0.001102	-49.933018
0.001102	-49.944868
0.001102	-49.956572
0.001102	-49.968009
0.001102	-49.979182
0.001102	-49.990292
0.001102	-50.001470
0.001102	-50.012918
0.001102	-50.024380
0.001102	-50.035625
0.001102	-50.046596
0.001102	-50.057255
0.001102	-50.067627
Mean R	Std.Dev R
0.001091	7.946151E-6
Mean T	Std.Dev T
-49.951914	0.121412
Current Position 
69.940
R(V)	Theta
0.001106	-49.838784
0.001106	-49.831990
0.001106	-49.825772
0.001106	-49.820322
0.001106	-49.815695
0.001106	-49.811832
0.001106	-49.808840
0.001106	-49.806811
0.001106	-49.805669
0.001106	-49.805648
0.001106	-49.806609
0.001105	-49.808356
0.001105	-49.811131
0.001105	-49.815143
0.001105	-49.820211
0.001105	-49.826108
0.001105	-49.832891
0.001104	-49.840829
0.001104	-49.849896
0.001104	-49.859622
0.001104	-49.869889
0.001103	-49.880688
0.001103	-49.891835
0.001102	-49.903353
0.001102	-49.915352
0.001102	-49.927658
0.001101	-49.940594
0.001101	-49.954290
0.001100	-49.968670
0.001100	-49.983802
0.001100	-49.999354
0.001099	-50.014967
0.001099	-50.030227
0.001099	-50.044689
0.001099	-50.058439
0.001098	-50.071592
0.001098	-50.084392
0.001098	-50.096757
0.001098	-50.108806
0.001098	-50.120509
0.001098	-50.131588
0.001098	-50.142062
0.001098	-50.151840
0.001098	-50.160859
0.001099	-50.169074
0.001099	-50.176318
0.001099	-50.182201
0.001099	-50.186929
0.001100	-50.190631
0.001100	-50.193510
0.001100	-50.195765
0.001100	-50.197540
0.001101	-50.198968
0.001101	-50.199928
0.001101	-50.200488
0.001101	-50.200529
0.001101	-50.199980
0.001101	-50.198822
0.001101	-50.196882
0.001101	-50.193991
0.001101	-50.190176
0.001101	-50.185514
0.001101	-50.180080
0.001101	-50.174010
0.001101	-50.167283
0.001101	-50.159774
0.001100	-50.151591
0.001100	-50.143086
0.001100	-50.134428
0.001100	-50.125527
0.001100	-50.116604
0.001099	-50.107792
0.001099	-50.098877
0.001099	-50.089793
0.001099	-50.080435
0.001099	-50.070705
0.001099	-50.060851
0.001099	-50.050989
0.001099	-50.041083
0.001099	-50.031166
0.001099	-50.021389
0.001099	-50.011908
0.001099	-50.003130
0.001099	-49.994877
0.001099	-49.987083
0.001099	-49.979835
0.001099	-49.973328
0.001099	-49.967750
0.001098	-49.963292
0.001098	-49.959644
0.001098	-49.956524
0.001098	-49.953878
0.001098	-49.951526
0.001098	-49.949311
0.001098	-49.947018
0.001098	-49.944588
0.001098	-49.942065
0.001098	-49.939393
0.001097	-49.936497
0.001097	-49.933410
Mean R	Std.Dev R
0.001101	2.677360E-6
Mean T	Std.Dev T
-50.016521	0.134143
Current Position 
69.925
R(V)	Theta
0.001091	-50.283950
0.001091	-50.289241
0.001091	-50.293242
0.001090	-50.296053
0.001090	-50.297387
0.001090	-50.297250
0.001089	-50.295759
0.001089	-50.293085
0.001089	-50.289569
0.001089	-50.285236
0.001088	-50.280102
0.001088	-50.274223
0.001088	-50.267895
0.001088	-50.261323
0.001088	-50.254487
0.001088	-50.247559
0.001088	-50.240744
0.001087	-50.234292
0.001087	-50.228252
0.001087	-50.222336
0.001087	-50.216395
0.001086	-50.210378
0.001086	-50.204186
0.001086	-50.197700
0.001085	-50.190912
0.001085	-50.183726
0.001085	-50.176275
0.001084	-50.168781
0.001084	-50.161124
0.001083	-50.153277
0.001082	-50.136489
0.001082	-50.136489
0.001082	-50.127572
0.001081	-50.109189
0.001081	-50.099672
0.001080	-50.090262
0.001080	-50.080987
0.001079	-50.071863
0.001079	-50.062877
0.001079	-50.054103
0.001078	-50.045415
0.001078	-50.036274
0.001078	-50.027156
0.001078	-50.018450
0.001078	-50.010022
0.001078	-50.001892
0.001078	-49.993262
0.001078	-49.984214
0.001078	-49.974853
0.001078	-49.965267
0.001079	-49.955334
0.001079	-49.945244
0.001080	-49.935373
0.001080	-49.925662
0.001080	-49.916164
0.001081	-49.907402
0.001081	-49.899941
0.001082	-49.894011
0.001083	-49.889321
0.001083	-49.885557
0.001083	-49.882715
0.001084	-49.880830
0.001084	-49.879715
0.001085	-49.879072
0.001085	-49.879037
0.001086	-49.879606
0.001086	-49.880935
0.001086	-49.883312
0.001087	-49.886498
0.001087	-49.890660
0.001087	-49.896014
0.001087	-49.902704
0.001088	-49.910668
0.001088	-49.919642
0.001088	-49.929586
0.001088	-49.940273
0.001088	-49.951230
0.001088	-49.962372
0.001088	-49.974152
0.001088	-49.986749
0.001088	-50.000014
0.001088	-50.013781
0.001088	-50.027917
0.001088	-50.042278
0.001087	-50.056773
0.001087	-50.071244
0.001086	-50.085697
0.001086	-50.100271
0.001085	-50.114778
0.001085	-50.129336
0.001084	-50.144166
0.001084	-50.159438
0.001083	-50.174464
0.001082	-50.189533
0.001082	-50.204472
0.001081	-50.218937
0.001081	-50.232969
0.001080	-50.246480
0.001079	-50.259379
0.001079	-50.271728
Mean R	Std.Dev R
0.001084	3.886781E-6
Mean T	Std.Dev T
-50.084145	0.142833
Current Position 
69.910
R(V)	Theta
0.001062	-50.164110
0.001062	-50.150451
0.001062	-50.136898
0.001063	-50.123607
0.001063	-50.110612
0.001063	-50.097730
0.001063	-50.084900
0.001064	-50.072154
0.001064	-50.059344
0.001064	-50.046276
0.001064	-50.033310
0.001064	-50.020495
0.001064	-50.007705
0.001064	-49.994861
0.001064	-49.982412
0.001064	-49.970715
0.001064	-49.959687
0.001064	-49.949260
0.001064	-49.939845
0.001064	-49.931728
0.001064	-49.924670
0.001064	-49.918747
0.001063	-49.913819
0.001063	-49.909652
0.001063	-49.906119
0.001063	-49.903245
0.001063	-49.901103
0.001063	-49.899425
0.001063	-49.898322
0.001063	-49.897835
0.001063	-49.897714
0.001063	-49.898058
0.001063	-49.898971
0.001064	-49.900398
0.001064	-49.902345
0.001064	-49.904815
0.001065	-49.908033
0.001065	-49.912360
0.001065	-49.917597
0.001066	-49.923615
0.001066	-49.930256
0.001067	-49.937476
0.001067	-49.945152
0.001068	-49.953035
0.001068	-49.961189
0.001069	-49.969234
0.001069	-49.977422
0.001070	-49.985948
0.001070	-49.994889
0.001071	-50.004275
0.001071	-50.014002
0.001072	-50.023813
0.001072	-50.033713
0.001073	-50.043411
0.001074	-50.052928
0.001074	-50.062142
0.001075	-50.070935
0.001075	-50.079144
0.001076	-50.086819
0.001076	-50.093828
0.001076	-50.100202
0.001077	-50.106020
0.001077	-50.111597
0.001077	-50.117257
0.001077	-50.123206
0.001077	-50.129405
0.001077	-50.142241
0.001077	-50.149112
0.001077	-50.149112
0.001077	-50.164026
0.001076	-50.171970
0.001076	-50.171970
0.001076	-50.188212
0.001076	-50.195947
0.001076	-50.195947
0.001075	-50.209434
0.001075	-50.215226
0.001075	-50.215226
0.001075	-50.225193
0.001074	-50.229195
0.001074	-50.229195
0.001074	-50.234799
0.001073	-50.236355
0.001073	-50.237137
0.001073	-50.237214
0.001072	-50.236447
0.001072	-50.234853
0.001071	-50.232361
0.001071	-50.228799
0.001071	-50.224232
0.001071	-50.218731
0.001070	-50.212498
0.001070	-50.205653
0.001070	-50.198378
0.001069	-50.190916
0.001069	-50.183166
0.001069	-50.175173
0.001069	-50.166939
0.001069	-50.158467
0.001069	-50.150018
Mean R	Std.Dev R
0.001069	5.173807E-6
Mean T	Std.Dev T
-50.066944	0.118814
Current Position 
69.895
R(V)	Theta
0.001062	-49.914898
0.001062	-49.916317
0.001063	-49.917642
0.001063	-49.918832
0.001063	-49.919970
0.001063	-49.921115
0.001063	-49.922164
0.001063	-49.923328
0.001063	-49.924893
0.001064	-49.927123
0.001064	-49.930114
0.001064	-49.933681
0.001064	-49.937610
0.001064	-49.941881
0.001065	-49.946484
0.001065	-49.951550
0.001065	-49.957330
0.001065	-49.964022
0.001065	-49.971690
0.001065	-49.980078
0.001065	-49.988792
0.001065	-49.997786
0.001065	-50.007050
0.001065	-50.016297
0.001065	-50.025074
0.001066	-50.033217
0.001066	-50.040711
0.001066	-50.047887
0.001066	-50.054771
0.001066	-50.061227
0.001066	-50.067299
0.001066	-50.072985
0.001067	-50.078607
0.001067	-50.084110
0.001067	-50.089569
0.001067	-50.094917
0.001068	-50.100128
0.001068	-50.105517
0.001068	-50.111277
0.001069	-50.117484
0.001069	-50.124257
0.001069	-50.131518
0.001070	-50.139347
0.001070	-50.147841
0.001070	-50.156905
0.001070	-50.166642
0.001071	-50.176907
0.001071	-50.187681
0.001071	-50.198532
0.001071	-50.209216
0.001071	-50.219855
0.001072	-50.230059
0.001072	-50.239614
0.001072	-50.248512
0.001072	-50.256795
0.001072	-50.264343
0.001072	-50.271365
0.001072	-50.277798
0.001072	-50.283508
0.001072	-50.288318
0.001072	-50.292143
0.001072	-50.294859
0.001072	-50.296381
0.001072	-50.296845
0.001072	-50.296288
0.001072	-50.294932
0.001072	-50.293037
0.001072	-50.290580
0.001073	-50.287478
0.001073	-50.283922
0.001073	-50.280210
0.001073	-50.276484
0.001073	-50.272896
0.001074	-50.269598
0.001074	-50.266467
0.001074	-50.263795
0.001074	-50.261831
0.001075	-50.260551
0.001075	-50.259878
0.001075	-50.259733
0.001075	-50.260017
0.001075	-50.260513
0.001075	-50.261213
0.001076	-50.262273
0.001076	-50.263964
0.001076	-50.266172
0.001076	-50.268487
0.001076	-50.270882
0.001076	-50.273568
0.001076	-50.276478
0.001076	-50.279397
0.001076	-50.282121
0.001076	-50.284421
0.001076	-50.286019
0.001076	-50.286862
0.001076	-50.287033
0.001076	-50.286419
0.001076	-50.284881
0.001076	-50.282418
0.001077	-50.279126
Mean R	Std.Dev R
0.001070	4.514870E-6
Mean T	Std.Dev T
-50.152346	0.138597
Current Position 
69.880
R(V)	Theta
0.001065	-50.334405
0.001065	-50.334627
0.001065	-50.334917
0.001065	-50.335129
0.001064	-50.334974
0.001064	-50.334270
0.001064	-50.333094
0.001064	-50.331372
0.001064	-50.329296
0.001064	-50.326621
0.001064	-50.322763
0.001064	-50.317784
0.001064	-50.311925
0.001064	-50.305146
0.001064	-50.297444
0.001065	-50.288944
0.001065	-50.279959
0.001065	-50.270930
0.001065	-50.262143
0.001066	-50.253510
0.001066	-50.244979
0.001066	-50.236522
0.001067	-50.228155
0.001067	-50.220034
0.001068	-50.212163
0.001068	-50.204306
0.001068	-50.196586
0.001069	-50.188771
0.001069	-50.180209
0.001070	-50.170711
0.001070	-50.160249
0.001071	-50.148994
0.001071	-50.137076
0.001072	-50.124625
0.001072	-50.111716
0.001072	-50.097997
0.001073	-50.083899
0.001073	-50.069295
0.001074	-50.054414
0.001075	-50.039358
0.001075	-50.024207
0.001076	-50.009550
0.001076	-49.995793
0.001077	-49.982570
0.001078	-49.969218
0.001078	-49.956256
0.001079	-49.943769
0.001079	-49.931695
0.001080	-49.920265
0.001080	-49.909447
0.001081	-49.898983
0.001081	-49.889003
0.001082	-49.879547
0.001082	-49.870688
0.001082	-49.862386
0.001083	-49.854237
0.001083	-49.846493
0.001083	-49.839632
0.001083	-49.834330
0.001083	-49.830831
0.001083	-49.828805
0.001084	-49.827809
0.001084	-49.827544
0.001084	-49.827701
0.001084	-49.828335
0.001083	-49.829195
0.001083	-49.830295
0.001083	-49.831759
0.001083	-49.833448
0.001083	-49.835240
0.001083	-49.837337
0.001083	-49.839964
0.001083	-49.843116
0.001082	-49.846763
0.001082	-49.850707
0.001082	-49.854707
0.001082	-49.858858
0.001082	-49.863296
0.001082	-49.867966
0.001082	-49.872812
0.001083	-49.877705
0.001083	-49.882540
0.001083	-49.887164
0.001083	-49.891648
0.001083	-49.896087
0.001083	-49.900295
0.001083	-49.904112
0.001084	-49.907546
0.001084	-49.910666
0.001084	-49.913361
0.001084	-49.915568
0.001085	-49.917036
0.001085	-49.917709
0.001085	-49.917672
0.001085	-49.917063
0.001085	-49.916129
0.001086	-49.914716
0.001086	-49.912884
0.001086	-49.910821
0.001086	-49.908864
Mean R	Std.Dev R
0.001076	7.960944E-6
Mean T	Std.Dev T
-50.025535	0.184365
Current Position 
69.865
R(V)	Theta
0.001070	-50.281997
0.001071	-50.280174
0.001071	-50.278152
0.001072	-50.276018
0.001072	-50.273672
0.001072	-50.271067
0.001073	-50.268245
0.001073	-50.265218
0.001074	-50.261952
0.001074	-50.258224
0.001075	-50.254101
0.001075	-50.249672
0.001076	-50.244989
0.001076	-50.240195
0.001077	-50.235171
0.001077	-50.229805
0.001078	-50.223976
0.001078	-50.217986
0.001079	-50.211815
0.001080	-50.205558
0.001081	-50.199454
0.001081	-50.193539
0.001082	-50.187931
0.001083	-50.182759
0.001084	-50.177811
0.001085	-50.172957
0.001085	-50.167924
0.001086	-50.162421
0.001087	-50.156348
0.001088	-50.149669
0.001089	-50.142422
0.001089	-50.134615
0.001090	-50.126176
0.001091	-50.117045
0.001092	-50.107325
0.001093	-50.097302
0.001093	-50.087086
0.001094	-50.076620
0.001095	-50.066132
0.001095	-50.055679
0.001096	-50.045638
0.001097	-50.036263
0.001097	-50.027663
0.001098	-50.019840
0.001099	-50.012652
0.001099	-50.006137
0.001100	-50.000689
0.001100	-49.996103
0.001100	-49.992282
0.001101	-49.989037
0.001101	-49.986563
0.001102	-49.984743
0.001102	-49.983584
0.001102	-49.983110
0.001103	-49.983245
0.001103	-49.984106
0.001103	-49.985703
0.001104	-49.987846
0.001104	-49.990237
0.001104	-49.992834
0.001105	-49.995734
0.001105	-49.998880
0.001105	-50.002292
0.001106	-50.005892
0.001106	-50.009707
0.001106	-50.013649
0.001106	-50.017474
0.001107	-50.020791
0.001107	-50.023350
0.001107	-50.025184
0.001107	-50.026314
0.001107	-50.026465
0.001107	-50.025537
0.001107	-50.023661
0.001108	-50.020891
0.001108	-50.017240
0.001108	-50.012853
0.001108	-50.007894
0.001108	-50.002349
0.001108	-49.996196
0.001107	-49.989531
0.001107	-49.982575
0.001107	-49.975503
0.001107	-49.968354
0.001107	-49.961275
0.001107	-49.954684
0.001107	-49.948389
0.001107	-49.942231
0.001107	-49.936476
0.001107	-49.931252
0.001106	-49.926619
0.001106	-49.922265
0.001106	-49.918070
0.001106	-49.914060
0.001106	-49.910404
0.001106	-49.906808
0.001105	-49.903073
0.001105	-49.899323
0.001105	-49.895997
0.001105	-49.893146
Mean R	Std.Dev R
0.001095	1.269118E-5
Mean T	Std.Dev T
-50.067299	0.117127
Current Position 
69.850
R(V)	Theta
0.001098	-49.776980
0.001098	-49.782632
0.001098	-49.788945
0.001098	-49.795604
0.001098	-49.802672
0.001098	-49.810225
0.001098	-49.818203
0.001098	-49.826479
0.001098	-49.835178
0.001098	-49.844259
0.001098	-49.853490
0.001097	-49.862610
0.001097	-49.871423
0.001097	-49.879707
0.001097	-49.887247
0.001096	-49.894057
0.001096	-49.900029
0.001096	-49.905175
0.001095	-49.909582
0.001095	-49.913373
0.001095	-49.916762
0.001095	-49.919635
0.001094	-49.922079
0.001094	-49.924296
0.001094	-49.926366
0.001094	-49.928214
0.001093	-49.929771
0.001093	-49.930953
0.001093	-49.931797
0.001093	-49.932643
0.001092	-49.933459
0.001092	-49.934211
0.001092	-49.934944
0.001092	-49.935598
0.001091	-49.936113
0.001091	-49.936603
0.001091	-49.936918
0.001090	-49.936849
0.001090	-49.936363
0.001090	-49.935360
0.001089	-49.934024
0.001089	-49.932569
0.001088	-49.931144
0.001088	-49.929829
0.001087	-49.928924
0.001087	-49.928456
0.001086	-49.928203
0.001086	-49.927918
0.001085	-49.927792
0.001085	-49.928015
0.001084	-49.928602
0.001084	-49.929699
0.001083	-49.931404
0.001082	-49.933868
0.001082	-49.937257
0.001081	-49.941282
0.001080	-49.945657
0.001080	-49.950524
0.001079	-49.955707
0.001078	-49.961064
0.001078	-49.966592
0.001077	-49.972670
0.001076	-49.979356
0.001075	-49.986570
0.001075	-49.994198
0.001074	-50.002235
0.001073	-50.010833
0.001073	-50.019786
0.001072	-50.028790
0.001071	-50.037721
0.001071	-50.046639
0.001070	-50.055438
0.001069	-50.064208
0.001069	-50.072875
0.001068	-50.081371
0.001068	-50.089620
0.001067	-50.097469
0.001066	-50.104862
0.001066	-50.111448
0.001065	-50.117132
0.001065	-50.121876
0.001064	-50.125728
0.001064	-50.128730
0.001064	-50.130881
0.001063	-50.132210
0.001063	-50.133000
0.001063	-50.133475
0.001063	-50.133961
0.001062	-50.134566
0.001062	-50.135073
0.001062	-50.135125
0.001062	-50.134322
0.001062	-50.132567
0.001062	-50.129799
0.001062	-50.126310
0.001062	-50.122795
0.001062	-50.119268
0.001063	-50.115407
0.001063	-50.111028
0.001063	-50.106091
Mean R	Std.Dev R
0.001082	1.320454E-5
Mean T	Std.Dev T
-49.976708	0.102260
Current Position 
69.835
R(V)	Theta
0.001067	-50.168385
0.001068	-50.169204
0.001068	-50.170299
0.001068	-50.171551
0.001069	-50.172968
0.001069	-50.174523
0.001069	-50.176292
0.001069	-50.178332
0.001070	-50.180547
0.001070	-50.183320
0.001070	-50.186758
0.001070	-50.190700
0.001070	-50.194746
0.001070	-50.198528
0.001070	-50.202335
0.001071	-50.206465
0.001071	-50.211041
0.001071	-50.216171
0.001071	-50.221878
0.001071	-50.227997
0.001071	-50.234365
0.001071	-50.240726
0.001071	-50.246916
0.001072	-50.252624
0.001072	-50.257853
0.001072	-50.262878
0.001072	-50.267785
0.001072	-50.272491
0.001072	-50.276957
0.001073	-50.281150
0.001073	-50.285023
0.001073	-50.288527
0.001074	-50.291604
0.001074	-50.294247
0.001074	-50.296501
0.001075	-50.298370
0.001075	-50.299825
0.001076	-50.300992
0.001076	-50.301640
0.001077	-50.301436
0.001078	-50.300182
0.001079	-50.298351
0.001079	-50.296441
0.001080	-50.294414
0.001081	-50.292041
0.001082	-50.289348
0.001083	-50.286644
0.001084	-50.284064
0.001085	-50.281622
0.001086	-50.279458
0.001088	-50.277535
0.001089	-50.275823
0.001090	-50.274492
0.001091	-50.273603
0.001092	-50.273000
0.001093	-50.272845
0.001093	-50.273477
0.001094	-50.275015
0.001095	-50.277355
0.001095	-50.280483
0.001095	-50.284344
0.001096	-50.289085
0.001096	-50.294611
0.001095	-50.300725
0.001095	-50.307479
0.001095	-50.314762
0.001095	-50.322764
0.001094	-50.331368
0.001093	-50.340371
0.001093	-50.349620
0.001092	-50.359118
0.001091	-50.369010
0.001091	-50.379573
0.001090	-50.390849
0.001089	-50.402852
0.001088	-50.415549
0.001087	-50.428654
0.001086	-50.442080
0.001085	-50.455580
0.001084	-50.469269
0.001083	-50.483206
0.001082	-50.497471
0.001081	-50.512095
0.001080	-50.526824
0.001078	-50.541615
0.001077	-50.556565
0.001076	-50.571736
0.001075	-50.586810
0.001074	-50.601264
0.001073	-50.614711
0.001072	-50.627012
0.001071	-50.637996
0.001070	-50.647495
0.001069	-50.655570
0.001068	-50.661834
0.001067	-50.666420
0.001067	-50.669157
0.001066	-50.670115
0.001065	-50.669570
0.001064	-50.667705
Mean R	Std.Dev R
0.001079	9.605067E-6
Mean T	Std.Dev T
-50.343230	0.147315
Current Position 
69.820
R(V)	Theta
0.001073	-50.000739
0.001073	-50.002005
0.001073	-50.003243
0.001073	-50.004783
0.001073	-50.006422
0.001073	-50.007912
0.001072	-50.009052
0.001072	-50.009738
0.001072	-50.009535
0.001072	-50.008715
0.001072	-50.007366
0.001071	-50.005240
0.001071	-50.002220
0.001071	-49.998146
0.001071	-49.993218
0.001070	-49.987382
0.001070	-49.980829
0.001070	-49.974194
0.001070	-49.967759
0.001069	-49.961887
0.001069	-49.956973
0.001069	-49.952854
0.001069	-49.949210
0.001069	-49.946125
0.001069	-49.943658
0.001069	-49.941829
0.001069	-49.940402
0.001069	-49.939141
0.001069	-49.937886
0.001069	-49.936777
0.001069	-49.936083
0.001069	-49.935746
0.001069	-49.935648
0.001069	-49.935630
0.001069	-49.935505
0.001070	-49.935231
0.001070	-49.935102
0.001070	-49.935456
0.001070	-49.936071
0.001070	-49.936725
0.001070	-49.937427
0.001070	-49.938092
0.001070	-49.938710
0.001070	-49.939590
0.001070	-49.940626
0.001069	-49.941548
0.001069	-49.942099
0.001069	-49.942300
0.001069	-49.942178
0.001069	-49.941318
0.001069	-49.939619
0.001069	-49.937000
0.001069	-49.933922
0.001068	-49.930819
0.001068	-49.927950
0.001068	-49.925363
0.001068	-49.923020
0.001068	-49.920822
0.001068	-49.918792
0.001068	-49.917161
0.001068	-49.915912
0.001068	-49.914862
0.001068	-49.913662
0.001068	-49.912314
0.001069	-49.911011
0.001069	-49.909885
0.001069	-49.908734
0.001069	-49.907567
0.001069	-49.906401
0.001069	-49.905284
0.001069	-49.904342
0.001069	-49.903648
0.001069	-49.903175
0.001069	-49.902885
0.001069	-49.903000
0.001069	-49.903556
0.001069	-49.904264
0.001069	-49.905115
0.001069	-49.905875
0.001069	-49.906511
0.001068	-49.907438
0.001068	-49.908967
0.001068	-49.911053
0.001068	-49.913349
0.001068	-49.915368
0.001067	-49.916808
0.001067	-49.917668
0.001067	-49.918000
0.001066	-49.917908
0.001066	-49.917135
0.001066	-49.915759
0.001065	-49.913936
0.001065	-49.911811
0.001064	-49.909541
0.001064	-49.907216
0.001064	-49.904860
0.001063	-49.902454
0.001063	-49.900000
0.001063	-49.897652
0.001063	-49.895729
Mean R	Std.Dev R
0.001069	2.163215E-6
Mean T	Std.Dev T
-49.937715	0.033625
Current Position 
69.805
R(V)	Theta
0.001052	-49.947204
0.001052	-49.948564
0.001052	-49.950235
0.001052	-49.952222
0.001053	-49.956825
0.001053	-49.956825
0.001053	-49.959205
0.001053	-49.964688
0.001054	-49.968137
0.001054	-49.968137
0.001055	-49.975962
0.001055	-49.975962
0.001055	-49.984254
0.001056	-49.988459
0.001056	-49.992472
0.001056	-49.992472
0.001057	-50.000682
0.001057	-50.005004
0.001057	-50.005004
0.001058	-50.013718
0.001058	-50.017889
0.001059	-50.021982
0.001059	-50.025994
0.001059	-50.029796
0.001060	-50.033673
0.001060	-50.037859
0.001060	-50.042723
0.001061	-50.048181
0.001061	-50.054297
0.001061	-50.061101
0.001061	-50.068683
0.001062	-50.076893
0.001062	-50.085651
0.001062	-50.094688
0.001063	-50.104001
0.001063	-50.113568
0.001063	-50.123463
0.001063	-50.133914
0.001064	-50.144903
0.001064	-50.156577
0.001064	-50.169229
0.001064	-50.182649
0.001064	-50.196526
0.001064	-50.210549
0.001064	-50.224589
0.001064	-50.238463
0.001064	-50.252249
0.001064	-50.266221
0.001064	-50.280173
0.001063	-50.293862
0.001063	-50.307241
0.001063	-50.320248
0.001063	-50.332736
0.001063	-50.344757
0.001062	-50.356301
0.001062	-50.367403
0.001062	-50.377648
0.001062	-50.387393
0.001061	-50.396790
0.001061	-50.405991
0.001061	-50.414612
0.001061	-50.422588
0.001060	-50.429940
0.001060	-50.436649
0.001060	-50.442806
0.001060	-50.448602
0.001060	-50.454009
0.001059	-50.458757
0.001059	-50.462804
0.001059	-50.466361
0.001059	-50.469632
0.001059	-50.472679
0.001059	-50.475436
0.001059	-50.477909
0.001059	-50.480165
0.001059	-50.482159
0.001058	-50.483913
0.001058	-50.485540
0.001058	-50.487249
0.001058	-50.488867
0.001058	-50.490594
0.001058	-50.492276
0.001058	-50.494002
0.001058	-50.495809
0.001058	-50.497714
0.001058	-50.499610
0.001058	-50.501285
0.001058	-50.502648
0.001058	-50.503773
0.001058	-50.504570
0.001058	-50.505017
0.001058	-50.505250
0.001058	-50.505127
0.001058	-50.504732
0.001058	-50.504394
0.001058	-50.504527
0.001058	-50.505319
0.001058	-50.506788
0.001058	-50.508942
0.001059	-50.511739
Mean R	Std.Dev R
0.001059	3.182723E-6
Mean T	Std.Dev T
-50.261777	0.213019
Current Position 
69.790
R(V)	Theta
0.001068	-50.389725
0.001068	-50.390863
0.001068	-50.392079
0.001068	-50.393401
0.001067	-50.394805
0.001067	-50.396331
0.001067	-50.397831
0.001067	-50.399215
0.001066	-50.400551
0.001066	-50.401596
0.001066	-50.402393
0.001066	-50.402852
0.001066	-50.402850
0.001066	-50.402392
0.001066	-50.401464
0.001066	-50.400169
0.001066	-50.398699
0.001066	-50.397085
0.001066	-50.395224
0.001066	-50.393080
0.001066	-50.390627
0.001066	-50.387786
0.001067	-50.384413
0.001067	-50.380374
0.001067	-50.375705
0.001068	-50.370726
0.001068	-50.365551
0.001068	-50.360059
0.001069	-50.354525
0.001069	-50.349018
0.001070	-50.343493
0.001070	-50.338018
0.001071	-50.332407
0.001071	-50.326567
0.001072	-50.313391
0.001072	-50.313391
0.001073	-50.305650
0.001073	-50.296999
0.001074	-50.288141
0.001074	-50.279239
0.001075	-50.261230
0.001075	-50.261230
0.001076	-50.252187
0.001077	-50.234844
0.001077	-50.226171
0.001077	-50.226171
0.001078	-50.208713
0.001078	-50.200016
0.001079	-50.191351
0.001079	-50.182866
0.001080	-50.174571
0.001080	-50.166393
0.001080	-50.158437
0.001081	-50.150871
0.001081	-50.143953
0.001081	-50.137821
0.001082	-50.132399
0.001082	-50.127374
0.001082	-50.122907
0.001082	-50.118961
0.001082	-50.115379
0.001082	-50.112133
0.001082	-50.109159
0.001082	-50.106452
0.001082	-50.103902
0.001082	-50.101735
0.001082	-50.100018
0.001082	-50.098787
0.001082	-50.098004
0.001082	-50.097582
0.001082	-50.097537
0.001082	-50.097506
0.001081	-50.097080
0.001081	-50.096155
0.001081	-50.094612
0.001081	-50.092425
0.001081	-50.089702
0.001081	-50.086496
0.001081	-50.082632
0.001081	-50.078016
0.001081	-50.073273
0.001081	-50.068595
0.001081	-50.063915
0.001081	-50.059537
0.001081	-50.055717
0.001081	-50.052624
0.001081	-50.050084
0.001081	-50.047799
0.001081	-50.045631
0.001081	-50.043674
0.001081	-50.041795
0.001081	-50.039708
0.001081	-50.037279
0.001081	-50.034361
0.001081	-50.031221
0.001081	-50.028109
0.001081	-50.025128
0.001081	-50.022277
0.001081	-50.019116
0.001081	-50.015297
Mean R	Std.Dev R
0.001076	6.434895E-6
Mean T	Std.Dev T
-50.212976	0.140502
Current Position 
69.775
R(V)	Theta
0.001082	-50.475082
0.001082	-50.481806
0.001081	-50.487402
0.001081	-50.491765
0.001081	-50.494867
0.001080	-50.496977
0.001080	-50.498435
0.001080	-50.499245
0.001079	-50.499462
0.001079	-50.499026
0.001079	-50.498244
0.001079	-50.497178
0.001079	-50.495848
0.001079	-50.494238
0.001079	-50.492340
0.001079	-50.490054
0.001079	-50.487432
0.001079	-50.484627
0.001079	-50.481765
0.001079	-50.479031
0.001080	-50.476359
0.001080	-50.473878
0.001080	-50.471573
0.001080	-50.469258
0.001080	-50.467017
0.001080	-50.462952
0.001080	-50.461065
0.001080	-50.461065
0.001080	-50.457026
0.001080	-50.457026
0.001080	-50.454254
0.001080	-50.446929
0.001080	-50.442511
0.001080	-50.442511
0.001079	-50.432442
0.001079	-50.427050
0.001079	-50.421252
0.001079	-50.414845
0.001079	-50.407887
0.001079	-50.407887
0.001079	-50.393296
0.001079	-50.385803
0.001079	-50.385803
0.001078	-50.370925
0.001078	-50.364117
0.001078	-50.364117
0.001078	-50.351591
0.001078	-50.345681
0.001078	-50.345681
0.001078	-50.333915
0.001078	-50.327788
0.001078	-50.321451
0.001078	-50.315184
0.001078	-50.309175
0.001078	-50.303469
0.001078	-50.298193
0.001078	-50.293458
0.001078	-50.289228
0.001078	-50.285330
0.001078	-50.281740
0.001078	-50.278301
0.001078	-50.274802
0.001078	-50.271182
0.001078	-50.267656
0.001078	-50.264374
0.001078	-50.261148
0.001078	-50.258105
0.001078	-50.255141
0.001078	-50.251975
0.001078	-50.248399
0.001079	-50.244290
0.001079	-50.239515
0.001079	-50.233707
0.001079	-50.226685
0.001079	-50.218119
0.001079	-50.208271
0.001079	-50.197339
0.001079	-50.185370
0.001080	-50.172648
0.001080	-50.159666
0.001080	-50.146257
0.001080	-50.132450
0.001080	-50.118467
0.001081	-50.104276
0.001081	-50.089883
0.001081	-50.075231
0.001082	-50.060315
0.001082	-50.045282
0.001082	-50.030286
0.001082	-50.015406
0.001083	-50.000914
0.001083	-49.986974
0.001083	-49.973660
0.001084	-49.961160
0.001084	-49.949649
0.001084	-49.938797
0.001085	-49.928225
0.001085	-49.918202
0.001086	-49.908994
0.001086	-49.900828
Mean R	Std.Dev R
0.001080	1.850763E-6
Mean T	Std.Dev T
-50.304475	0.176412
Current Position 
69.760
R(V)	Theta
0.001071	-50.249257
0.001070	-50.252058
0.001070	-50.253815
0.001069	-50.254390
0.001069	-50.253939
0.001069	-50.252769
0.001068	-50.251002
0.001068	-50.248521
0.001068	-50.245569
0.001068	-50.242334
0.001067	-50.238678
0.001067	-50.234656
0.001067	-50.230294
0.001067	-50.225685
0.001067	-50.221422
0.001067	-50.217674
0.001067	-50.214330
0.001067	-50.210989
0.001067	-50.207476
0.001068	-50.203896
0.001068	-50.199954
0.001068	-50.195556
0.001069	-50.190900
0.001069	-50.185948
0.001069	-50.180708
0.001070	-50.175271
0.001070	-50.169739
0.001071	-50.164094
0.001071	-50.158458
0.001072	-50.152818
0.001072	-50.147435
0.001073	-50.142373
0.001073	-50.137496
0.001073	-50.132984
0.001074	-50.128626
0.001074	-50.124415
0.001075	-50.120416
0.001075	-50.116688
0.001076	-50.113312
0.001076	-50.110374
0.001076	-50.107778
0.001077	-50.105520
0.001077	-50.103458
0.001077	-50.101763
0.001078	-50.100422
0.001078	-50.099305
0.001078	-50.098574
0.001078	-50.098150
0.001078	-50.097816
0.001077	-50.096408
0.001077	-50.096408
0.001077	-50.095117
0.001077	-50.091521
0.001076	-50.089514
0.001076	-50.089514
0.001075	-50.083840
0.001075	-50.080402
0.001075	-50.080402
0.001074	-50.072361
0.001074	-50.067664
0.001073	-50.062093
0.001073	-50.055730
0.001072	-50.048573
0.001072	-50.040640
0.001071	-50.031803
0.001071	-50.022216
0.001071	-50.022216
0.001070	-50.003089
0.001070	-49.994261
0.001070	-49.985977
0.001070	-49.978154
0.001070	-49.970786
0.001070	-49.970786
0.001069	-49.956975
0.001069	-49.949830
0.001069	-49.942601
0.001069	-49.935429
0.001069	-49.928190
0.001069	-49.920940
0.001069	-49.913853
0.001069	-49.906846
0.001070	-49.899670
0.001070	-49.892380
0.001070	-49.885049
0.001071	-49.877935
0.001071	-49.871150
0.001072	-49.864538
0.001072	-49.857960
0.001073	-49.851482
0.001074	-49.845384
0.001074	-49.840205
0.001075	-49.836193
0.001076	-49.833072
0.001077	-49.830533
0.001078	-49.828390
0.001079	-49.826759
0.001080	-49.826059
0.001081	-49.826334
0.001082	-49.827519
0.001083	-49.829670
Mean R	Std.Dev R
0.001072	3.879830E-6
Mean T	Std.Dev T
-50.064035	0.136797
Current Position 
69.745
R(V)	Theta
0.001092	-49.895088
0.001092	-49.887934
0.001092	-49.881088
0.001092	-49.874218
0.001092	-49.867067
0.001092	-49.859710
0.001092	-49.852285
0.001091	-49.844691
0.001091	-49.836470
0.001091	-49.827823
0.001090	-49.818455
0.001090	-49.808291
0.001089	-49.797747
0.001088	-49.787194
0.001087	-49.776614
0.001087	-49.765906
0.001086	-49.755227
0.001085	-49.744799
0.001084	-49.735102
0.001083	-49.726387
0.001082	-49.718658
0.001081	-49.712228
0.001081	-49.707004
0.001080	-49.703022
0.001079	-49.700260
0.001078	-49.698663
0.001077	-49.698233
0.001077	-49.699060
0.001076	-49.701399
0.001076	-49.705088
0.001075	-49.709986
0.001075	-49.715977
0.001074	-49.723277
0.001074	-49.731977
0.001074	-49.741972
0.001073	-49.752723
0.001073	-49.764126
0.001073	-49.776508
0.001072	-49.789521
0.001072	-49.803376
0.001072	-49.817815
0.001071	-49.832796
0.001071	-49.848342
0.001071	-49.864209
0.001070	-49.880008
0.001070	-49.895428
0.001069	-49.910493
0.001069	-49.925434
0.001068	-49.940367
0.001067	-49.955228
0.001067	-49.969942
0.001066	-49.984464
0.001065	-49.998687
0.001064	-50.012603
0.001064	-50.026203
0.001063	-50.039402
0.001062	-50.051809
0.001061	-50.063482
0.001060	-50.074437
0.001060	-50.084877
0.001059	-50.094970
0.001058	-50.104868
0.001058	-50.114714
0.001057	-50.124756
0.001057	-50.135051
0.001056	-50.145860
0.001056	-50.157559
0.001056	-50.169631
0.001056	-50.182099
0.001056	-50.194847
0.001056	-50.207894
0.001056	-50.221013
0.001056	-50.234129
0.001056	-50.247053
0.001056	-50.259668
0.001057	-50.271963
0.001057	-50.284223
0.001057	-50.296356
0.001058	-50.308006
0.001058	-50.319162
0.001058	-50.329912
0.001058	-50.340159
0.001058	-50.349744
0.001059	-50.358551
0.001059	-50.366516
0.001059	-50.373391
0.001059	-50.379012
0.001059	-50.383677
0.001059	-50.391035
0.001059	-50.394294
0.001058	-50.397525
0.001058	-50.400655
0.001058	-50.403627
0.001058	-50.403627
0.001058	-50.408977
0.001058	-50.411407
0.001059	-50.413796
0.001059	-50.415958
0.001059	-50.417896
0.001059	-50.417896
Mean R	Std.Dev R
0.001069	1.244178E-5
Mean T	Std.Dev T
-50.019027	0.252504
Current Position 
69.730
R(V)	Theta
0.001053	-50.072685
0.001053	-50.050970
0.001053	-50.029979
0.001054	-50.010042
0.001054	-49.991041
0.001054	-49.972867
0.001054	-49.955483
0.001055	-49.938968
0.001055	-49.923551
0.001055	-49.909117
0.001056	-49.895590
0.001056	-49.882817
0.001056	-49.870969
0.001057	-49.860411
0.001057	-49.851262
0.001057	-49.843431
0.001058	-49.836763
0.001058	-49.831062
0.001058	-49.826342
0.001059	-49.822708
0.001059	-49.819851
0.001060	-49.817576
0.001060	-49.815787
0.001060	-49.814628
0.001061	-49.814055
0.001061	-49.813958
0.001062	-49.814362
0.001062	-49.815136
0.001063	-49.816040
0.001063	-49.817059
0.001064	-49.818245
0.001064	-49.819992
0.001064	-49.822814
0.001065	-49.826754
0.001065	-49.831573
0.001065	-49.836996
0.001066	-49.842630
0.001066	-49.848360
0.001066	-49.854035
0.001067	-49.859514
0.001067	-49.864900
0.001067	-49.870262
0.001068	-49.875775
0.001068	-49.881595
0.001069	-49.887793
0.001069	-49.894440
0.001069	-49.901269
0.001070	-49.908472
0.001070	-49.915883
0.001070	-49.923638
0.001071	-49.931753
0.001071	-49.940202
0.001072	-49.949210
0.001072	-49.958792
0.001073	-49.969081
0.001073	-49.980242
0.001073	-49.992114
0.001074	-50.004573
0.001074	-50.017309
0.001075	-50.030008
0.001075	-50.042550
0.001076	-50.055039
0.001076	-50.067433
0.001076	-50.079759
0.001077	-50.092027
0.001077	-50.104203
0.001077	-50.116304
0.001078	-50.128105
0.001078	-50.139470
0.001079	-50.150365
0.001079	-50.160576
0.001080	-50.170074
0.001080	-50.179031
0.001081	-50.187383
0.001081	-50.195003
0.001082	-50.201952
0.001083	-50.208044
0.001083	-50.213410
0.001084	-50.217985
0.001084	-50.221843
0.001085	-50.224914
0.001086	-50.227125
0.001086	-50.228672
0.001087	-50.229580
0.001088	-50.229962
0.001088	-50.229944
0.001089	-50.229652
0.001089	-50.229266
0.001090	-50.228751
0.001091	-50.227973
0.001091	-50.227001
0.001092	-50.225942
0.001092	-50.224760
0.001093	-50.223715
0.001093	-50.222864
0.001094	-50.222184
0.001094	-50.221712
0.001094	-50.221497
0.001095	-50.221565
0.001095	-50.221799
Mean R	Std.Dev R
0.001072	1.255298E-5
Mean T	Std.Dev T
-50.010422	0.158960
Current Position 
69.715
R(V)	Theta
0.001092	-49.873103
0.001092	-49.871206
0.001092	-49.869502
0.001092	-49.868225
0.001092	-49.867233
0.001092	-49.866669
0.001092	-49.866694
0.001092	-49.867213
0.001092	-49.868375
0.001092	-49.869894
0.001092	-49.871682
0.001092	-49.873627
0.001092	-49.875628
0.001092	-49.877739
0.001092	-49.880006
0.001091	-49.882314
0.001091	-49.884687
0.001091	-49.887089
0.001091	-49.889363
0.001090	-49.891898
0.001090	-49.894897
0.001090	-49.898687
0.001090	-49.903377
0.001089	-49.908543
0.001089	-49.913965
0.001089	-49.919637
0.001088	-49.925535
0.001088	-49.931361
0.001088	-49.936868
0.001088	-49.941631
0.001087	-49.945702
0.001087	-49.949096
0.001087	-49.952219
0.001087	-49.955297
0.001087	-49.958154
0.001086	-49.960856
0.001086	-49.963455
0.001086	-49.966126
0.001086	-49.968964
0.001086	-49.972009
0.001086	-49.975175
0.001085	-49.978205
0.001085	-49.980940
0.001085	-49.983288
0.001085	-49.985207
0.001085	-49.986631
0.001084	-49.987604
0.001084	-49.988012
0.001084	-49.987767
0.001083	-49.986814
0.001083	-49.984531
0.001083	-49.980810
0.001082	-49.975947
0.001082	-49.970588
0.001082	-49.965018
0.001082	-49.959080
0.001081	-49.952506
0.001081	-49.945563
0.001081	-49.938316
0.001081	-49.930847
0.001080	-49.923144
0.001080	-49.915284
0.001080	-49.906956
0.001080	-49.898259
0.001079	-49.889184
0.001079	-49.879787
0.001079	-49.870332
0.001079	-49.860981
0.001079	-49.851636
0.001079	-49.842052
0.001078	-49.832093
0.001078	-49.821752
0.001078	-49.811013
0.001078	-49.800033
0.001078	-49.788735
0.001078	-49.777070
0.001078	-49.765125
0.001078	-49.752982
0.001079	-49.740902
0.001079	-49.728833
0.001079	-49.716595
0.001079	-49.704262
0.001079	-49.691928
0.001079	-49.679870
0.001079	-49.668189
0.001079	-49.656705
0.001080	-49.645922
0.001080	-49.635758
0.001080	-49.626025
0.001080	-49.616788
0.001080	-49.608217
0.001080	-49.600661
0.001081	-49.594311
0.001081	-49.589258
0.001081	-49.585440
0.001081	-49.582673
0.001081	-49.580877
0.001081	-49.579813
0.001081	-49.579284
0.001082	-49.579233
Mean R	Std.Dev R
0.001084	4.969466E-6
Mean T	Std.Dev T
-49.848893	0.127305
Current Position 
69.700
R(V)	Theta
0.001086	-50.107609
0.001087	-50.113385
0.001088	-50.118613
0.001088	-50.123331
0.001089	-50.127590
0.001090	-50.131610
0.001091	-50.135652
0.001092	-50.139626
0.001092	-50.143422
0.001093	-50.146921
0.001094	-50.150233
0.001095	-50.155477
0.001095	-50.155477
0.001095	-50.157282
0.001096	-50.158300
0.001097	-50.158429
0.001097	-50.157810
0.001098	-50.155257
0.001099	-50.153298
0.001099	-50.153298
0.001099	-50.148765
0.001100	-50.146531
0.001100	-50.144432
0.001100	-50.142387
0.001100	-50.140281
0.001101	-50.137913
0.001101	-50.135210
0.001101	-50.132145
0.001101	-50.128631
0.001101	-50.124828
0.001101	-50.120846
0.001101	-50.116523
0.001100	-50.111980
0.001100	-50.107216
0.001100	-50.102123
0.001099	-50.096840
0.001099	-50.091426
0.001099	-50.086020
0.001098	-50.080825
0.001098	-50.075652
0.001097	-50.070559
0.001096	-50.065492
0.001096	-50.060444
0.001095	-50.055690
0.001095	-50.051198
0.001094	-50.046981
0.001093	-50.043117
0.001093	-50.039533
0.001092	-50.036126
0.001091	-50.033043
0.001090	-50.030278
0.001090	-50.027864
0.001089	-50.026020
0.001088	-50.024896
0.001088	-50.024539
0.001087	-50.024964
0.001086	-50.026079
0.001085	-50.027863
0.001085	-50.030555
0.001084	-50.034097
0.001083	-50.038145
0.001083	-50.042407
0.001082	-50.047015
0.001081	-50.052387
0.001081	-50.058465
0.001080	-50.065449
0.001080	-50.073248
0.001080	-50.081604
0.001079	-50.090802
0.001079	-50.100729
0.001079	-50.111414
0.001079	-50.122758
0.001078	-50.134970
0.001078	-50.147958
0.001078	-50.161476
0.001078	-50.175445
0.001077	-50.190006
0.001077	-50.205124
0.001077	-50.220657
0.001076	-50.236575
0.001076	-50.252707
0.001075	-50.269243
0.001075	-50.285941
0.001074	-50.302801
0.001074	-50.319729
0.001073	-50.336533
0.001072	-50.352820
0.001072	-50.368235
0.001071	-50.382739
0.001071	-50.396283
0.001070	-50.408676
0.001069	-50.419809
0.001069	-50.429520
0.001068	-50.437691
0.001068	-50.444133
0.001068	-50.448868
0.001068	-50.451860
0.001067	-50.453606
0.001067	-50.454137
0.001067	-50.453313
Mean R	Std.Dev R
0.001087	1.085915E-5
Mean T	Std.Dev T
-50.160178	0.125186
Current Position 
69.685
R(V)	Theta
0.001077	-50.166351
0.001078	-50.161672
0.001078	-50.156396
0.001079	-50.150506
0.001080	-50.144337
0.001080	-50.138032
0.001081	-50.131570
0.001081	-50.124775
0.001082	-50.118066
0.001082	-50.112092
0.001082	-50.107015
0.001083	-50.099759
0.001083	-50.099759
0.001084	-50.097431
0.001084	-50.094772
0.001085	-50.094251
0.001085	-50.094251
0.001085	-50.094357
0.001085	-50.095260
0.001085	-50.096406
0.001086	-50.097958
0.001086	-50.099711
0.001086	-50.101358
0.001086	-50.102523
0.001086	-50.103246
0.001086	-50.103415
0.001087	-50.102894
0.001087	-50.101432
0.001087	-50.098890
0.001087	-50.095592
0.001087	-50.091756
0.001087	-50.087518
0.001087	-50.083094
0.001088	-50.078327
0.001088	-50.073024
0.001088	-50.067384
0.001088	-50.061562
0.001088	-50.055470
0.001088	-50.049325
0.001089	-50.043480
0.001089	-50.038464
0.001089	-50.034602
0.001089	-50.031939
0.001089	-50.030486
0.001089	-50.030208
0.001089	-50.031244
0.001089	-50.033601
0.001090	-50.037428
0.001090	-50.042295
0.001090	-50.048262
0.001090	-50.055033
0.001090	-50.062273
0.001090	-50.069920
0.001090	-50.077670
0.001090	-50.085145
0.001090	-50.092805
0.001090	-50.100945
0.001090	-50.109667
0.001090	-50.119083
0.001090	-50.129314
0.001090	-50.140503
0.001090	-50.152533
0.001090	-50.165225
0.001090	-50.178378
0.001090	-50.191927
0.001090	-50.205968
0.001090	-50.220611
0.001090	-50.235678
0.001091	-50.250734
0.001091	-50.265219
0.001091	-50.278824
0.001091	-50.291571
0.001091	-50.303578
0.001091	-50.315405
0.001091	-50.326480
0.001091	-50.336233
0.001092	-50.344762
0.001092	-50.351879
0.001092	-50.357844
0.001092	-50.362555
0.001092	-50.366222
0.001093	-50.369100
0.001093	-50.371305
0.001093	-50.373049
0.001093	-50.374687
0.001094	-50.377276
0.001094	-50.380796
0.001094	-50.385018
0.001094	-50.389716
0.001095	-50.394647
0.001095	-50.399446
0.001095	-50.403838
0.001095	-50.407888
0.001095	-50.411559
0.001095	-50.414761
0.001095	-50.417501
0.001095	-50.419908
0.001095	-50.422030
0.001095	-50.423807
0.001095	-50.425114
Mean R	Std.Dev R
0.001089	4.355902E-6
Mean T	Std.Dev T
-50.185390	0.133153
Current Position 
69.670
R(V)	Theta
0.001096	-49.924062
0.001096	-49.915119
0.001096	-49.906570
0.001097	-49.898349
0.001097	-49.890236
0.001097	-49.881974
0.001098	-49.873727
0.001098	-49.865585
0.001098	-49.857503
0.001099	-49.849296
0.001099	-49.840997
0.001099	-49.832638
0.001099	-49.824279
0.001100	-49.815839
0.001100	-49.807323
0.001100	-49.798830
0.001100	-49.790336
0.001100	-49.781635
0.001100	-49.772707
0.001100	-49.763758
0.001100	-49.755017
0.001100	-49.746584
0.001100	-49.738553
0.001100	-49.731096
0.001099	-49.724630
0.001099	-49.719389
0.001098	-49.711715
0.001098	-49.709171
0.001098	-49.709171
0.001097	-49.707273
0.001097	-49.708028
0.001097	-49.708028
0.001096	-49.713051
0.001096	-49.713051
0.001095	-49.721514
0.001095	-49.726570
0.001094	-49.731959
0.001094	-49.737689
0.001093	-49.743940
0.001093	-49.751050
0.001093	-49.758881
0.001092	-49.766874
0.001092	-49.774845
0.001091	-49.782595
0.001091	-49.789882
0.001091	-49.796589
0.001090	-49.802494
0.001090	-49.807633
0.001090	-49.811889
0.001089	-49.815379
0.001089	-49.817977
0.001089	-49.819481
0.001089	-49.819672
0.001089	-49.818610
0.001089	-49.816709
0.001089	-49.814335
0.001089	-49.812049
0.001088	-49.809864
0.001088	-49.807698
0.001088	-49.805654
0.001088	-49.803692
0.001088	-49.801851
0.001088	-49.800205
0.001088	-49.798912
0.001088	-49.798300
0.001088	-49.798667
0.001088	-49.800122
0.001088	-49.802414
0.001088	-49.805416
0.001088	-49.809094
0.001088	-49.813314
0.001087	-49.818053
0.001087	-49.823022
0.001087	-49.827880
0.001087	-49.832689
0.001087	-49.837324
0.001087	-49.841406
0.001087	-49.844657
0.001087	-49.847168
0.001087	-49.849037
0.001086	-49.850391
0.001086	-49.851495
0.001086	-49.852688
0.001086	-49.853884
0.001086	-49.854848
0.001086	-49.855815
0.001086	-49.856809
0.001086	-49.857817
0.001087	-49.858821
0.001087	-49.859826
0.001087	-49.860589
0.001087	-49.860997
0.001087	-49.861072
0.001088	-49.861001
0.001088	-49.860858
0.001088	-49.860659
0.001088	-49.860236
0.001089	-49.859598
0.001089	-49.858597
0.001089	-49.857269
Mean R	Std.Dev R
0.001092	5.034383E-6
Mean T	Std.Dev T
-49.809538	0.053102
Current Position 
69.655
R(V)	Theta
0.001095	-49.633864
0.001095	-49.633119
0.001095	-49.632733
0.001095	-49.632744
0.001095	-49.633216
0.001096	-49.633958
0.001096	-49.634912
0.001096	-49.636074
0.001096	-49.637404
0.001096	-49.639094
0.001096	-49.641338
0.001096	-49.643935
0.001097	-49.647042
0.001097	-49.650733
0.001097	-49.654783
0.001097	-49.659246
0.001097	-49.664556
0.001098	-49.670874
0.001098	-49.678205
0.001098	-49.686527
0.001098	-49.695528
0.001098	-49.705813
0.001098	-49.717337
0.001099	-49.729603
0.001099	-49.742502
0.001099	-49.756013
0.001099	-49.783601
0.001099	-49.783601
0.001099	-49.797347
0.001099	-49.826139
0.001099	-49.841713
0.001099	-49.841713
0.001099	-49.873951
0.001099	-49.889835
0.001099	-49.889835
0.001099	-49.920659
0.001098	-49.935556
0.001098	-49.950060
0.001098	-49.964552
0.001098	-49.978899
0.001097	-49.993381
0.001097	-50.008200
0.001096	-50.023316
0.001096	-50.038254
0.001095	-50.052557
0.001095	-50.066103
0.001094	-50.079487
0.001093	-50.092780
0.001093	-50.105848
0.001092	-50.118564
0.001091	-50.130937
0.001090	-50.143076
0.001089	-50.154937
0.001088	-50.166324
0.001087	-50.176984
0.001086	-50.186770
0.001085	-50.196075
0.001084	-50.205225
0.001083	-50.214091
0.001082	-50.222648
0.001081	-50.231023
0.001080	-50.239218
0.001079	-50.247265
0.001078	-50.255283
0.001078	-50.263416
0.001077	-50.271779
0.001076	-50.280507
0.001075	-50.289303
0.001074	-50.298270
0.001074	-50.307275
0.001073	-50.316049
0.001072	-50.324765
0.001072	-50.333514
0.001071	-50.342293
0.001070	-50.351040
0.001070	-50.359687
0.001069	-50.368341
0.001068	-50.377165
0.001068	-50.386208
0.001067	-50.395446
0.001066	-50.404744
0.001065	-50.414068
0.001065	-50.423481
0.001064	-50.432991
0.001063	-50.442438
0.001062	-50.451436
0.001062	-50.459900
0.001061	-50.467665
0.001060	-50.474652
0.001059	-50.480737
0.001058	-50.485885
0.001058	-50.490031
0.001057	-50.493337
0.001056	-50.495945
0.001055	-50.497995
0.001054	-50.499416
0.001054	-50.500284
0.001053	-50.500625
0.001052	-50.500356
0.001052	-50.499577
Mean R	Std.Dev R
0.001084	1.566572E-5
Mean T	Std.Dev T
-50.075976	0.309346
Current Position 
69.640
R(V)	Theta
0.001065	-49.923136
0.001066	-49.909382
0.001066	-49.895270
0.001066	-49.880631
0.001066	-49.865572
0.001067	-49.850486
0.001067	-49.835825
0.001067	-49.821657
0.001068	-49.807990
0.001068	-49.795137
0.001068	-49.783345
0.001069	-49.772523
0.001069	-49.762831
0.001070	-49.754348
0.001070	-49.746774
0.001071	-49.740212
0.001071	-49.734719
0.001072	-49.730586
0.001072	-49.727892
0.001073	-49.726462
0.001073	-49.726061
0.001074	-49.726654
0.001074	-49.728327
0.001075	-49.731363
0.001075	-49.735467
0.001076	-49.740355
0.001076	-49.745980
0.001076	-49.752320
0.001077	-49.759137
0.001077	-49.766175
0.001077	-49.773388
0.001077	-49.780631
0.001077	-49.787824
0.001077	-49.795152
0.001077	-49.802532
0.001077	-49.809944
0.001077	-49.817352
0.001077	-49.824914
0.001077	-49.832501
0.001077	-49.840143
0.001077	-49.848476
0.001076	-49.857542
0.001076	-49.867194
0.001076	-49.877318
0.001075	-49.887669
0.001075	-49.898227
0.001075	-49.908789
0.001074	-49.919453
0.001074	-49.930719
0.001073	-49.942314
0.001073	-49.954567
0.001073	-49.967655
0.001072	-49.981633
0.001072	-49.996314
0.001072	-50.011281
0.001072	-50.026205
0.001071	-50.055563
0.001071	-50.069807
0.001071	-50.069807
0.001070	-50.097385
0.001070	-50.111436
0.001070	-50.125685
0.001069	-50.139727
0.001069	-50.153351
0.001069	-50.166597
0.001069	-50.179543
0.001068	-50.192307
0.001068	-50.204754
0.001068	-50.216600
0.001068	-50.227641
0.001068	-50.237733
0.001067	-50.246618
0.001067	-50.254220
0.001067	-50.260306
0.001067	-50.264908
0.001067	-50.268070
0.001067	-50.269696
0.001067	-50.269850
0.001067	-50.268559
0.001068	-50.265735
0.001068	-50.261820
0.001068	-50.256914
0.001068	-50.251071
0.001068	-50.244551
0.001069	-50.237666
0.001069	-50.230812
0.001070	-50.224301
0.001070	-50.218325
0.001070	-50.212735
0.001071	-50.207556
0.001071	-50.202790
0.001072	-50.198438
0.001072	-50.194432
0.001072	-50.190634
0.001073	-50.186791
0.001073	-50.182842
0.001073	-50.178577
0.001073	-50.173866
0.001074	-50.169077
0.001074	-50.164347
Mean R	Std.Dev R
0.001071	3.550473E-6
Mean T	Std.Dev T
-49.992198	0.199302
Current Position 
69.625
R(V)	Theta
0.001061	-50.186940
0.001061	-50.185191
0.001062	-50.183294
0.001062	-50.181158
0.001062	-50.179108
0.001062	-50.177276
0.001063	-50.175436
0.001063	-50.173661
0.001063	-50.171913
0.001063	-50.170165
0.001064	-50.168444
0.001064	-50.166719
0.001064	-50.165024
0.001064	-50.163342
0.001065	-50.161564
0.001065	-50.159693
0.001065	-50.157725
0.001065	-50.155774
0.001065	-50.153792
0.001066	-50.151962
0.001066	-50.150398
0.001066	-50.148936
0.001066	-50.147518
0.001066	-50.145940
0.001066	-50.145032
0.001066	-50.144896
0.001066	-50.145045
0.001066	-50.145514
0.001066	-50.146234
0.001066	-50.147229
0.001066	-50.148058
0.001066	-50.148673
0.001066	-50.148903
0.001066	-50.148771
0.001066	-50.148232
0.001066	-50.146907
0.001066	-50.144765
0.001066	-50.142031
0.001066	-50.138689
0.001065	-50.134830
0.001065	-50.130839
0.001065	-50.126736
0.001065	-50.122628
0.001065	-50.118615
0.001065	-50.114130
0.001065	-50.108838
0.001065	-50.102858
0.001065	-50.095452
0.001065	-50.086545
0.001065	-50.077308
0.001066	-50.068106
0.001066	-50.058989
0.001066	-50.050354
0.001066	-50.042333
0.001066	-50.034849
0.001066	-50.028030
0.001067	-50.021873
0.001067	-50.016383
0.001067	-50.011479
0.001067	-50.007559
0.001068	-50.004541
0.001068	-50.002491
0.001068	-50.001188
0.001069	-50.000614
0.001069	-50.000766
0.001069	-50.001251
0.001069	-50.001427
0.001069	-50.001244
0.001069	-50.000640
0.001069	-49.999986
0.001069	-49.999574
0.001069	-49.999673
0.001069	-49.999673
0.001069	-50.000030
0.001068	-50.001851
0.001068	-50.003152
0.001068	-50.003152
0.001068	-50.005120
0.001067	-50.005523
0.001067	-50.005674
0.001067	-50.005772
0.001067	-50.005903
0.001066	-50.005914
0.001066	-50.005796
0.001066	-50.005714
0.001066	-50.005918
0.001066	-50.006555
0.001066	-50.007647
0.001066	-50.009168
0.001066	-50.011062
0.001066	-50.013472
0.001066	-50.016334
0.001067	-50.019235
0.001067	-50.022137
0.001067	-50.025011
0.001067	-50.027681
0.001068	-50.029948
0.001068	-50.031513
0.001068	-50.032230
0.001069	-50.032272
Mean R	Std.Dev R
0.001066	1.852718E-6
Mean T	Std.Dev T
-50.080855	0.070428
Current Position 
69.610
R(V)	Theta
0.001080	-50.068450
0.001080	-50.072554
0.001080	-50.076449
0.001080	-50.080025
0.001080	-50.083250
0.001080	-50.085903
0.001080	-50.087838
0.001080	-50.088916
0.001080	-50.089308
0.001080	-50.089272
0.001080	-50.088848
0.001080	-50.088068
0.001080	-50.086990
0.001080	-50.085908
0.001080	-50.085129
0.001080	-50.084606
0.001080	-50.084486
0.001080	-50.084700
0.001079	-50.085128
0.001079	-50.085857
0.001079	-50.087320
0.001079	-50.089785
0.001079	-50.093159
0.001078	-50.097232
0.001078	-50.101274
0.001078	-50.105458
0.001077	-50.110138
0.001077	-50.115555
0.001077	-50.121633
0.001076	-50.128408
0.001076	-50.135654
0.001075	-50.143390
0.001075	-50.151602
0.001074	-50.160210
0.001074	-50.169002
0.001073	-50.178034
0.001073	-50.187344
0.001073	-50.196694
0.001072	-50.205950
0.001072	-50.215097
0.001071	-50.224002
0.001071	-50.232725
0.001070	-50.241192
0.001070	-50.249136
0.001069	-50.256365
0.001069	-50.262958
0.001068	-50.269203
0.001068	-50.275108
0.001068	-50.280675
0.001067	-50.285989
0.001067	-50.290738
0.001067	-50.294495
0.001066	-50.297089
0.001066	-50.298707
0.001066	-50.299753
0.001065	-50.300565
0.001065	-50.301293
0.001065	-50.302059
0.001064	-50.303000
0.001064	-50.304037
0.001064	-50.305240
0.001064	-50.306983
0.001063	-50.309319
0.001063	-50.312066
0.001063	-50.315177
0.001063	-50.318763
0.001063	-50.323097
0.001063	-50.328171
0.001063	-50.334107
0.001063	-50.340529
0.001063	-50.347621
0.001063	-50.355378
0.001063	-50.364020
0.001063	-50.373690
0.001063	-50.384254
0.001063	-50.395424
0.001064	-50.406925
0.001064	-50.430393
0.001064	-50.442086
0.001064	-50.442086
0.001064	-50.465232
0.001064	-50.476571
0.001064	-50.476571
0.001064	-50.498062
0.001064	-50.508166
0.001064	-50.517750
0.001064	-50.526771
0.001064	-50.535168
0.001064	-50.542869
0.001064	-50.549754
0.001064	-50.555790
0.001064	-50.561154
0.001064	-50.565938
0.001064	-50.570062
0.001064	-50.573444
0.001064	-50.576277
0.001065	-50.578605
0.001065	-50.580798
0.001065	-50.583457
0.001066	-50.586689
Mean R	Std.Dev R
0.001070	6.860723E-6
Mean T	Std.Dev T
-50.280082	0.167024
Current Position 
69.595
R(V)	Theta
0.001073	-50.503452
0.001073	-50.500803
0.001073	-50.498215
0.001073	-50.495693
0.001074	-50.493027
0.001074	-50.490552
0.001074	-50.489146
0.001074	-50.488738
0.001074	-50.489030
0.001074	-50.489862
0.001074	-50.491036
0.001074	-50.492387
0.001074	-50.493616
0.001074	-50.494437
0.001074	-50.495079
0.001073	-50.496009
0.001073	-50.497251
0.001073	-50.498689
0.001073	-50.500189
0.001072	-50.501458
0.001072	-50.502174
0.001072	-50.502327
0.001072	-50.501969
0.001072	-50.501234
0.001072	-50.500116
0.001072	-50.498345
0.001071	-50.495917
0.001071	-50.492775
0.001072	-50.488993
0.001072	-50.484588
0.001072	-50.479601
0.001072	-50.474014
0.001072	-50.467871
0.001072	-50.461105
0.001072	-50.453890
0.001072	-50.446199
0.001073	-50.438177
0.001073	-50.430211
0.001073	-50.422563
0.001073	-50.414948
0.001073	-50.407470
0.001073	-50.400192
0.001074	-50.392675
0.001074	-50.384585
0.001074	-50.376050
0.001074	-50.367404
0.001074	-50.358541
0.001074	-50.349502
0.001074	-50.340281
0.001074	-50.330937
0.001074	-50.321885
0.001074	-50.313075
0.001074	-50.304485
0.001074	-50.295985
0.001074	-50.287162
0.001074	-50.277955
0.001073	-50.268435
0.001073	-50.258504
0.001073	-50.248109
0.001073	-50.237458
0.001073	-50.226642
0.001072	-50.215534
0.001072	-50.204266
0.001072	-50.193151
0.001072	-50.182540
0.001072	-50.172562
0.001071	-50.163353
0.001071	-50.154809
0.001071	-50.146997
0.001071	-50.140067
0.001070	-50.134469
0.001070	-50.129992
0.001070	-50.126271
0.001069	-50.123391
0.001069	-50.121504
0.001069	-50.120329
0.001069	-50.119716
0.001068	-50.119459
0.001068	-50.119404
0.001068	-50.119021
0.001068	-50.118435
0.001067	-50.118088
0.001067	-50.117931
0.001067	-50.118120
0.001067	-50.119058
0.001067	-50.120587
0.001067	-50.122628
0.001067	-50.125076
0.001067	-50.127639
0.001067	-50.130311
0.001067	-50.132988
0.001066	-50.135527
0.001066	-50.137672
0.001066	-50.139060
0.001066	-50.139753
0.001066	-50.139965
0.001066	-50.139885
0.001066	-50.139404
0.001065	-50.138352
0.001065	-50.136982
Mean R	Std.Dev R
0.001071	2.785186E-6
Mean T	Std.Dev T
-50.315073	0.157724
Current Position 
69.580
R(V)	Theta
0.001056	-50.093908
0.001056	-50.096207
0.001056	-50.097652
0.001056	-50.098136
0.001056	-50.097852
0.001056	-50.096478
0.001056	-50.093771
0.001056	-50.089806
0.001056	-50.084610
0.001056	-50.078521
0.001056	-50.071744
0.001056	-50.064549
0.001056	-50.056989
0.001056	-50.048992
0.001056	-50.040755
0.001056	-50.031995
0.001056	-50.022696
0.001056	-50.013138
0.001056	-50.003661
0.001056	-49.994373
0.001056	-49.985405
0.001056	-49.977051
0.001056	-49.969027
0.001056	-49.961437
0.001056	-49.954394
0.001056	-49.948115
0.001056	-49.942665
0.001055	-49.937930
0.001055	-49.933616
0.001055	-49.929539
0.001055	-49.925398
0.001055	-49.921445
0.001055	-49.917855
0.001055	-49.914484
0.001055	-49.911462
0.001055	-49.908833
0.001055	-49.906661
0.001055	-49.904794
0.001056	-49.902971
0.001056	-49.901131
0.001056	-49.899343
0.001056	-49.897759
0.001056	-49.896169
0.001056	-49.894669
0.001056	-49.893479
0.001057	-49.892855
0.001057	-49.892984
0.001057	-49.894282
0.001057	-49.896802
0.001058	-49.900315
0.001058	-49.904643
0.001058	-49.909597
0.001058	-49.915064
0.001058	-49.920869
0.001059	-49.926807
0.001059	-49.932712
0.001059	-49.938669
0.001059	-49.944641
0.001059	-49.950982
0.001059	-49.957487
0.001059	-49.964329
0.001059	-49.971343
0.001059	-49.978582
0.001059	-49.985789
0.001059	-49.992809
0.001059	-49.999348
0.001059	-50.005042
0.001059	-50.009862
0.001059	-50.013775
0.001059	-50.016693
0.001059	-50.018608
0.001059	-50.019419
0.001059	-50.019202
0.001058	-50.018251
0.001058	-50.016781
0.001058	-50.014734
0.001058	-50.012328
0.001058	-50.009427
0.001058	-50.006177
0.001058	-50.002715
0.001058	-49.999204
0.001058	-49.995732
0.001058	-49.992480
0.001058	-49.989538
0.001058	-49.987100
0.001058	-49.985320
0.001058	-49.984404
0.001058	-49.984527
0.001058	-49.985851
0.001058	-49.988350
0.001058	-49.991856
0.001058	-49.996098
0.001058	-50.000929
0.001058	-50.006286
0.001059	-50.012169
0.001059	-50.018223
0.001059	-50.024248
0.001059	-50.030210
0.001059	-50.035863
0.001059	-50.041142
Mean R	Std.Dev R
0.001057	1.419884E-6
Mean T	Std.Dev T
-49.983149	0.059621
Current Position 
69.565
R(V)	Theta
0.001061	-50.260892
0.001062	-50.256292
0.001062	-50.251377
0.001063	-50.246297
0.001063	-50.240974
0.001063	-50.235447
0.001064	-50.229916
0.001064	-50.224298
0.001064	-50.218664
0.001065	-50.213122
0.001065	-50.207472
0.001065	-50.201859
0.001065	-50.196397
0.001066	-50.191448
0.001066	-50.187007
0.001066	-50.182875
0.001066	-50.178907
0.001066	-50.175101
0.001067	-50.171340
0.001067	-50.167523
0.001067	-50.163231
0.001067	-50.158537
0.001067	-50.153675
0.001067	-50.148629
0.001067	-50.143519
0.001067	-50.138476
0.001067	-50.133851
0.001067	-50.129849
0.001067	-50.126435
0.001067	-50.123739
0.001067	-50.121963
0.001067	-50.120988
0.001067	-50.120448
0.001067	-50.119938
0.001067	-50.119423
0.001067	-50.119065
0.001067	-50.119075
0.001067	-50.119630
0.001067	-50.120803
0.001067	-50.122683
0.001067	-50.125122
0.001067	-50.128163
0.001067	-50.131685
0.001067	-50.135410
0.001067	-50.138923
0.001067	-50.142321
0.001067	-50.145647
0.001067	-50.148970
0.001067	-50.152395
0.001067	-50.155894
0.001067	-50.159176
0.001067	-50.162000
0.001067	-50.164341
0.001067	-50.166302
0.001067	-50.167740
0.001067	-50.168568
0.001067	-50.168962
0.001067	-50.168502
0.001067	-50.166928
0.001067	-50.164133
0.001067	-50.160176
0.001067	-50.154847
0.001067	-50.148302
0.001067	-50.140552
0.001067	-50.131683
0.001068	-50.121896
0.001068	-50.111252
0.001069	-50.099890
0.001069	-50.087917
0.001069	-50.075746
0.001070	-50.063275
0.001070	-50.050898
0.001071	-50.038754
0.001072	-50.026931
0.001072	-50.015459
0.001073	-50.004235
0.001073	-49.992948
0.001074	-49.981236
0.001074	-49.969279
0.001074	-49.957205
0.001075	-49.945163
0.001075	-49.933081
0.001076	-49.920986
0.001076	-49.909177
0.001076	-49.897579
0.001077	-49.886140
0.001077	-49.874925
0.001078	-49.864278
0.001078	-49.854285
0.001078	-49.845086
0.001079	-49.836906
0.001079	-49.830046
0.001079	-49.824332
0.001080	-49.819471
0.001080	-49.815417
0.001080	-49.812170
0.001080	-49.809893
0.001081	-49.808911
0.001081	-49.809292
0.001081	-49.810952
Mean R	Std.Dev R
0.001069	5.065325E-6
Mean T	Std.Dev T
-50.083629	0.129731
Current Position 
69.550
R(V)	Theta
0.001058	-49.720961
0.001058	-49.720410
0.001057	-49.719850
0.001057	-49.719704
0.001057	-49.720107
0.001056	-49.721205
0.001056	-49.723192
0.001056	-49.726176
0.001056	-49.730105
0.001056	-49.734921
0.001057	-49.740684
0.001057	-49.747398
0.001057	-49.754826
0.001058	-49.762878
0.001058	-49.771572
0.001058	-49.780757
0.001059	-49.790326
0.001059	-49.799930
0.001060	-49.809494
0.001060	-49.818912
0.001061	-49.828243
0.001062	-49.846107
0.001062	-49.854370
0.001062	-49.854370
0.001063	-49.871543
0.001063	-49.880567
0.001063	-49.880567
0.001063	-49.899556
0.001063	-49.910403
0.001063	-49.922094
0.001063	-49.934542
0.001063	-49.948001
0.001063	-49.962527
0.001063	-49.977926
0.001063	-49.993785
0.001063	-50.009754
0.001063	-50.025499
0.001063	-50.040935
0.001062	-50.056051
0.001062	-50.071059
0.001062	-50.086142
0.001061	-50.101360
0.001061	-50.116739
0.001061	-50.132158
0.001061	-50.147705
0.001060	-50.163319
0.001060	-50.179133
0.001060	-50.195112
0.001060	-50.211129
0.001060	-50.227370
0.001059	-50.243157
0.001059	-50.258611
0.001059	-50.273252
0.001059	-50.286847
0.001059	-50.299747
0.001059	-50.311940
0.001059	-50.323332
0.001059	-50.333994
0.001058	-50.343698
0.001058	-50.352357
0.001058	-50.360174
0.001058	-50.367287
0.001058	-50.373646
0.001059	-50.378915
0.001059	-50.383441
0.001059	-50.387561
0.001059	-50.390945
0.001059	-50.393574
0.001059	-50.395713
0.001060	-50.397481
0.001060	-50.398923
0.001060	-50.400384
0.001060	-50.402031
0.001060	-50.404130
0.001060	-50.406652
0.001061	-50.409587
0.001061	-50.412685
0.001061	-50.415776
0.001061	-50.418909
0.001061	-50.421963
0.001061	-50.424958
0.001061	-50.427988
0.001061	-50.431015
0.001061	-50.434231
0.001061	-50.437480
0.001061	-50.440301
0.001061	-50.442495
0.001061	-50.444029
0.001061	-50.445142
0.001061	-50.445816
0.001061	-50.445814
0.001062	-50.445308
0.001062	-50.444130
0.001062	-50.442267
0.001063	-50.439522
0.001063	-50.435654
0.001064	-50.430730
0.001064	-50.424903
0.001065	-50.418125
0.001066	-50.410425
Mean R	Std.Dev R
0.001060	2.175085E-6
Mean T	Std.Dev T
-50.149985	0.272078
Current Position 
69.535
R(V)	Theta
0.001067	-50.290062
0.001067	-50.288475
0.001067	-50.285844
0.001066	-50.282345
0.001066	-50.278194
0.001066	-50.273612
0.001066	-50.268826
0.001065	-50.263944
0.001065	-50.258981
0.001065	-50.254196
0.001065	-50.249688
0.001065	-50.245453
0.001065	-50.241467
0.001065	-50.237758
0.001065	-50.234158
0.001065	-50.230785
0.001065	-50.227604
0.001065	-50.224633
0.001065	-50.222027
0.001066	-50.219524
0.001066	-50.216817
0.001066	-50.213927
0.001066	-50.210982
0.001067	-50.207950
0.001067	-50.204967
0.001067	-50.202260
0.001068	-50.199973
0.001069	-50.196008
0.001069	-50.196008
0.001069	-50.194205
0.001070	-50.189968
0.001070	-50.187533
0.001070	-50.185092
0.001070	-50.182487
0.001070	-50.179823
0.001070	-50.177194
0.001070	-50.174990
0.001070	-50.173205
0.001070	-50.171830
0.001070	-50.170954
0.001069	-50.170304
0.001069	-50.169926
0.001069	-50.169414
0.001068	-50.168677
0.001068	-50.167569
0.001068	-50.166219
0.001067	-50.164851
0.001067	-50.163619
0.001067	-50.162632
0.001066	-50.161765
0.001066	-50.160905
0.001066	-50.160115
0.001066	-50.159290
0.001065	-50.158350
0.001065	-50.157512
0.001065	-50.157047
0.001065	-50.156870
0.001065	-50.156991
0.001065	-50.157630
0.001065	-50.158752
0.001065	-50.160519
0.001065	-50.163078
0.001065	-50.166187
0.001065	-50.169603
0.001065	-50.173054
0.001065	-50.176415
0.001065	-50.179686
0.001065	-50.182587
0.001065	-50.184800
0.001065	-50.185902
0.001065	-50.185993
0.001065	-50.185269
0.001065	-50.183917
0.001065	-50.182404
0.001065	-50.180933
0.001065	-50.179277
0.001065	-50.177249
0.001065	-50.174661
0.001065	-50.171928
0.001065	-50.169337
0.001065	-50.166969
0.001065	-50.164659
0.001065	-50.162394
0.001065	-50.160186
0.001065	-50.158136
0.001065	-50.156200
0.001064	-50.154236
0.001064	-50.152491
0.001064	-50.151229
0.001064	-50.150683
0.001064	-50.151007
0.001064	-50.152274
0.001063	-50.154268
0.001063	-50.156797
0.001063	-50.159622
0.001063	-50.162546
0.001063	-50.165416
0.001063	-50.168161
0.001063	-50.170734
0.001063	-50.173151
Mean R	Std.Dev R
0.001066	1.927388E-6
Mean T	Std.Dev T
-50.188861	0.037108
Current Position 
69.520
R(V)	Theta
0.001053	-50.368494
0.001053	-50.365571
0.001053	-50.362395
0.001054	-50.359031
0.001054	-50.355500
0.001054	-50.351811
0.001054	-50.347727
0.001055	-50.343322
0.001055	-50.338824
0.001055	-50.334451
0.001056	-50.330169
0.001056	-50.325960
0.001057	-50.321755
0.001057	-50.318014
0.001058	-50.314759
0.001058	-50.311871
0.001059	-50.309371
0.001059	-50.307370
0.001059	-50.305839
0.001060	-50.304610
0.001060	-50.303881
0.001060	-50.303772
0.001061	-50.304176
0.001061	-50.304988
0.001061	-50.306295
0.001062	-50.308450
0.001062	-50.311757
0.001062	-50.316435
0.001062	-50.322202
0.001063	-50.328420
0.001063	-50.334917
0.001063	-50.341736
0.001063	-50.348758
0.001063	-50.356000
0.001063	-50.363444
0.001064	-50.371158
0.001064	-50.379055
0.001064	-50.386988
0.001064	-50.394990
0.001064	-50.403034
0.001064	-50.411039
0.001063	-50.418517
0.001063	-50.425226
0.001063	-50.431122
0.001063	-50.436521
0.001063	-50.441703
0.001063	-50.446653
0.001062	-50.451173
0.001062	-50.455073
0.001062	-50.458051
0.001061	-50.459964
0.001061	-50.460870
0.001060	-50.460915
0.001060	-50.460218
0.001059	-50.459108
0.001059	-50.457728
0.001058	-50.456360
0.001058	-50.455119
0.001057	-50.453950
0.001057	-50.452590
0.001056	-50.450858
0.001056	-50.448915
0.001055	-50.446834
0.001054	-50.442443
0.001054	-50.442443
0.001054	-50.440173
0.001053	-50.436128
0.001053	-50.434444
0.001052	-50.433101
0.001052	-50.432350
0.001052	-50.432302
0.001052	-50.432653
0.001052	-50.433279
0.001052	-50.434108
0.001052	-50.435016
0.001052	-50.436057
0.001052	-50.437325
0.001052	-50.438725
0.001052	-50.440124
0.001052	-50.441455
0.001052	-50.442772
0.001053	-50.444169
0.001053	-50.445856
0.001053	-50.448005
0.001053	-50.450284
0.001053	-50.452593
0.001053	-50.454869
0.001054	-50.456920
0.001054	-50.458800
0.001054	-50.459961
0.001054	-50.460598
0.001055	-50.460929
0.001055	-50.461021
0.001055	-50.460946
0.001056	-50.460759
0.001056	-50.460484
0.001057	-50.460336
0.001057	-50.460497
0.001058	-50.461257
0.001058	-50.462712
Mean R	Std.Dev R
0.001057	4.083929E-6
Mean T	Std.Dev T
-50.403117	0.058100
Current Position 
69.505
R(V)	Theta
0.001056	-50.738414
0.001056	-50.735053
0.001056	-50.731411
0.001056	-50.727247
0.001056	-50.722605
0.001057	-50.717412
0.001057	-50.711640
0.001057	-50.705398
0.001057	-50.699021
0.001057	-50.692260
0.001058	-50.684749
0.001058	-50.676719
0.001058	-50.668390
0.001059	-50.659766
0.001059	-50.650751
0.001059	-50.641309
0.001060	-50.631557
0.001060	-50.621597
0.001060	-50.611510
0.001061	-50.601293
0.001061	-50.590741
0.001061	-50.579715
0.001062	-50.567936
0.001062	-50.555802
0.001062	-50.543636
0.001063	-50.531468
0.001063	-50.519289
0.001063	-50.507329
0.001064	-50.495661
0.001064	-50.484242
0.001064	-50.473270
0.001065	-50.462738
0.001065	-50.452448
0.001065	-50.442365
0.001066	-50.432413
0.001066	-50.422565
0.001067	-50.413023
0.001067	-50.403654
0.001067	-50.394381
0.001068	-50.385115
0.001068	-50.375832
0.001068	-50.366403
0.001069	-50.356800
0.001069	-50.347216
0.001069	-50.337800
0.001069	-50.328446
0.001070	-50.319334
0.001070	-50.310497
0.001070	-50.302100
0.001070	-50.294216
0.001070	-50.286916
0.001070	-50.280704
0.001070	-50.275442
0.001070	-50.270780
0.001070	-50.266769
0.001070	-50.263392
0.001069	-50.260506
0.001069	-50.257958
0.001069	-50.255273
0.001069	-50.252293
0.001068	-50.249013
0.001068	-50.245514
0.001068	-50.241876
0.001067	-50.238280
0.001067	-50.234927
0.001066	-50.232101
0.001066	-50.229583
0.001066	-50.227335
0.001065	-50.225429
0.001065	-50.223967
0.001064	-50.222753
0.001064	-50.221746
0.001063	-50.220672
0.001063	-50.219353
0.001063	-50.217575
0.001062	-50.215322
0.001062	-50.212808
0.001062	-50.209760
0.001062	-50.205866
0.001061	-50.200757
0.001061	-50.194704
0.001061	-50.179732
0.001061	-50.179732
0.001061	-50.170310
0.001060	-50.147815
0.001060	-50.135187
0.001060	-50.121879
0.001060	-50.108210
0.001060	-50.094236
0.001060	-50.079862
0.001060	-50.064976
0.001060	-50.049602
0.001060	-50.033702
0.001060	-50.017431
0.001060	-50.000707
0.001060	-49.983467
0.001060	-49.965646
0.001060	-49.947251
0.001060	-49.928500
0.001060	-49.909676
Mean R	Std.Dev R
0.001063	4.259478E-6
Mean T	Std.Dev T
-50.351018	0.220931
Current Position 
69.490
R(V)	Theta
0.001059	-50.264071
0.001059	-50.276471
0.001059	-50.287865
0.001058	-50.298400
0.001058	-50.307794
0.001057	-50.316270
0.001057	-50.323801
0.001057	-50.330518
0.001057	-50.336540
0.001057	-50.341886
0.001056	-50.346652
0.001056	-50.351221
0.001056	-50.355696
0.001056	-50.359977
0.001056	-50.363968
0.001056	-50.367665
0.001056	-50.371031
0.001056	-50.374051
0.001056	-50.376739
0.001055	-50.378796
0.001055	-50.379911
0.001055	-50.380097
0.001055	-50.379489
0.001055	-50.378236
0.001054	-50.376498
0.001054	-50.374347
0.001054	-50.371829
0.001053	-50.368782
0.001053	-50.365344
0.001053	-50.361761
0.001053	-50.358153
0.001052	-50.354819
0.001052	-50.351736
0.001052	-50.348704
0.001052	-50.345840
0.001052	-50.343054
0.001052	-50.340190
0.001052	-50.337315
0.001052	-50.334320
0.001052	-50.331325
0.001052	-50.328439
0.001052	-50.326107
0.001052	-50.324324
0.001052	-50.322793
0.001052	-50.321420
0.001052	-50.320219
0.001052	-50.319317
0.001052	-50.318405
0.001052	-50.317172
0.001052	-50.315175
0.001052	-50.312424
0.001052	-50.309170
0.001052	-50.305492
0.001052	-50.301542
0.001052	-50.297448
0.001052	-50.293182
0.001052	-50.288658
0.001052	-50.283981
0.001052	-50.279154
0.001052	-50.274095
0.001052	-50.268683
0.001053	-50.263214
0.001053	-50.257361
0.001053	-50.251079
0.001053	-50.244315
0.001053	-50.237024
0.001053	-50.229119
0.001054	-50.220854
0.001054	-50.212660
0.001054	-50.204556
0.001054	-50.196353
0.001054	-50.187924
0.001055	-50.179282
0.001055	-50.170246
0.001055	-50.160694
0.001056	-50.150811
0.001056	-50.140797
0.001056	-50.130588
0.001056	-50.119958
0.001057	-50.109002
0.001057	-50.097893
0.001057	-50.086947
0.001058	-50.076491
0.001058	-50.066781
0.001059	-50.057945
0.001059	-50.049931
0.001059	-50.042650
0.001060	-50.036242
0.001060	-50.030669
0.001060	-50.025584
0.001061	-50.020827
0.001061	-50.016601
0.001061	-50.012896
0.001061	-50.009999
0.001062	-50.008176
0.001062	-50.007482
0.001062	-50.008007
0.001062	-50.009725
0.001062	-50.012672
0.001062	-50.017121
Mean R	Std.Dev R
0.001055	3.210756E-6
Mean T	Std.Dev T
-50.246988	0.124490
Current Position 
69.475
R(V)	Theta
0.001052	-50.291620
0.001053	-50.285280
0.001054	-50.279365
0.001054	-50.273698
0.001055	-50.267982
0.001056	-50.261732
0.001056	-50.254328
0.001057	-50.246058
0.001058	-50.237359
0.001059	-50.228065
0.001059	-50.217962
0.001060	-50.207254
0.001061	-50.195959
0.001062	-50.184696
0.001062	-50.173262
0.001063	-50.161481
0.001063	-50.149310
0.001064	-50.137474
0.001065	-50.126094
0.001065	-50.115408
0.001066	-50.105234
0.001066	-50.095319
0.001066	-50.085690
0.001067	-50.076101
0.001067	-50.066603
0.001067	-50.057382
0.001067	-50.048251
0.001068	-50.039002
0.001068	-50.030047
0.001068	-50.021733
0.001068	-50.013845
0.001068	-50.006303
0.001068	-49.999075
0.001068	-49.992105
0.001068	-49.985622
0.001068	-49.979746
0.001068	-49.974525
0.001068	-49.970082
0.001068	-49.966201
0.001068	-49.962804
0.001068	-49.960021
0.001068	-49.958201
0.001068	-49.957367
0.001068	-49.957368
0.001068	-49.958234
0.001068	-49.960142
0.001068	-49.963045
0.001068	-49.966990
0.001068	-49.971732
0.001068	-49.977105
0.001068	-49.982891
0.001067	-49.988827
0.001067	-49.994857
0.001067	-50.000958
0.001067	-50.007138
0.001067	-50.013683
0.001066	-50.020603
0.001066	-50.027928
0.001066	-50.035951
0.001066	-50.044706
0.001066	-50.054087
0.001066	-50.064194
0.001066	-50.074941
0.001065	-50.086570
0.001065	-50.099228
0.001065	-50.112749
0.001065	-50.126916
0.001065	-50.141515
0.001064	-50.156294
0.001064	-50.171275
0.001064	-50.186066
0.001064	-50.201199
0.001063	-50.216542
0.001063	-50.231865
0.001063	-50.246995
0.001062	-50.261870
0.001062	-50.276466
0.001062	-50.290310
0.001061	-50.302951
0.001061	-50.314240
0.001060	-50.323920
0.001060	-50.332345
0.001060	-50.339445
0.001059	-50.345262
0.001059	-50.349964
0.001059	-50.353589
0.001059	-50.356488
0.001059	-50.358891
0.001059	-50.360928
0.001058	-50.362640
0.001058	-50.364189
0.001058	-50.365862
0.001058	-50.367797
0.001058	-50.369820
0.001058	-50.371887
0.001058	-50.374194
0.001058	-50.376869
0.001057	-50.379841
0.001057	-50.383003
0.001057	-50.386387
Mean R	Std.Dev R
0.001063	4.472888E-6
Mean T	Std.Dev T
-50.153574	0.145577
Current Position 
69.460
R(V)	Theta
0.001060	-49.759990
0.001060	-49.748841
0.001060	-49.744057
0.001060	-49.744057
0.001061	-49.735872
0.001061	-49.735872
0.001061	-49.732530
0.001061	-49.728431
0.001061	-49.728254
0.001061	-49.728254
0.001061	-49.732568
0.001061	-49.736765
0.001061	-49.741973
0.001061	-49.747942
0.001061	-49.754622
0.001061	-49.761916
0.001060	-49.769837
0.001060	-49.778289
0.001060	-49.787321
0.001060	-49.796810
0.001060	-49.806485
0.001060	-49.816456
0.001060	-49.826885
0.001060	-49.837051
0.001060	-49.846898
0.001060	-49.856325
0.001060	-49.865424
0.001060	-49.874483
0.001060	-49.883415
0.001060	-49.891987
0.001060	-49.900178
0.001060	-49.908262
0.001061	-49.916227
0.001061	-49.924112
0.001061	-49.931937
0.001061	-49.939704
0.001062	-49.947669
0.001062	-49.955853
0.001062	-49.964254
0.001062	-49.972948
0.001063	-49.981819
0.001063	-49.990698
0.001063	-49.999617
0.001064	-50.008651
0.001064	-50.017740
0.001064	-50.026621
0.001064	-50.035181
0.001065	-50.043477
0.001065	-50.051647
0.001065	-50.059620
0.001065	-50.067415
0.001066	-50.074850
0.001066	-50.082297
0.001066	-50.089776
0.001066	-50.097188
0.001066	-50.104649
0.001067	-50.111862
0.001067	-50.118765
0.001067	-50.125223
0.001067	-50.131308
0.001068	-50.136925
0.001068	-50.141953
0.001068	-50.146370
0.001069	-50.150148
0.001069	-50.153287
0.001069	-50.155823
0.001069	-50.157764
0.001069	-50.159442
0.001070	-50.160777
0.001070	-50.161753
0.001070	-50.162092
0.001070	-50.161664
0.001070	-50.160452
0.001070	-50.158406
0.001070	-50.155504
0.001070	-50.151786
0.001070	-50.147288
0.001070	-50.142052
0.001070	-50.136355
0.001070	-50.130309
0.001070	-50.124309
0.001069	-50.118430
0.001069	-50.112577
0.001069	-50.106630
0.001069	-50.100468
0.001069	-50.094109
0.001069	-50.087308
0.001069	-50.080028
0.001069	-50.072246
0.001068	-50.064166
0.001068	-50.055884
0.001068	-50.047380
0.001068	-50.038726
0.001068	-50.030184
0.001068	-50.021918
0.001067	-50.013866
0.001067	-50.006312
0.001067	-49.999269
0.001067	-49.992694
0.001067	-49.986520
Mean R	Std.Dev R
0.001065	3.887018E-6
Mean T	Std.Dev T
-49.982623	0.148688
Current Position 
69.445
R(V)	Theta
0.001049	-50.133809
0.001050	-50.129154
0.001050	-50.126241
0.001050	-50.126241
0.001052	-50.119968
0.001052	-50.116940
0.001053	-50.114245
0.001054	-50.111703
0.001055	-50.109222
0.001056	-50.106846
0.001056	-50.104374
0.001057	-50.101939
0.001058	-50.099737
0.001059	-50.097924
0.001059	-50.096398
0.001060	-50.094952
0.001061	-50.093350
0.001061	-50.091737
0.001062	-50.090366
0.001063	-50.089056
0.001063	-50.087913
0.001063	-50.086961
0.001064	-50.086222
0.001064	-50.085657
0.001064	-50.085188
0.001065	-50.085190
0.001065	-50.085649
0.001065	-50.086533
0.001065	-50.087641
0.001065	-50.088638
0.001066	-50.089287
0.001066	-50.089613
0.001066	-50.089429
0.001066	-50.088660
0.001065	-50.087625
0.001065	-50.086704
0.001065	-50.085874
0.001065	-50.085269
0.001065	-50.085206
0.001065	-50.085858
0.001065	-50.087441
0.001065	-50.090020
0.001065	-50.093434
0.001065	-50.097539
0.001064	-50.102119
0.001064	-50.107128
0.001064	-50.112235
0.001064	-50.117398
0.001064	-50.122448
0.001065	-50.127387
0.001065	-50.132358
0.001065	-50.137428
0.001065	-50.142532
0.001066	-50.147703
0.001066	-50.153144
0.001066	-50.158813
0.001067	-50.164340
0.001067	-50.169632
0.001068	-50.174432
0.001068	-50.178437
0.001069	-50.181626
0.001069	-50.183916
0.001070	-50.185319
0.001070	-50.185769
0.001071	-50.185210
0.001071	-50.183512
0.001072	-50.180398
0.001072	-50.175834
0.001073	-50.169971
0.001073	-50.162958
0.001073	-50.155081
0.001074	-50.146566
0.001074	-50.137518
0.001075	-50.128112
0.001075	-50.118686
0.001075	-50.109473
0.001075	-50.100921
0.001076	-50.093245
0.001076	-50.086504
0.001076	-50.080682
0.001076	-50.075661
0.001076	-50.071429
0.001076	-50.068078
0.001076	-50.065732
0.001076	-50.064436
0.001075	-50.063838
0.001075	-50.063788
0.001075	-50.064250
0.001075	-50.065104
0.001074	-50.066427
0.001074	-50.068239
0.001074	-50.070389
0.001073	-50.072797
0.001073	-50.075518
0.001072	-50.078612
0.001072	-50.082058
0.001071	-50.086007
0.001071	-50.090405
0.001070	-50.094645
0.001070	-50.098408
Mean R	Std.Dev R
0.001067	6.921421E-6
Mean T	Std.Dev T
-50.109464	0.035176
Current Position 
69.430
R(V)	Theta
0.001054	-50.174632
0.001054	-50.184699
0.001054	-50.194946
0.001054	-50.205287
0.001055	-50.215736
0.001055	-50.226339
0.001055	-50.236939
0.001055	-50.247589
0.001055	-50.258440
0.001055	-50.269551
0.001055	-50.280773
0.001055	-50.292168
0.001055	-50.303646
0.001055	-50.315520
0.001055	-50.327936
0.001056	-50.341561
0.001056	-50.356178
0.001056	-50.371196
0.001056	-50.386285
0.001056	-50.401237
0.001056	-50.415908
0.001056	-50.429922
0.001056	-50.443033
0.001057	-50.455302
0.001057	-50.466982
0.001057	-50.488516
0.001057	-50.498225
0.001057	-50.498225
0.001058	-50.515611
0.001058	-50.515611
0.001058	-50.523434
0.001059	-50.536914
0.001059	-50.542459
0.001060	-50.547333
0.001060	-50.551713
0.001061	-50.555418
0.001061	-50.558263
0.001062	-50.560184
0.001063	-50.561138
0.001063	-50.561135
0.001064	-50.560081
0.001064	-50.557954
0.001065	-50.555163
0.001065	-50.551847
0.001066	-50.547910
0.001066	-50.543631
0.001067	-50.539228
0.001067	-50.535057
0.001067	-50.531203
0.001068	-50.527720
0.001068	-50.524786
0.001068	-50.522542
0.001068	-50.521172
0.001068	-50.520521
0.001069	-50.520400
0.001069	-50.520777
0.001069	-50.521632
0.001069	-50.523248
0.001069	-50.525560
0.001069	-50.528544
0.001068	-50.532130
0.001068	-50.536313
0.001068	-50.540978
0.001068	-50.546133
0.001068	-50.551623
0.001067	-50.557245
0.001067	-50.563037
0.001067	-50.569094
0.001066	-50.575386
0.001066	-50.581895
0.001066	-50.588903
0.001065	-50.595729
0.001065	-50.601933
0.001064	-50.607338
0.001064	-50.612117
0.001063	-50.616454
0.001063	-50.620318
0.001062	-50.623755
0.001061	-50.626598
0.001061	-50.628845
0.001060	-50.630460
0.001060	-50.631698
0.001059	-50.632787
0.001059	-50.633846
0.001058	-50.634741
0.001058	-50.635414
0.001058	-50.635990
0.001057	-50.636510
0.001057	-50.637044
0.001057	-50.637752
0.001056	-50.638760
0.001056	-50.640072
0.001056	-50.641670
0.001055	-50.643447
0.001055	-50.645197
0.001055	-50.646834
0.001055	-50.648244
0.001054	-50.649294
0.001054	-50.649797
0.001054	-50.649937
Mean R	Std.Dev R
0.001061	5.138940E-6
Mean T	Std.Dev T
-50.509703	0.130253
Current Position 
69.415
R(V)	Theta
0.001057	-50.662396
0.001057	-50.662816
0.001057	-50.662801
0.001057	-50.662791
0.001057	-50.663056
0.001057	-50.663593
0.001056	-50.664516
0.001056	-50.665884
0.001056	-50.667960
0.001056	-50.670338
0.001056	-50.672713
0.001055	-50.675122
0.001055	-50.677254
0.001055	-50.678625
0.001055	-50.679102
0.001055	-50.678855
0.001054	-50.677775
0.001054	-50.675918
0.001054	-50.673478
0.001054	-50.670838
0.001053	-50.667882
0.001053	-50.664706
0.001053	-50.661267
0.001053	-50.657620
0.001052	-50.654006
0.001052	-50.650238
0.001052	-50.646241
0.001052	-50.642094
0.001052	-50.637681
0.001052	-50.632935
0.001052	-50.628035
0.001052	-50.623233
0.001052	-50.618736
0.001052	-50.614155
0.001052	-50.609255
0.001052	-50.604101
0.001052	-50.598759
0.001053	-50.593341
0.001053	-50.587924
0.001053	-50.582501
0.001054	-50.577044
0.001054	-50.571534
0.001054	-50.565965
0.001055	-50.560328
0.001055	-50.554475
0.001055	-50.548508
0.001056	-50.542568
0.001056	-50.536766
0.001056	-50.530987
0.001057	-50.525314
0.001057	-50.519889
0.001058	-50.514905
0.001058	-50.510077
0.001058	-50.504848
0.001058	-50.499108
0.001059	-50.493197
0.001059	-50.487229
0.001059	-50.481147
0.001060	-50.474517
0.001060	-50.459453
0.001060	-50.451370
0.001061	-50.443022
0.001061	-50.434515
0.001061	-50.426170
0.001061	-50.418417
0.001061	-50.411732
0.001061	-50.406296
0.001061	-50.401792
0.001062	-50.397701
0.001062	-50.394116
0.001062	-50.391285
0.001061	-50.389390
0.001061	-50.388099
0.001061	-50.386719
0.001061	-50.385358
0.001061	-50.383827
0.001060	-50.381971
0.001060	-50.379705
0.001060	-50.377049
0.001060	-50.373909
0.001059	-50.370180
0.001059	-50.365418
0.001059	-50.360183
0.001058	-50.354748
0.001058	-50.348956
0.001058	-50.342991
0.001057	-50.336681
0.001057	-50.329651
0.001057	-50.322441
0.001057	-50.315430
0.001056	-50.308712
0.001056	-50.302496
0.001056	-50.296455
0.001055	-50.290441
0.001055	-50.284651
0.001055	-50.279042
0.001055	-50.273645
0.001055	-50.268303
0.001055	-50.263117
0.001055	-50.258565
Mean R	Std.Dev R
0.001056	3.031124E-6
Mean T	Std.Dev T
-50.507329	0.137747
Current Position 
69.400
R(V)	Theta
0.001057	-50.478383
0.001057	-50.480162
0.001057	-50.481663
0.001057	-50.482681
0.001056	-50.483034
0.001056	-50.483213
0.001056	-50.483297
0.001056	-50.483167
0.001056	-50.483069
0.001056	-50.483397
0.001056	-50.483979
0.001056	-50.484917
0.001056	-50.486434
0.001057	-50.488490
0.001057	-50.491165
0.001057	-50.494435
0.001057	-50.498117
0.001057	-50.502021
0.001058	-50.505915
0.001058	-50.509761
0.001058	-50.513497
0.001059	-50.516771
0.001059	-50.519309
0.001060	-50.521096
0.001060	-50.522247
0.001061	-50.522833
0.001061	-50.522611
0.001061	-50.521502
0.001062	-50.519599
0.001062	-50.516866
0.001063	-50.513455
0.001063	-50.509549
0.001063	-50.505021
0.001063	-50.499802
0.001063	-50.494246
0.001064	-50.488537
0.001064	-50.482497
0.001064	-50.476020
0.001064	-50.469003
0.001064	-50.461340
0.001064	-50.453122
0.001064	-50.444617
0.001064	-50.435864
0.001064	-50.426664
0.001064	-50.416819
0.001064	-50.406261
0.001064	-50.395344
0.001064	-50.384362
0.001064	-50.373419
0.001064	-50.362855
0.001064	-50.352992
0.001064	-50.343886
0.001064	-50.335569
0.001064	-50.327946
0.001064	-50.320989
0.001064	-50.314443
0.001065	-50.308084
0.001065	-50.301725
0.001065	-50.295148
0.001065	-50.288278
0.001065	-50.281096
0.001066	-50.273125
0.001066	-50.264946
0.001066	-50.256404
0.001066	-50.247482
0.001067	-50.238416
0.001067	-50.229432
0.001067	-50.220675
0.001067	-50.212483
0.001067	-50.204946
0.001068	-50.198094
0.001068	-50.191936
0.001068	-50.186433
0.001068	-50.181615
0.001068	-50.177650
0.001068	-50.174554
0.001068	-50.172036
0.001069	-50.170141
0.001069	-50.168756
0.001069	-50.167760
0.001069	-50.167044
0.001069	-50.166727
0.001069	-50.166796
0.001069	-50.167409
0.001069	-50.168605
0.001069	-50.172045
0.001069	-50.173879
0.001069	-50.175575
0.001069	-50.177028
0.001069	-50.178141
0.001069	-50.179024
0.001069	-50.179768
0.001069	-50.180177
0.001069	-50.180141
0.001069	-50.179784
0.001069	-50.178893
0.001069	-50.177550
0.001069	-50.175763
0.001069	-50.173614
0.001069	-50.171203
Mean R	Std.Dev R
0.001064	4.438317E-6
Mean T	Std.Dev T
-50.348586	0.140713
Current Position 
69.385
R(V)	Theta
0.001065	-50.159970
0.001064	-50.159402
0.001064	-50.158544
0.001064	-50.157283
0.001064	-50.155596
0.001064	-50.153555
0.001063	-50.151088
0.001063	-50.148404
0.001063	-50.145629
0.001063	-50.142997
0.001063	-50.140827
0.001063	-50.138957
0.001063	-50.137145
0.001063	-50.135535
0.001062	-50.134704
0.001062	-50.134680
0.001062	-50.135233
0.001062	-50.136319
0.001062	-50.138099
0.001062	-50.140449
0.001062	-50.143352
0.001062	-50.146764
0.001062	-50.150667
0.001061	-50.155241
0.001061	-50.160687
0.001061	-50.166853
0.001061	-50.173557
0.001061	-50.180607
0.001060	-50.187912
0.001060	-50.195385
0.001060	-50.202967
0.001060	-50.210452
0.001059	-50.217695
0.001059	-50.224699
0.001059	-50.231303
0.001059	-50.237575
0.001058	-50.243299
0.001058	-50.248415
0.001058	-50.252764
0.001058	-50.256213
0.001058	-50.258931
0.001057	-50.261092
0.001057	-50.262806
0.001057	-50.263893
0.001057	-50.264446
0.001057	-50.264542
0.001056	-50.264292
0.001056	-50.263837
0.001056	-50.262966
0.001056	-50.261497
0.001056	-50.259436
0.001056	-50.256742
0.001056	-50.253465
0.001056	-50.249785
0.001056	-50.245608
0.001057	-50.240998
0.001057	-50.236264
0.001057	-50.231524
0.001057	-50.226876
0.001057	-50.222246
0.001057	-50.217644
0.001058	-50.213087
0.001058	-50.208579
0.001058	-50.204088
0.001058	-50.199342
0.001059	-50.194253
0.001059	-50.189152
0.001059	-50.183953
0.001059	-50.178766
0.001060	-50.173748
0.001060	-50.168700
0.001060	-50.163592
0.001061	-50.158901
0.001061	-50.154531
0.001061	-50.150650
0.001062	-50.147263
0.001062	-50.144383
0.001063	-50.141889
0.001063	-50.139710
0.001064	-50.137930
0.001064	-50.136537
0.001065	-50.135605
0.001065	-50.135218
0.001066	-50.135342
0.001066	-50.136204
0.001066	-50.137946
0.001067	-50.140533
0.001067	-50.143684
0.001067	-50.147230
0.001068	-50.151180
0.001068	-50.155516
0.001068	-50.160214
0.001068	-50.165326
0.001068	-50.170747
0.001068	-50.176425
0.001067	-50.182260
0.001067	-50.188092
0.001067	-50.193906
0.001067	-50.199663
0.001066	-50.205575
Mean R	Std.Dev R
0.001061	3.597491E-6
Mean T	Std.Dev T
-50.186094	0.044901
Current Position 
69.370
R(V)	Theta
0.001076	-50.053717
0.001076	-50.051343
0.001077	-50.049915
0.001077	-50.049367
0.001077	-50.049680
0.001077	-50.050870
0.001078	-50.052775
0.001078	-50.055041
0.001078	-50.057643
0.001078	-50.060775
0.001078	-50.064519
0.001079	-50.068754
0.001079	-50.073533
0.001079	-50.078792
0.001079	-50.084688
0.001079	-50.091107
0.001079	-50.097536
0.001079	-50.103565
0.001079	-50.108948
0.001079	-50.113717
0.001079	-50.117998
0.001078	-50.121762
0.001078	-50.124872
0.001078	-50.127592
0.001077	-50.130136
0.001077	-50.132950
0.001077	-50.136374
0.001076	-50.140600
0.001075	-50.145806
0.001075	-50.152114
0.001074	-50.159340
0.001073	-50.167303
0.001072	-50.176124
0.001071	-50.186015
0.001070	-50.196872
0.001069	-50.208356
0.001068	-50.220133
0.001067	-50.231770
0.001066	-50.243192
0.001066	-50.254154
0.001065	-50.264382
0.001064	-50.273590
0.001063	-50.281636
0.001063	-50.288652
0.001062	-50.295036
0.001061	-50.300971
0.001061	-50.306456
0.001061	-50.311349
0.001060	-50.315500
0.001060	-50.318897
0.001060	-50.321371
0.001059	-50.322841
0.001059	-50.323213
0.001059	-50.322198
0.001059	-50.319758
0.001059	-50.316000
0.001058	-50.311069
0.001058	-50.305226
0.001058	-50.298711
0.001058	-50.291566
0.001058	-50.284044
0.001058	-50.276451
0.001057	-50.268916
0.001057	-50.261963
0.001057	-50.256008
0.001057	-50.251075
0.001057	-50.246979
0.001057	-50.243364
0.001056	-50.239863
0.001056	-50.236553
0.001056	-50.233635
0.001056	-50.231262
0.001055	-50.229422
0.001055	-50.227907
0.001055	-50.226490
0.001055	-50.224922
0.001054	-50.223244
0.001054	-50.221580
0.001054	-50.219844
0.001054	-50.218120
0.001053	-50.216220
0.001053	-50.214229
0.001053	-50.212168
0.001053	-50.209784
0.001053	-50.206975
0.001053	-50.203792
0.001052	-50.200524
0.001052	-50.197388
0.001052	-50.194267
0.001052	-50.191312
0.001052	-50.188546
0.001052	-50.185929
0.001051	-50.183648
0.001051	-50.181871
0.001051	-50.180563
0.001051	-50.179833
0.001051	-50.180182
0.001050	-50.181772
0.001050	-50.184439
0.001050	-50.188145
Mean R	Std.Dev R
0.001064	1.040981E-5
Mean T	Std.Dev T
-50.195814	0.081979
Current Position 
69.355
R(V)	Theta
0.001072	-50.357343
0.001072	-50.365127
0.001073	-50.372483
0.001073	-50.379586
0.001073	-50.386814
0.001073	-50.394024
0.001073	-50.401431
0.001074	-50.409061
0.001074	-50.416887
0.001074	-50.424979
0.001074	-50.433302
0.001074	-50.441702
0.001074	-50.450201
0.001074	-50.458790
0.001074	-50.467229
0.001074	-50.475336
0.001074	-50.482683
0.001074	-50.489001
0.001074	-50.494272
0.001073	-50.498553
0.001073	-50.501753
0.001073	-50.503952
0.001073	-50.505412
0.001073	-50.506472
0.001072	-50.507468
0.001072	-50.508226
0.001072	-50.508819
0.001072	-50.509483
0.001072	-50.510249
0.001071	-50.511085
0.001071	-50.512003
0.001071	-50.512806
0.001071	-50.513472
0.001071	-50.513832
0.001071	-50.513689
0.001071	-50.513148
0.001071	-50.512301
0.001071	-50.511024
0.001071	-50.509195
0.001071	-50.506926
0.001072	-50.504443
0.001072	-50.501986
0.001072	-50.499822
0.001073	-50.497948
0.001073	-50.496194
0.001074	-50.494753
0.001075	-50.493855
0.001075	-50.493778
0.001076	-50.494451
0.001077	-50.495538
0.001077	-50.496932
0.001078	-50.498637
0.001079	-50.500566
0.001079	-50.502386
0.001080	-50.503854
0.001080	-50.504966
0.001081	-50.505782
0.001081	-50.506273
0.001081	-50.506373
0.001082	-50.506110
0.001082	-50.505452
0.001082	-50.504570
0.001083	-50.503646
0.001083	-50.502504
0.001083	-50.500948
0.001084	-50.498588
0.001084	-50.495290
0.001084	-50.491095
0.001085	-50.485838
0.001085	-50.479430
0.001085	-50.472267
0.001086	-50.464620
0.001086	-50.456578
0.001086	-50.448154
0.001086	-50.439240
0.001087	-50.429937
0.001087	-50.420235
0.001087	-50.410350
0.001087	-50.400479
0.001087	-50.390838
0.001087	-50.381695
0.001087	-50.373164
0.001087	-50.365347
0.001086	-50.358359
0.001086	-50.352345
0.001086	-50.347457
0.001085	-50.343766
0.001085	-50.341134
0.001084	-50.339472
0.001083	-50.338334
0.001083	-50.337433
0.001082	-50.336945
0.001081	-50.336822
0.001080	-50.336896
0.001080	-50.336977
0.001079	-50.336973
0.001078	-50.336671
0.001077	-50.335897
0.001077	-50.334553
0.001076	-50.332506
Mean R	Std.Dev R
0.001078	5.634274E-6
Mean T	Std.Dev T
-50.449976	0.065582
Current Position 
69.340
R(V)	Theta
0.001064	-50.091193
0.001065	-50.090027
0.001065	-50.088381
0.001065	-50.086771
0.001066	-50.085219
0.001066	-50.083390
0.001066	-50.081100
0.001067	-50.078471
0.001067	-50.075634
0.001068	-50.072630
0.001068	-50.069493
0.001069	-50.066164
0.001069	-50.062610
0.001070	-50.058384
0.001070	-50.053143
0.001071	-50.047326
0.001072	-50.041357
0.001072	-50.035385
0.001073	-50.029550
0.001074	-50.023975
0.001075	-50.018566
0.001075	-50.013067
0.001076	-50.007584
0.001077	-50.002580
0.001078	-49.997850
0.001079	-49.993312
0.001080	-49.988581
0.001081	-49.983376
0.001082	-49.978100
0.001083	-49.972851
0.001084	-49.967500
0.001085	-49.962105
0.001086	-49.956583
0.001087	-49.950909
0.001088	-49.944905
0.001089	-49.938577
0.001090	-49.931911
0.001091	-49.924674
0.001091	-49.916848
0.001092	-49.908615
0.001093	-49.900143
0.001094	-49.891630
0.001095	-49.883487
0.001096	-49.875779
0.001097	-49.868695
0.001098	-49.862005
0.001099	-49.855764
0.001099	-49.850002
0.001100	-49.844769
0.001101	-49.839773
0.001102	-49.835025
0.001102	-49.830542
0.001103	-49.826420
0.001104	-49.822702
0.001104	-49.819318
0.001105	-49.816309
0.001106	-49.813650
0.001106	-49.811322
0.001107	-49.809645
0.001107	-49.808741
0.001108	-49.808373
0.001108	-49.808540
0.001109	-49.809363
0.001109	-49.810688
0.001110	-49.812263
0.001110	-49.814009
0.001110	-49.815854
0.001111	-49.817780
0.001111	-49.819816
0.001111	-49.821801
0.001112	-49.823880
0.001112	-49.826078
0.001112	-49.828108
0.001112	-49.830075
0.001113	-49.831959
0.001113	-49.833808
0.001113	-49.835798
0.001113	-49.837963
0.001113	-49.840454
0.001113	-49.843509
0.001113	-49.847198
0.001114	-49.851735
0.001114	-49.856743
0.001114	-49.861726
0.001114	-49.867054
0.001114	-49.872813
0.001114	-49.879180
0.001114	-49.886035
0.001115	-49.893376
0.001115	-49.901165
0.001115	-49.908893
0.001115	-49.916615
0.001116	-49.924514
0.001116	-49.932603
0.001116	-49.940853
0.001117	-49.949407
0.001117	-49.958302
0.001117	-49.967371
0.001117	-49.976368
0.001118	-49.985265
Mean R	Std.Dev R
0.001096	1.802643E-5
Mean T	Std.Dev T
-49.921918	0.093348
Current Position 
69.325
R(V)	Theta
0.001102	-50.128372
0.001102	-50.118938
0.001101	-50.108565
0.001100	-50.097148
0.001100	-50.084718
0.001099	-50.071340
0.001098	-50.057122
0.001098	-50.042158
0.001097	-50.026576
0.001096	-50.010623
0.001096	-49.994098
0.001095	-49.977000
0.001095	-49.959540
0.001094	-49.941710
0.001093	-49.923470
0.001093	-49.904823
0.001092	-49.886037
0.001092	-49.867272
0.001091	-49.848843
0.001090	-49.830948
0.001090	-49.813836
0.001089	-49.797593
0.001089	-49.782359
0.001088	-49.768308
0.001088	-49.755242
0.001087	-49.743543
0.001086	-49.732878
0.001086	-49.723075
0.001085	-49.714114
0.001085	-49.706124
0.001085	-49.698872
0.001084	-49.692432
0.001084	-49.686991
0.001084	-49.682752
0.001083	-49.679548
0.001083	-49.677183
0.001083	-49.675641
0.001083	-49.674482
0.001083	-49.673630
0.001083	-49.673081
0.001083	-49.672774
0.001082	-49.673036
0.001082	-49.674006
0.001082	-49.675934
0.001082	-49.678741
0.001082	-49.682218
0.001082	-49.686307
0.001082	-49.690976
0.001082	-49.696270
0.001082	-49.702142
0.001082	-49.708721
0.001082	-49.715579
0.001081	-49.723135
0.001081	-49.731386
0.001081	-49.740670
0.001081	-49.751388
0.001081	-49.763692
0.001081	-49.777264
0.001081	-49.791848
0.001081	-49.807277
0.001081	-49.824275
0.001081	-49.842331
0.001081	-49.860842
0.001081	-49.879448
0.001081	-49.897883
0.001081	-49.915783
0.001081	-49.932978
0.001081	-49.949576
0.001081	-49.965740
0.001081	-49.981389
0.001081	-49.996468
0.001081	-50.010740
0.001081	-50.023914
0.001081	-50.035802
0.001081	-50.046215
0.001081	-50.055254
0.001080	-50.062886
0.001080	-50.069054
0.001080	-50.073629
0.001080	-50.076337
0.001079	-50.077319
0.001079	-50.076739
0.001079	-50.074598
0.001078	-50.070994
0.001078	-50.065932
0.001078	-50.059343
0.001077	-50.051427
0.001077	-50.042425
0.001076	-50.032767
0.001076	-50.022670
0.001076	-50.012402
0.001075	-50.002063
0.001075	-49.991793
0.001074	-49.981886
0.001074	-49.972696
0.001073	-49.964202
0.001073	-49.956218
0.001072	-49.948432
0.001072	-49.940705
0.001071	-49.933087
Mean R	Std.Dev R
0.001084	7.316494E-6
Mean T	Std.Dev T
-49.883526	0.151690
Current Position 
69.310
R(V)	Theta
0.001068	-50.070948
0.001068	-50.074618
0.001068	-50.077484
0.001069	-50.079281
0.001069	-50.080454
0.001069	-50.081546
0.001069	-50.082506
0.001069	-50.083172
0.001069	-50.083754
0.001069	-50.084698
0.001069	-50.086250
0.001068	-50.088546
0.001068	-50.091578
0.001068	-50.095530
0.001068	-50.100504
0.001068	-50.106602
0.001067	-50.113635
0.001067	-50.121408
0.001067	-50.129920
0.001066	-50.138811
0.001066	-50.147766
0.001065	-50.156938
0.001065	-50.166056
0.001065	-50.174968
0.001064	-50.183485
0.001064	-50.191357
0.001063	-50.198605
0.001063	-50.205370
0.001063	-50.211757
0.001063	-50.217800
0.001063	-50.223979
0.001063	-50.230267
0.001063	-50.236532
0.001063	-50.242616
0.001063	-50.248241
0.001063	-50.253499
0.001063	-50.258150
0.001063	-50.261975
0.001063	-50.264836
0.001064	-50.266875
0.001064	-50.268167
0.001064	-50.268634
0.001064	-50.268321
0.001064	-50.267392
0.001064	-50.266013
0.001065	-50.264206
0.001065	-50.261856
0.001065	-50.258739
0.001065	-50.254875
0.001065	-50.250416
0.001065	-50.245388
0.001065	-50.239976
0.001065	-50.234254
0.001065	-50.228186
0.001065	-50.221703
0.001065	-50.215101
0.001065	-50.208600
0.001065	-50.202144
0.001065	-50.195844
0.001065	-50.189474
0.001066	-50.182803
0.001066	-50.175652
0.001066	-50.167207
0.001066	-50.157681
0.001066	-50.147128
0.001066	-50.135930
0.001066	-50.124438
0.001066	-50.112837
0.001065	-50.101342
0.001065	-50.090225
0.001065	-50.079336
0.001065	-50.068667
0.001065	-50.058573
0.001065	-50.049144
0.001065	-50.040311
0.001064	-50.032427
0.001064	-50.025653
0.001064	-50.020190
0.001064	-50.016138
0.001064	-50.013178
0.001064	-50.010961
0.001063	-50.009394
0.001063	-50.008630
0.001063	-50.008532
0.001063	-50.008955
0.001063	-50.009968
0.001063	-50.011436
0.001063	-50.013240
0.001063	-50.017936
0.001063	-50.017936
0.001063	-50.020342
0.001063	-50.025295
0.001063	-50.025295
0.001063	-50.027879
0.001063	-50.033837
0.001063	-50.037247
0.001063	-50.037247
0.001062	-50.045934
0.001062	-50.052250
0.001061	-50.059915
Mean R	Std.Dev R
0.001065	1.949431E-6
Mean T	Std.Dev T
-50.133027	0.089501
Current Position 
69.295
R(V)	Theta
0.001056	-50.196026
0.001056	-50.187303
0.001057	-50.178882
0.001057	-50.170821
0.001057	-50.163165
0.001058	-50.155939
0.001058	-50.149163
0.001058	-50.142812
0.001059	-50.137008
0.001059	-50.131709
0.001060	-50.126979
0.001060	-50.123000
0.001060	-50.119774
0.001061	-50.117302
0.001061	-50.115854
0.001061	-50.115275
0.001062	-50.115318
0.001062	-50.115811
0.001062	-50.116565
0.001063	-50.117594
0.001063	-50.118972
0.001063	-50.120818
0.001064	-50.123022
0.001064	-50.125475
0.001064	-50.128031
0.001065	-50.130566
0.001065	-50.132896
0.001065	-50.134958
0.001066	-50.136756
0.001066	-50.138578
0.001066	-50.140659
0.001067	-50.143170
0.001067	-50.146169
0.001068	-50.149664
0.001068	-50.153415
0.001069	-50.157369
0.001070	-50.161207
0.001070	-50.164647
0.001071	-50.167593
0.001072	-50.169802
0.001072	-50.171468
0.001073	-50.172434
0.001074	-50.172607
0.001074	-50.172004
0.001075	-50.170585
0.001076	-50.168524
0.001076	-50.165899
0.001077	-50.162650
0.001078	-50.158697
0.001079	-50.154303
0.001079	-50.149124
0.001080	-50.143204
0.001081	-50.136521
0.001081	-50.128928
0.001082	-50.120570
0.001083	-50.111499
0.001084	-50.101757
0.001084	-50.091283
0.001085	-50.080251
0.001085	-50.069100
0.001086	-50.058018
0.001086	-50.047039
0.001087	-50.036216
0.001087	-50.025338
0.001088	-50.014455
0.001088	-50.003662
0.001088	-49.992991
0.001088	-49.982199
0.001088	-49.971262
0.001089	-49.960180
0.001089	-49.949079
0.001089	-49.937833
0.001089	-49.926266
0.001088	-49.914644
0.001088	-49.902853
0.001088	-49.890974
0.001088	-49.879155
0.001088	-49.867466
0.001088	-49.856038
0.001088	-49.834660
0.001088	-49.834660
0.001087	-49.816085
0.001087	-49.807938
0.001087	-49.800355
0.001087	-49.793456
0.001087	-49.787414
0.001087	-49.782086
0.001087	-49.777132
0.001087	-49.772473
0.001087	-49.768294
0.001087	-49.764749
0.001087	-49.762053
0.001087	-49.760466
0.001087	-49.760087
0.001087	-49.760769
0.001087	-49.762203
0.001087	-49.764074
0.001088	-49.766488
0.001088	-49.769702
0.001088	-49.773967
Mean R	Std.Dev R
0.001076	1.166951E-5
Mean T	Std.Dev T
-50.030763	0.150677
Current Position 
69.280
R(V)	Theta
0.001087	-50.096766
0.001087	-50.085543
0.001087	-50.072813
0.001088	-50.058803
0.001088	-50.043678
0.001089	-50.027773
0.001089	-50.011344
0.001089	-49.994661
0.001090	-49.977728
0.001090	-49.960451
0.001091	-49.943277
0.001091	-49.926439
0.001091	-49.909952
0.001092	-49.894174
0.001092	-49.879423
0.001093	-49.865858
0.001093	-49.853504
0.001093	-49.842544
0.001094	-49.832864
0.001094	-49.824353
0.001094	-49.817019
0.001095	-49.810749
0.001095	-49.805507
0.001095	-49.801512
0.001095	-49.798874
0.001096	-49.797890
0.001096	-49.798543
0.001096	-49.800944
0.001096	-49.805314
0.001096	-49.811447
0.001096	-49.819168
0.001096	-49.828292
0.001096	-49.838604
0.001096	-49.850283
0.001096	-49.863380
0.001096	-49.877704
0.001096	-49.893052
0.001096	-49.909401
0.001095	-49.926813
0.001095	-49.945153
0.001094	-49.963899
0.001094	-49.982626
0.001094	-50.001217
0.001093	-50.019488
0.001092	-50.037315
0.001092	-50.054317
0.001091	-50.070366
0.001091	-50.085341
0.001090	-50.099036
0.001089	-50.111375
0.001089	-50.122306
0.001088	-50.131935
0.001087	-50.140505
0.001087	-50.148498
0.001086	-50.155793
0.001085	-50.162459
0.001084	-50.168324
0.001084	-50.173236
0.001083	-50.177361
0.001082	-50.180819
0.001082	-50.183473
0.001081	-50.185299
0.001081	-50.186216
0.001080	-50.186020
0.001080	-50.184772
0.001079	-50.182794
0.001079	-50.179970
0.001079	-50.176223
0.001079	-50.171485
0.001078	-50.165636
0.001078	-50.158776
0.001078	-50.150799
0.001078	-50.141699
0.001078	-50.131294
0.001078	-50.119506
0.001078	-50.106676
0.001078	-50.093125
0.001078	-50.078959
0.001078	-50.064471
0.001077	-50.049880
0.001077	-50.035505
0.001077	-50.020988
0.001077	-50.006705
0.001076	-49.992595
0.001076	-49.978504
0.001075	-49.964454
0.001074	-49.950853
0.001073	-49.937888
0.001073	-49.925809
0.001072	-49.914688
0.001071	-49.904407
0.001070	-49.895179
0.001069	-49.887614
0.001068	-49.881948
0.001067	-49.878084
0.001067	-49.875533
0.001066	-49.874150
0.001065	-49.873868
0.001064	-49.874403
0.001063	-49.875832
Mean R	Std.Dev R
0.001085	9.335587E-6
Mean T	Std.Dev T
-49.993339	0.129234
Current Position 
69.265
R(V)	Theta
0.001074	-50.147790
0.001075	-50.146845
0.001075	-50.145105
0.001076	-50.142620
0.001076	-50.139318
0.001077	-50.135215
0.001077	-50.130282
0.001077	-50.124416
0.001077	-50.117876
0.001077	-50.111023
0.001077	-50.103996
0.001077	-50.096776
0.001077	-50.089471
0.001077	-50.082143
0.001077	-50.074839
0.001077	-50.067733
0.001077	-50.060916
0.001077	-50.054468
0.001077	-50.048581
0.001077	-50.043228
0.001076	-50.038626
0.001076	-50.034818
0.001076	-50.031643
0.001076	-50.029026
0.001076	-50.026689
0.001076	-50.024539
0.001076	-50.022511
0.001077	-50.020462
0.001077	-50.018121
0.001077	-50.015263
0.001077	-50.011646
0.001077	-50.007346
0.001077	-50.002409
0.001077	-49.996612
0.001077	-49.989736
0.001077	-49.982190
0.001077	-49.974128
0.001077	-49.965797
0.001077	-49.957275
0.001077	-49.948805
0.001077	-49.940801
0.001077	-49.933496
0.001077	-49.927043
0.001077	-49.921574
0.001076	-49.917160
0.001076	-49.913983
0.001076	-49.912068
0.001075	-49.911177
0.001075	-49.911160
0.001074	-49.912269
0.001073	-49.914449
0.001073	-49.917873
0.001072	-49.922496
0.001072	-49.928008
0.001071	-49.934417
0.001070	-49.941663
0.001069	-49.949893
0.001069	-49.959132
0.001068	-49.969206
0.001067	-49.979643
0.001067	-49.990458
0.001066	-50.001966
0.001065	-50.014310
0.001065	-50.026908
0.001064	-50.039530
0.001064	-50.052128
0.001064	-50.064552
0.001063	-50.076532
0.001063	-50.087978
0.001063	-50.099033
0.001063	-50.109815
0.001063	-50.120472
0.001063	-50.130888
0.001063	-50.141021
0.001063	-50.151095
0.001064	-50.161238
0.001064	-50.171323
0.001065	-50.180955
0.001065	-50.189802
0.001066	-50.197599
0.001066	-50.204382
0.001067	-50.210138
0.001067	-50.214838
0.001068	-50.218291
0.001068	-50.220480
0.001069	-50.221361
0.001069	-50.221014
0.001069	-50.219832
0.001070	-50.217874
0.001070	-50.214927
0.001070	-50.210990
0.001071	-50.205674
0.001071	-50.199137
0.001071	-50.191447
0.001071	-50.182685
0.001071	-50.173044
0.001071	-50.162575
0.001072	-50.151217
0.001072	-50.138943
0.001072	-50.126099
Mean R	Std.Dev R
0.001072	5.088692E-6
Mean T	Std.Dev T
-50.066903	0.098924
Current Position 
69.250
R(V)	Theta
0.001072	-50.185410
0.001072	-50.188661
0.001072	-50.191792
0.001073	-50.195032
0.001073	-50.198327
0.001073	-50.201357
0.001073	-50.204025
0.001074	-50.206275
0.001074	-50.208087
0.001075	-50.209562
0.001075	-50.210681
0.001075	-50.211326
0.001076	-50.211582
0.001076	-50.211667
0.001076	-50.211440
0.001076	-50.210867
0.001076	-50.209981
0.001076	-50.208807
0.001076	-50.207603
0.001076	-50.206144
0.001076	-50.204385
0.001076	-50.202586
0.001076	-50.201005
0.001075	-50.199436
0.001075	-50.197850
0.001075	-50.196122
0.001074	-50.194162
0.001074	-50.192168
0.001074	-50.190031
0.001074	-50.187642
0.001074	-50.184870
0.001074	-50.181773
0.001074	-50.178422
0.001074	-50.174755
0.001074	-50.170983
0.001075	-50.167213
0.001075	-50.163278
0.001076	-50.159148
0.001076	-50.154951
0.001077	-50.150854
0.001078	-50.146822
0.001078	-50.142712
0.001079	-50.138389
0.001080	-50.133646
0.001081	-50.128444
0.001082	-50.122652
0.001083	-50.116310
0.001083	-50.109589
0.001084	-50.102900
0.001085	-50.096407
0.001085	-50.090077
0.001086	-50.083893
0.001086	-50.077738
0.001087	-50.071561
0.001087	-50.065470
0.001087	-50.059754
0.001088	-50.054603
0.001088	-50.049921
0.001088	-50.045753
0.001088	-50.042101
0.001088	-50.038660
0.001088	-50.035141
0.001088	-50.031499
0.001088	-50.027598
0.001088	-50.023260
0.001088	-50.018611
0.001088	-50.013620
0.001087	-50.008174
0.001087	-50.002291
0.001087	-49.996098
0.001086	-49.989514
0.001086	-49.982129
0.001085	-49.973916
0.001084	-49.965429
0.001084	-49.956749
0.001083	-49.947932
0.001082	-49.939010
0.001082	-49.930106
0.001081	-49.921248
0.001080	-49.912397
0.001080	-49.903542
0.001079	-49.894641
0.001078	-49.885529
0.001078	-49.876079
0.001077	-49.866067
0.001077	-49.855463
0.001076	-49.844468
0.001076	-49.833234
0.001076	-49.821844
0.001075	-49.810567
0.001075	-49.799761
0.001075	-49.789233
0.001074	-49.778930
0.001074	-49.769033
0.001074	-49.759885
0.001074	-49.751627
0.001073	-49.744269
0.001073	-49.737712
0.001073	-49.731741
0.001073	-49.726443
Mean R	Std.Dev R
0.001079	5.373143E-6
Mean T	Std.Dev T
-50.055124	0.150224
Current Position 
69.235
R(V)	Theta
0.001087	-50.033795
0.001087	-50.038529
0.001087	-50.043796
0.001087	-50.049740
0.001087	-50.056154
0.001087	-50.063017
0.001087	-50.069994
0.001087	-50.076887
0.001087	-50.083788
0.001087	-50.090958
0.001087	-50.098481
0.001087	-50.106143
0.001087	-50.113787
0.001087	-50.121227
0.001088	-50.128481
0.001088	-50.135533
0.001088	-50.142305
0.001088	-50.148940
0.001088	-50.155559
0.001088	-50.162240
0.001088	-50.168973
0.001089	-50.175677
0.001089	-50.182547
0.001089	-50.189512
0.001089	-50.196720
0.001089	-50.204031
0.001089	-50.211571
0.001089	-50.219493
0.001089	-50.227719
0.001089	-50.236173
0.001088	-50.244805
0.001088	-50.253546
0.001088	-50.262049
0.001088	-50.270017
0.001087	-50.277309
0.001087	-50.284034
0.001086	-50.290410
0.001086	-50.296423
0.001085	-50.301785
0.001084	-50.306279
0.001084	-50.309649
0.001083	-50.311620
0.001082	-50.312126
0.001082	-50.311051
0.001081	-50.308222
0.001080	-50.303728
0.001079	-50.297612
0.001079	-50.290202
0.001078	-50.281823
0.001077	-50.272589
0.001077	-50.262727
0.001076	-50.252256
0.001076	-50.241417
0.001075	-50.230162
0.001075	-50.219086
0.001074	-50.208043
0.001074	-50.197030
0.001073	-50.186038
0.001073	-50.175045
0.001073	-50.164144
0.001072	-50.153559
0.001072	-50.143620
0.001072	-50.134537
0.001072	-50.126160
0.001072	-50.118548
0.001072	-50.111713
0.001072	-50.105616
0.001072	-50.100374
0.001072	-50.095965
0.001072	-50.092191
0.001072	-50.088899
0.001071	-50.086047
0.001071	-50.083761
0.001071	-50.081598
0.001071	-50.079067
0.001071	-50.076010
0.001071	-50.072194
0.001071	-50.067583
0.001071	-50.062178
0.001071	-50.055789
0.001071	-50.048673
0.001071	-50.040991
0.001071	-50.033201
0.001071	-50.025301
0.001071	-50.017222
0.001071	-50.008988
0.001071	-50.000571
0.001071	-49.992041
0.001071	-49.983515
0.001071	-49.975256
0.001070	-49.967453
0.001070	-49.960141
0.001070	-49.953194
0.001070	-49.946802
0.001070	-49.940945
0.001070	-49.935049
0.001069	-49.929180
0.001069	-49.923388
0.001069	-49.917652
0.001068	-49.911971
Mean R	Std.Dev R
0.001079	7.701097E-6
Mean T	Std.Dev T
-50.132999	0.112561
Current Position 
69.220
R(V)	Theta
0.001057	-49.993227
0.001057	-49.994176
0.001058	-49.994695
0.001058	-49.994590
0.001059	-49.993971
0.001060	-49.992671
0.001060	-49.990702
0.001061	-49.988095
0.001061	-49.985058
0.001062	-49.981897
0.001063	-49.979058
0.001063	-49.976087
0.001064	-49.972687
0.001065	-49.968800
0.001065	-49.964668
0.001066	-49.960452
0.001066	-49.956055
0.001067	-49.951336
0.001068	-49.946278
0.001068	-49.940914
0.001069	-49.934942
0.001070	-49.928857
0.001070	-49.922425
0.001072	-49.907914
0.001072	-49.907914
0.001073	-49.900043
0.001073	-49.891981
0.001074	-49.883761
0.001075	-49.875304
0.001076	-49.866609
0.001076	-49.857849
0.001078	-49.839791
0.001079	-49.829843
0.001079	-49.818802
0.001079	-49.818802
0.001081	-49.794223
0.001082	-49.781483
0.001082	-49.781483
0.001083	-49.756492
0.001084	-49.745406
0.001085	-49.735908
0.001085	-49.728156
0.001086	-49.722345
0.001087	-49.718372
0.001087	-49.716131
0.001088	-49.715644
0.001088	-49.716738
0.001089	-49.719257
0.001089	-49.723265
0.001090	-49.728643
0.001090	-49.735236
0.001090	-49.742789
0.001091	-49.750904
0.001091	-49.759318
0.001091	-49.768038
0.001091	-49.776821
0.001091	-49.785661
0.001092	-49.794377
0.001092	-49.802998
0.001092	-49.811683
0.001092	-49.820456
0.001092	-49.829432
0.001092	-49.838758
0.001092	-49.848069
0.001092	-49.857494
0.001091	-49.867100
0.001091	-49.877177
0.001091	-49.887973
0.001091	-49.899391
0.001090	-49.911060
0.001090	-49.922951
0.001089	-49.935257
0.001089	-49.947946
0.001088	-49.961084
0.001088	-49.974621
0.001088	-49.988271
0.001087	-50.001952
0.001087	-50.015525
0.001087	-50.028823
0.001087	-50.041780
0.001087	-50.054553
0.001087	-50.067161
0.001086	-50.079726
0.001086	-50.092265
0.001086	-50.104706
0.001086	-50.116839
0.001086	-50.128534
0.001086	-50.139525
0.001086	-50.149602
0.001086	-50.158709
0.001086	-50.166631
0.001085	-50.173330
0.001085	-50.178608
0.001085	-50.182498
0.001085	-50.185002
0.001084	-50.186083
0.001084	-50.185864
0.001084	-50.184376
0.001083	-50.181692
0.001083	-50.177855
Mean R	Std.Dev R
0.001081	1.074568E-5
Mean T	Std.Dev T
-49.928703	0.141165
Current Position 
69.205
R(V)	Theta
0.001071	-50.427860
0.001071	-50.426709
0.001071	-50.424664
0.001071	-50.422051
0.001071	-50.418818
0.001071	-50.414988
0.001071	-50.410683
0.001071	-50.405987
0.001072	-50.400964
0.001072	-50.395159
0.001072	-50.388387
0.001072	-50.380915
0.001072	-50.372970
0.001072	-50.364690
0.001072	-50.356066
0.001072	-50.347392
0.001071	-50.338513
0.001071	-50.329982
0.001071	-50.321853
0.001071	-50.314108
0.001071	-50.307083
0.001071	-50.301367
0.001070	-50.297188
0.001070	-50.294573
0.001070	-50.293454
0.001069	-50.293744
0.001069	-50.295383
0.001068	-50.298192
0.001068	-50.302442
0.001067	-50.308332
0.001067	-50.315510
0.001066	-50.323704
0.001066	-50.332862
0.001065	-50.342794
0.001065	-50.353284
0.001064	-50.364295
0.001064	-50.375742
0.001063	-50.388200
0.001063	-50.401867
0.001062	-50.416594
0.001061	-50.432217
0.001061	-50.448703
0.001060	-50.466131
0.001060	-50.484358
0.001059	-50.503532
0.001058	-50.523068
0.001058	-50.543137
0.001057	-50.563298
0.001057	-50.583111
0.001056	-50.602075
0.001055	-50.620033
0.001055	-50.637072
0.001054	-50.653067
0.001054	-50.667892
0.001053	-50.681541
0.001053	-50.694190
0.001052	-50.705772
0.001052	-50.715737
0.001051	-50.723991
0.001051	-50.736062
0.001050	-50.739653
0.001050	-50.741520
0.001050	-50.741474
0.001049	-50.739832
0.001049	-50.736903
0.001049	-50.732666
0.001048	-50.727612
0.001048	-50.721975
0.001048	-50.715799
0.001048	-50.709148
0.001047	-50.701899
0.001047	-50.693845
0.001047	-50.684799
0.001047	-50.675426
0.001047	-50.665742
0.001047	-50.655949
0.001047	-50.646047
0.001047	-50.635978
0.001047	-50.625718
0.001047	-50.615217
0.001047	-50.604362
0.001047	-50.593175
0.001047	-50.581792
0.001048	-50.570359
0.001048	-50.558934
0.001048	-50.547646
0.001049	-50.536043
0.001049	-50.523976
0.001050	-50.511301
0.001051	-50.498096
0.001051	-50.484444
0.001052	-50.470228
0.001053	-50.455407
0.001054	-50.440048
0.001055	-50.424451
0.001056	-50.408845
0.001057	-50.393434
0.001058	-50.378290
0.001059	-50.363609
0.001060	-50.349194
Mean R	Std.Dev R
0.001059	9.347098E-6
Mean T	Std.Dev T
-50.498552	0.149502
Current Position 
69.190
R(V)	Theta
0.001070	-50.375735
0.001069	-50.386816
0.001069	-50.396548
0.001069	-50.404877
0.001069	-50.411590
0.001068	-50.416729
0.001068	-50.420132
0.001068	-50.421677
0.001068	-50.421292
0.001068	-50.418950
0.001068	-50.414792
0.001068	-50.409049
0.001068	-50.401818
0.001069	-50.392991
0.001069	-50.382924
0.001069	-50.371859
0.001070	-50.359832
0.001070	-50.347059
0.001071	-50.333957
0.001071	-50.321109
0.001072	-50.308772
0.001073	-50.297044
0.001073	-50.285955
0.001074	-50.275420
0.001074	-50.265309
0.001075	-50.255419
0.001076	-50.246231
0.001076	-50.237773
0.001077	-50.230389
0.001077	-50.224355
0.001077	-50.219844
0.001078	-50.216876
0.001078	-50.215309
0.001078	-50.215031
0.001078	-50.216064
0.001078	-50.218402
0.001078	-50.221695
0.001078	-50.225481
0.001077	-50.229111
0.001077	-50.232198
0.001077	-50.234733
0.001077	-50.236829
0.001076	-50.238354
0.001076	-50.239064
0.001076	-50.238952
0.001076	-50.238011
0.001075	-50.236109
0.001075	-50.233537
0.001075	-50.230631
0.001075	-50.227618
0.001074	-50.224581
0.001074	-50.221485
0.001074	-50.218400
0.001074	-50.215654
0.001074	-50.213475
0.001073	-50.212191
0.001073	-50.211500
0.001073	-50.211214
0.001073	-50.211676
0.001072	-50.212746
0.001072	-50.214277
0.001072	-50.216010
0.001071	-50.217595
0.001071	-50.219038
0.001070	-50.220369
0.001070	-50.221261
0.001070	-50.221143
0.001070	-50.219930
0.001070	-50.217771
0.001069	-50.214459
0.001069	-50.209878
0.001069	-50.204245
0.001069	-50.197530
0.001069	-50.189173
0.001069	-50.179058
0.001070	-50.167610
0.001070	-50.155171
0.001070	-50.142058
0.001070	-50.128642
0.001070	-50.115128
0.001070	-50.101541
0.001070	-50.088477
0.001071	-50.076429
0.001071	-50.065528
0.001071	-50.056571
0.001071	-50.049456
0.001071	-50.044042
0.001072	-50.040223
0.001072	-50.037759
0.001072	-50.036387
0.001072	-50.035786
0.001073	-50.035741
0.001073	-50.036329
0.001074	-50.037532
0.001074	-50.039527
0.001075	-50.042467
0.001075	-50.046704
0.001076	-50.052339
0.001077	-50.066203
0.001077	-50.066203
Mean R	Std.Dev R
0.001073	3.076707E-6
Mean T	Std.Dev T
-50.220788	0.111460
Current Position 
69.175
R(V)	Theta
0.001075	-49.907075
0.001076	-49.909494
0.001076	-49.912888
0.001076	-49.917257
0.001076	-49.922481
0.001077	-49.928161
0.001077	-49.933963
0.001077	-49.939941
0.001078	-49.945840
0.001078	-49.951741
0.001078	-49.957386
0.001079	-49.962713
0.001079	-49.967689
0.001079	-49.972207
0.001079	-49.976302
0.001080	-49.980144
0.001080	-49.983875
0.001080	-49.987639
0.001081	-49.991513
0.001081	-49.995446
0.001081	-49.999457
0.001082	-50.003726
0.001082	-50.008446
0.001082	-50.013704
0.001082	-50.019585
0.001083	-50.025881
0.001083	-50.032253
0.001083	-50.038718
0.001083	-50.045257
0.001084	-50.051849
0.001084	-50.058291
0.001084	-50.064522
0.001084	-50.070603
0.001084	-50.076303
0.001084	-50.081763
0.001084	-50.086895
0.001084	-50.091548
0.001084	-50.095689
0.001084	-50.099132
0.001084	-50.101741
0.001084	-50.103552
0.001084	-50.104763
0.001084	-50.105575
0.001084	-50.105924
0.001084	-50.105957
0.001084	-50.105895
0.001084	-50.105678
0.001084	-50.105434
0.001083	-50.105211
0.001083	-50.104962
0.001083	-50.104669
0.001082	-50.104307
0.001082	-50.103775
0.001081	-50.102990
0.001081	-50.101822
0.001080	-50.100463
0.001080	-50.098957
0.001079	-50.097371
0.001079	-50.095830
0.001078	-50.094283
0.001078	-50.092899
0.001077	-50.091887
0.001077	-50.091497
0.001076	-50.091649
0.001075	-50.092491
0.001075	-50.094139
0.001074	-50.096427
0.001074	-50.099294
0.001073	-50.102539
0.001073	-50.106024
0.001073	-50.109672
0.001072	-50.113432
0.001072	-50.117414
0.001071	-50.121645
0.001071	-50.126165
0.001071	-50.130875
0.001071	-50.135453
0.001070	-50.139439
0.001070	-50.142534
0.001070	-50.145023
0.001070	-50.146823
0.001070	-50.147888
0.001070	-50.148370
0.001070	-50.148191
0.001070	-50.147312
0.001070	-50.145558
0.001070	-50.143028
0.001070	-50.140016
0.001071	-50.136820
0.001071	-50.133527
0.001071	-50.130414
0.001071	-50.127305
0.001071	-50.124222
0.001071	-50.120997
0.001072	-50.117594
0.001072	-50.114328
0.001072	-50.111577
0.001072	-50.109566
0.001072	-50.108698
0.001072	-50.109225
Mean R	Std.Dev R
0.001078	5.207807E-6
Mean T	Std.Dev T
-50.070185	0.068423
Current Position 
69.160
R(V)	Theta
0.001060	-50.239544
0.001059	-50.239830
0.001059	-50.240478
0.001059	-50.241125
0.001059	-50.241595
0.001059	-50.241974
0.001059	-50.242102
0.001058	-50.241867
0.001058	-50.241327
0.001058	-50.240571
0.001058	-50.239755
0.001058	-50.238877
0.001058	-50.237965
0.001058	-50.236831
0.001058	-50.235224
0.001058	-50.233134
0.001057	-50.230630
0.001057	-50.228035
0.001057	-50.225332
0.001057	-50.222628
0.001057	-50.219720
0.001057	-50.216582
0.001057	-50.213104
0.001056	-50.209177
0.001056	-50.204696
0.001056	-50.199681
0.001056	-50.194299
0.001056	-50.188760
0.001056	-50.183287
0.001056	-50.177960
0.001056	-50.172710
0.001056	-50.167388
0.001056	-50.161905
0.001056	-50.156251
0.001056	-50.150369
0.001056	-50.144170
0.001056	-50.137806
0.001057	-50.131257
0.001057	-50.124412
0.001057	-50.117405
0.001057	-50.110544
0.001058	-50.104019
0.001058	-50.098057
0.001058	-50.092415
0.001058	-50.087266
0.001058	-50.082668
0.001058	-50.078891
0.001058	-50.075989
0.001058	-50.073787
0.001058	-50.072014
0.001058	-50.070209
0.001058	-50.068051
0.001058	-50.065651
0.001058	-50.063053
0.001058	-50.060292
0.001059	-50.057486
0.001059	-50.054615
0.001059	-50.051818
0.001059	-50.049030
0.001059	-50.046033
0.001059	-50.042758
0.001059	-50.039191
0.001059	-50.035081
0.001059	-50.030537
0.001059	-50.026092
0.001059	-50.022171
0.001059	-50.019157
0.001059	-50.017132
0.001059	-50.016076
0.001059	-50.016051
0.001059	-50.016910
0.001059	-50.018578
0.001059	-50.020849
0.001059	-50.023715
0.001059	-50.026958
0.001059	-50.030478
0.001059	-50.034411
0.001059	-50.038981
0.001059	-50.044228
0.001059	-50.050113
0.001059	-50.056504
0.001059	-50.063290
0.001059	-50.070362
0.001059	-50.077773
0.001060	-50.085601
0.001060	-50.093726
0.001060	-50.102006
0.001060	-50.110391
0.001061	-50.118697
0.001061	-50.126631
0.001061	-50.133906
0.001061	-50.140627
0.001061	-50.146708
0.001062	-50.151998
0.001062	-50.156212
0.001062	-50.159226
0.001062	-50.161208
0.001063	-50.162416
0.001063	-50.163019
0.001063	-50.163271
Mean R	Std.Dev R
0.001058	1.641372E-6
Mean T	Std.Dev T
-50.126847	0.077387
Current Position 
69.145
R(V)	Theta
0.001062	-49.908906
0.001062	-49.902370
0.001062	-49.895919
0.001062	-49.889493
0.001062	-49.883211
0.001063	-49.877151
0.001063	-49.871331
0.001063	-49.865792
0.001064	-49.860628
0.001064	-49.856106
0.001064	-49.852461
0.001065	-49.849745
0.001065	-49.847864
0.001065	-49.846653
0.001066	-49.845990
0.001066	-49.845686
0.001067	-49.845629
0.001067	-49.845795
0.001068	-49.846359
0.001068	-49.847350
0.001069	-49.848770
0.001069	-49.850651
0.001070	-49.852951
0.001070	-49.855606
0.001070	-49.858507
0.001071	-49.861540
0.001071	-49.864657
0.001071	-49.867667
0.001072	-49.870495
0.001072	-49.873323
0.001072	-49.876151
0.001073	-49.879105
0.001073	-49.882298
0.001073	-49.885622
0.001073	-49.889066
0.001073	-49.892794
0.001074	-49.896660
0.001074	-49.900470
0.001074	-49.904229
0.001073	-49.907984
0.001073	-49.911945
0.001073	-49.916136
0.001073	-49.920525
0.001072	-49.925072
0.001072	-49.929430
0.001072	-49.933349
0.001071	-49.936732
0.001071	-49.939346
0.001071	-49.941046
0.001070	-49.941988
0.001070	-49.942371
0.001070	-49.942935
0.001069	-49.944001
0.001069	-49.945447
0.001069	-49.947303
0.001069	-49.949565
0.001069	-49.952633
0.001069	-49.956775
0.001069	-49.961993
0.001069	-49.968174
0.001070	-49.975182
0.001070	-49.982720
0.001070	-49.990679
0.001070	-49.998981
0.001071	-50.007181
0.001071	-50.014681
0.001071	-50.021537
0.001072	-50.027657
0.001072	-50.033067
0.001072	-50.037471
0.001072	-50.040742
0.001072	-50.042871
0.001072	-50.043955
0.001072	-50.044346
0.001072	-50.044155
0.001073	-50.043140
0.001073	-50.041240
0.001073	-50.038395
0.001073	-50.034801
0.001073	-50.030787
0.001073	-50.026975
0.001073	-50.023759
0.001073	-50.021073
0.001073	-50.018689
0.001073	-50.016879
0.001074	-50.016393
0.001074	-50.017158
0.001074	-50.018881
0.001074	-50.020654
0.001074	-50.021949
0.001074	-50.022880
0.001074	-50.023508
0.001074	-50.023750
0.001074	-50.023549
0.001074	-50.023003
0.001075	-50.021951
0.001075	-50.020309
0.001075	-50.018128
0.001075	-50.015611
0.001075	-50.012781
Mean R	Std.Dev R
0.001071	3.553517E-6
Mean T	Std.Dev T
-49.945112	0.070769
Current Position 
69.130
R(V)	Theta
0.001070	-49.994619
0.001070	-49.987058
0.001071	-49.979431
0.001071	-49.971566
0.001072	-49.963593
0.001072	-49.955868
0.001072	-49.948148
0.001073	-49.940451
0.001073	-49.933191
0.001073	-49.925880
0.001073	-49.918310
0.001074	-49.910606
0.001074	-49.902845
0.001074	-49.895210
0.001074	-49.887914
0.001074	-49.880978
0.001074	-49.874561
0.001074	-49.868682
0.001073	-49.863200
0.001073	-49.857865
0.001073	-49.852625
0.001073	-49.847511
0.001073	-49.842550
0.001072	-49.837616
0.001072	-49.833043
0.001072	-49.829555
0.001071	-49.827116
0.001071	-49.825276
0.001070	-49.823921
0.001070	-49.823197
0.001070	-49.823170
0.001069	-49.823733
0.001069	-49.824972
0.001068	-49.826978
0.001068	-49.829624
0.001068	-49.833047
0.001067	-49.837441
0.001067	-49.842821
0.001067	-49.848732
0.001067	-49.854908
0.001066	-49.861199
0.001066	-49.867564
0.001066	-49.873505
0.001066	-49.878929
0.001066	-49.883611
0.001066	-49.887307
0.001066	-49.889939
0.001066	-49.891309
0.001065	-49.891631
0.001065	-49.891293
0.001065	-49.890411
0.001065	-49.889101
0.001065	-49.887751
0.001065	-49.886476
0.001065	-49.885274
0.001065	-49.884162
0.001065	-49.883138
0.001065	-49.882384
0.001065	-49.881999
0.001065	-49.882093
0.001065	-49.882765
0.001065	-49.884004
0.001065	-49.886419
0.001065	-49.890101
0.001065	-49.895023
0.001065	-49.900796
0.001065	-49.906939
0.001065	-49.913122
0.001065	-49.919007
0.001065	-49.924520
0.001065	-49.929436
0.001065	-49.933689
0.001065	-49.937422
0.001064	-49.940677
0.001064	-49.943408
0.001064	-49.945635
0.001064	-49.947213
0.001064	-49.948125
0.001064	-49.948387
0.001064	-49.947914
0.001064	-49.946880
0.001064	-49.945478
0.001064	-49.943731
0.001063	-49.941619
0.001063	-49.938930
0.001063	-49.935746
0.001063	-49.932357
0.001063	-49.928893
0.001063	-49.925370
0.001062	-49.921641
0.001062	-49.917637
0.001062	-49.913453
0.001062	-49.908953
0.001062	-49.903913
0.001062	-49.898604
0.001062	-49.892968
0.001062	-49.886989
0.001062	-49.880213
0.001062	-49.872695
0.001062	-49.864621
Mean R	Std.Dev R
0.001067	3.856987E-6
Mean T	Std.Dev T
-49.895422	0.042228
Current Position 
69.115
R(V)	Theta
0.001079	-49.817941
0.001079	-49.824762
0.001079	-49.830901
0.001079	-49.836222
0.001079	-49.841136
0.001079	-49.845789
0.001079	-49.850404
0.001079	-49.854928
0.001079	-49.859244
0.001078	-49.863243
0.001078	-49.866949
0.001078	-49.870301
0.001078	-49.872567
0.001078	-49.873773
0.001077	-49.874206
0.001077	-49.874361
0.001077	-49.874249
0.001077	-49.873801
0.001076	-49.872448
0.001076	-49.871614
0.001076	-49.871614
0.001075	-49.869724
0.001075	-49.868802
0.001075	-49.867970
0.001075	-49.867356
0.001075	-49.866880
0.001074	-49.866196
0.001074	-49.864932
0.001074	-49.862893
0.001074	-49.859899
0.001074	-49.856057
0.001074	-49.851861
0.001074	-49.847718
0.001074	-49.844007
0.001074	-49.841000
0.001074	-49.838768
0.001074	-49.837559
0.001074	-49.837211
0.001074	-49.837609
0.001074	-49.838951
0.001074	-49.841174
0.001074	-49.844463
0.001074	-49.848809
0.001074	-49.853943
0.001074	-49.859676
0.001074	-49.865901
0.001074	-49.872117
0.001075	-49.878229
0.001075	-49.883933
0.001075	-49.889185
0.001075	-49.894137
0.001075	-49.898765
0.001075	-49.903141
0.001075	-49.907032
0.001075	-49.910323
0.001076	-49.912659
0.001076	-49.913500
0.001076	-49.912613
0.001076	-49.909986
0.001076	-49.906051
0.001077	-49.900988
0.001077	-49.895075
0.001077	-49.888504
0.001077	-49.881326
0.001078	-49.872984
0.001078	-49.863336
0.001078	-49.852857
0.001079	-49.841899
0.001079	-49.830936
0.001079	-49.820110
0.001080	-49.809148
0.001080	-49.798684
0.001080	-49.789304
0.001081	-49.781069
0.001081	-49.773970
0.001082	-49.768045
0.001082	-49.762880
0.001082	-49.758523
0.001083	-49.755162
0.001083	-49.752801
0.001083	-49.751826
0.001083	-49.752407
0.001083	-49.754278
0.001084	-49.757337
0.001084	-49.761668
0.001084	-49.766876
0.001084	-49.772323
0.001084	-49.777700
0.001084	-49.783119
0.001083	-49.788791
0.001083	-49.795453
0.001083	-49.802706
0.001083	-49.810143
0.001082	-49.817690
0.001082	-49.824930
0.001081	-49.831615
0.001081	-49.837594
0.001081	-49.842860
0.001080	-49.847534
0.001079	-49.852062
Mean R	Std.Dev R
0.001078	3.288595E-6
Mean T	Std.Dev T
-49.842780	0.044064
Current Position 
69.100
R(V)	Theta
0.001072	-49.906524
0.001072	-49.904855
0.001072	-49.903325
0.001072	-49.901713
0.001072	-49.900013
0.001072	-49.898345
0.001072	-49.896710
0.001072	-49.894958
0.001072	-49.893190
0.001072	-49.891078
0.001072	-49.888540
0.001071	-49.886027
0.001071	-49.883708
0.001071	-49.881614
0.001071	-49.879891
0.001070	-49.878448
0.001070	-49.877359
0.001070	-49.876969
0.001069	-49.877371
0.001069	-49.878376
0.001069	-49.879826
0.001068	-49.881842
0.001068	-49.884352
0.001068	-49.887063
0.001067	-49.889728
0.001067	-49.892105
0.001067	-49.893993
0.001067	-49.895609
0.001066	-49.896959
0.001066	-49.898020
0.001066	-49.898698
0.001066	-49.899106
0.001065	-49.899326
0.001065	-49.899048
0.001065	-49.898267
0.001065	-49.897000
0.001064	-49.895567
0.001064	-49.894111
0.001064	-49.892562
0.001064	-49.890750
0.001064	-49.888822
0.001063	-49.887117
0.001063	-49.886006
0.001063	-49.885689
0.001063	-49.886200
0.001063	-49.887322
0.001063	-49.888782
0.001063	-49.890434
0.001063	-49.892169
0.001063	-49.893989
0.001063	-49.896100
0.001063	-49.898806
0.001063	-49.901784
0.001063	-49.904731
0.001063	-49.907770
0.001063	-49.911009
0.001062	-49.914582
0.001062	-49.921282
0.001062	-49.924454
0.001061	-49.927241
0.001061	-49.929578
0.001061	-49.931826
0.001061	-49.933961
0.001060	-49.935953
0.001060	-49.937928
0.001060	-49.940035
0.001059	-49.942615
0.001059	-49.945677
0.001059	-49.949107
0.001058	-49.952727
0.001058	-49.956411
0.001058	-49.960366
0.001057	-49.964605
0.001057	-49.969242
0.001057	-49.974134
0.001057	-49.979275
0.001056	-49.984896
0.001056	-49.991255
0.001056	-49.998374
0.001055	-50.006315
0.001055	-50.014844
0.001054	-50.023769
0.001054	-50.032973
0.001054	-50.042669
0.001053	-50.052444
0.001053	-50.062425
0.001052	-50.072460
0.001052	-50.082407
0.001052	-50.092734
0.001051	-50.103699
0.001051	-50.115499
0.001050	-50.127930
0.001050	-50.140684
0.001050	-50.153708
0.001049	-50.166554
0.001049	-50.178797
0.001049	-50.190612
0.001048	-50.202231
0.001048	-50.213954
0.001048	-50.225748
Mean R	Std.Dev R
0.001062	7.118683E-6
Mean T	Std.Dev T
-49.951377	0.091763
Current Position 
69.085
R(V)	Theta
0.001049	-50.417773
0.001050	-50.416027
0.001050	-50.414001
0.001051	-50.411310
0.001051	-50.407416
0.001052	-50.401979
0.001052	-50.395038
0.001053	-50.386404
0.001053	-50.375832
0.001053	-50.363820
0.001054	-50.350212
0.001054	-50.335073
0.001055	-50.318471
0.001055	-50.300605
0.001056	-50.281955
0.001056	-50.262612
0.001056	-50.242572
0.001057	-50.221979
0.001057	-50.200760
0.001058	-50.178942
0.001058	-50.156602
0.001059	-50.133926
0.001059	-50.110955
0.001060	-50.087994
0.001060	-50.065594
0.001061	-50.044413
0.001061	-50.024855
0.001061	-50.007044
0.001062	-49.990976
0.001062	-49.976730
0.001062	-49.964364
0.001062	-49.953808
0.001063	-49.945051
0.001063	-49.938200
0.001063	-49.933340
0.001063	-49.930278
0.001063	-49.929104
0.001063	-49.929843
0.001063	-49.932288
0.001063	-49.936185
0.001062	-49.941351
0.001062	-49.947871
0.001062	-49.955609
0.001062	-49.964591
0.001061	-49.974610
0.001061	-49.985411
0.001060	-49.997006
0.001060	-50.009181
0.001060	-50.022286
0.001059	-50.036699
0.001059	-50.052221
0.001058	-50.068619
0.001058	-50.085564
0.001058	-50.102661
0.001057	-50.119894
0.001057	-50.137453
0.001056	-50.155185
0.001056	-50.172860
0.001056	-50.190216
0.001056	-50.207002
0.001056	-50.223061
0.001055	-50.237849
0.001055	-50.251176
0.001055	-50.263293
0.001055	-50.274424
0.001055	-50.284726
0.001055	-50.293829
0.001055	-50.301800
0.001055	-50.307925
0.001056	-50.312270
0.001056	-50.315161
0.001056	-50.316712
0.001056	-50.316883
0.001056	-50.315825
0.001056	-50.313660
0.001057	-50.310737
0.001057	-50.307432
0.001057	-50.303433
0.001058	-50.298925
0.001058	-50.293783
0.001058	-50.287835
0.001058	-50.281168
0.001059	-50.273771
0.001059	-50.265820
0.001060	-50.257437
0.001060	-50.248398
0.001060	-50.238690
0.001061	-50.218243
0.001062	-50.207800
0.001062	-50.207800
0.001062	-50.187078
0.001063	-50.177161
0.001063	-50.177161
0.001063	-50.157291
0.001064	-50.147387
0.001064	-50.137210
0.001064	-50.126774
0.001065	-50.116451
0.001065	-50.106676
0.001065	-50.097402
Mean R	Std.Dev R
0.001058	3.736870E-6
Mean T	Std.Dev T
-50.175611	0.147034
Current Position 
69.070
R(V)	Theta
0.001065	-49.903865
0.001066	-49.902576
0.001067	-49.901887
0.001068	-49.901522
0.001068	-49.901565
0.001069	-49.902048
0.001070	-49.902982
0.001070	-49.904542
0.001071	-49.906803
0.001072	-49.909518
0.001072	-49.912479
0.001072	-49.915573
0.001073	-49.918791
0.001073	-49.921935
0.001073	-49.925111
0.001074	-49.928443
0.001074	-49.931951
0.001074	-49.935451
0.001074	-49.938805
0.001074	-49.941827
0.001074	-49.944800
0.001074	-49.947893
0.001074	-49.951222
0.001074	-49.954369
0.001074	-49.956953
0.001074	-49.959171
0.001074	-49.961080
0.001075	-49.962824
0.001075	-49.964413
0.001075	-49.966068
0.001075	-49.967964
0.001075	-49.970294
0.001075	-49.973078
0.001076	-49.976076
0.001076	-49.979388
0.001076	-49.983094
0.001076	-49.987174
0.001076	-49.991592
0.001077	-49.996428
0.001077	-50.001505
0.001077	-50.006841
0.001078	-50.012485
0.001078	-50.018668
0.001079	-50.025776
0.001079	-50.034006
0.001080	-50.043139
0.001080	-50.052979
0.001081	-50.062893
0.001081	-50.072794
0.001082	-50.082689
0.001082	-50.092546
0.001083	-50.102142
0.001084	-50.111432
0.001084	-50.120313
0.001085	-50.128712
0.001086	-50.136527
0.001086	-50.143616
0.001087	-50.149668
0.001088	-50.154194
0.001089	-50.157169
0.001089	-50.158802
0.001090	-50.159412
0.001091	-50.159311
0.001092	-50.158492
0.001093	-50.157142
0.001094	-50.155315
0.001094	-50.153081
0.001095	-50.150561
0.001096	-50.147914
0.001097	-50.145260
0.001098	-50.142715
0.001098	-50.140450
0.001099	-50.138380
0.001100	-50.136360
0.001100	-50.134651
0.001101	-50.133382
0.001102	-50.132724
0.001102	-50.132641
0.001103	-50.133125
0.001103	-50.134181
0.001104	-50.135674
0.001104	-50.137399
0.001105	-50.139133
0.001105	-50.140565
0.001105	-50.141623
0.001106	-50.142387
0.001106	-50.142691
0.001106	-50.142521
0.001106	-50.141839
0.001106	-50.140590
0.001106	-50.138697
0.001106	-50.136199
0.001106	-50.132987
0.001106	-50.129128
0.001106	-50.124840
0.001105	-50.120270
0.001105	-50.115343
0.001105	-50.109895
0.001105	-50.103904
0.001105	-50.097346
Mean R	Std.Dev R
0.001086	1.337629E-5
Mean T	Std.Dev T
-50.049286	0.094910
Current Position 
69.055
R(V)	Theta
0.001098	-50.142677
0.001098	-50.138953
0.001098	-50.135376
0.001099	-50.132151
0.001099	-50.129358
0.001099	-50.127073
0.001100	-50.125436
0.001100	-50.124612
0.001100	-50.124718
0.001101	-50.125215
0.001101	-50.125492
0.001101	-50.125716
0.001101	-50.126106
0.001102	-50.126692
0.001102	-50.127397
0.001102	-50.128181
0.001102	-50.129141
0.001102	-50.130196
0.001102	-50.131371
0.001102	-50.132725
0.001102	-50.134058
0.001102	-50.135305
0.001102	-50.136414
0.001102	-50.137475
0.001101	-50.138430
0.001101	-50.139299
0.001100	-50.140161
0.001100	-50.140912
0.001099	-50.141287
0.001099	-50.141336
0.001098	-50.141064
0.001098	-50.140475
0.001097	-50.139524
0.001096	-50.137960
0.001095	-50.135755
0.001095	-50.132942
0.001094	-50.129675
0.001093	-50.126157
0.001092	-50.122420
0.001091	-50.118472
0.001090	-50.114379
0.001089	-50.110218
0.001088	-50.106132
0.001087	-50.102383
0.001087	-50.099410
0.001086	-50.097323
0.001085	-50.096223
0.001084	-50.095957
0.001084	-50.096315
0.001083	-50.096996
0.001082	-50.097823
0.001082	-50.098693
0.001081	-50.099600
0.001081	-50.100720
0.001080	-50.101859
0.001080	-50.102737
0.001080	-50.103213
0.001079	-50.103094
0.001079	-50.102082
0.001079	-50.100193
0.001079	-50.097627
0.001078	-50.094342
0.001078	-50.090253
0.001078	-50.085587
0.001078	-50.080437
0.001078	-50.074994
0.001078	-50.069356
0.001078	-50.063891
0.001079	-50.058625
0.001079	-50.053668
0.001079	-50.049085
0.001079	-50.045000
0.001079	-50.041395
0.001080	-50.038095
0.001080	-50.035460
0.001080	-50.033634
0.001080	-50.032624
0.001080	-50.032202
0.001080	-50.032183
0.001080	-50.032709
0.001080	-50.033992
0.001080	-50.035962
0.001080	-50.038377
0.001080	-50.040936
0.001080	-50.043606
0.001080	-50.046716
0.001080	-50.050381
0.001080	-50.054585
0.001080	-50.059118
0.001080	-50.063909
0.001080	-50.068874
0.001080	-50.073916
0.001080	-50.078954
0.001080	-50.083965
0.001080	-50.088762
0.001080	-50.093041
0.001080	-50.096558
0.001080	-50.099536
0.001080	-50.102031
0.001080	-50.104277
Mean R	Std.Dev R
0.001088	9.478741E-6
Mean T	Std.Dev T
-50.098217	0.035229
Current Position 
69.040
R(V)	Theta
0.001076	-49.846874
0.001076	-49.823764
0.001076	-49.812903
0.001076	-49.802936
0.001076	-49.793987
0.001076	-49.786267
0.001075	-49.779900
0.001075	-49.774846
0.001075	-49.770994
0.001075	-49.768298
0.001075	-49.766648
0.001075	-49.766011
0.001075	-49.766094
0.001074	-49.766808
0.001074	-49.768095
0.001074	-49.769947
0.001074	-49.772370
0.001074	-49.775259
0.001074	-49.778565
0.001074	-49.782335
0.001074	-49.786641
0.001074	-49.791378
0.001074	-49.796434
0.001074	-49.801622
0.001074	-49.807298
0.001074	-49.813265
0.001074	-49.819242
0.001075	-49.824962
0.001075	-49.830346
0.001075	-49.835471
0.001075	-49.840392
0.001075	-49.844840
0.001075	-49.848603
0.001075	-49.851705
0.001076	-49.854149
0.001076	-49.856131
0.001076	-49.857675
0.001076	-49.858713
0.001076	-49.859492
0.001076	-49.860371
0.001076	-49.861575
0.001076	-49.863223
0.001076	-49.865258
0.001076	-49.867708
0.001076	-49.870572
0.001076	-49.873724
0.001076	-49.877279
0.001076	-49.881386
0.001077	-49.886368
0.001077	-49.892052
0.001077	-49.897979
0.001077	-49.903803
0.001077	-49.909397
0.001077	-49.915158
0.001077	-49.921172
0.001077	-49.927154
0.001078	-49.933175
0.001078	-49.939230
0.001078	-49.945623
0.001078	-49.952804
0.001078	-49.960722
0.001078	-49.969180
0.001078	-49.978127
0.001078	-49.987780
0.001077	-49.998153
0.001077	-50.008890
0.001077	-50.019840
0.001077	-50.030635
0.001076	-50.041487
0.001076	-50.052341
0.001076	-50.063255
0.001075	-50.074213
0.001075	-50.085024
0.001074	-50.095552
0.001074	-50.105483
0.001073	-50.114843
0.001073	-50.123710
0.001072	-50.131935
0.001072	-50.139489
0.001072	-50.146274
0.001071	-50.152371
0.001071	-50.157566
0.001071	-50.161735
0.001071	-50.165243
0.001070	-50.168474
0.001070	-50.171841
0.001070	-50.175425
0.001070	-50.179147
0.001070	-50.183116
0.001070	-50.187256
0.001070	-50.191598
0.001070	-50.196224
0.001070	-50.201400
0.001071	-50.207238
0.001071	-50.213644
0.001071	-50.220499
0.001071	-50.227872
0.001071	-50.236163
0.001071	-50.245691
0.001071	-50.256464
Mean R	Std.Dev R
0.001075	2.337271E-6
Mean T	Std.Dev T
-49.953222	0.156794
Current Position 
69.025
R(V)	Theta
0.001066	-50.270325
0.001066	-50.266641
0.001065	-50.263491
0.001065	-50.261175
0.001064	-50.260067
0.001064	-50.260326
0.001063	-50.261824
0.001063	-50.264297
0.001062	-50.267482
0.001062	-50.271016
0.001062	-50.274452
0.001061	-50.277595
0.001061	-50.280509
0.001060	-50.283495
0.001060	-50.286543
0.001059	-50.289828
0.001059	-50.293375
0.001058	-50.296922
0.001058	-50.300223
0.001058	-50.303425
0.001057	-50.306575
0.001057	-50.309760
0.001057	-50.312991
0.001056	-50.316060
0.001056	-50.318784
0.001056	-50.321265
0.001055	-50.323824
0.001055	-50.326535
0.001055	-50.329157
0.001055	-50.331630
0.001055	-50.334078
0.001055	-50.335825
0.001054	-50.336542
0.001054	-50.336304
0.001054	-50.335081
0.001054	-50.333042
0.001054	-50.330292
0.001054	-50.327012
0.001054	-50.323314
0.001054	-50.319182
0.001054	-50.314796
0.001054	-50.310109
0.001053	-50.305119
0.001053	-50.299674
0.001053	-50.293622
0.001053	-50.286993
0.001053	-50.279687
0.001053	-50.271543
0.001053	-50.262248
0.001052	-50.252311
0.001052	-50.242291
0.001052	-50.232414
0.001052	-50.222468
0.001052	-50.212536
0.001052	-50.202779
0.001053	-50.193421
0.001053	-50.184690
0.001053	-50.177075
0.001053	-50.170995
0.001053	-50.166554
0.001053	-50.163745
0.001053	-50.162604
0.001054	-50.163148
0.001054	-50.165383
0.001054	-50.174256
0.001054	-50.180168
0.001054	-50.186571
0.001054	-50.193054
0.001054	-50.199580
0.001054	-50.206043
0.001054	-50.212164
0.001054	-50.217802
0.001054	-50.222696
0.001054	-50.226749
0.001054	-50.229951
0.001054	-50.232356
0.001055	-50.233845
0.001055	-50.234512
0.001055	-50.234304
0.001055	-50.233264
0.001055	-50.231393
0.001055	-50.228847
0.001056	-50.225658
0.001056	-50.221914
0.001056	-50.217697
0.001056	-50.212996
0.001056	-50.207861
0.001056	-50.202182
0.001056	-50.195812
0.001056	-50.189045
0.001056	-50.181710
0.001056	-50.173909
0.001056	-50.165901
0.001056	-50.157738
0.001056	-50.149487
0.001056	-50.141095
0.001056	-50.132314
0.001056	-50.123194
0.001055	-50.114115
0.001055	-50.105777
Mean R	Std.Dev R
0.001056	3.363856E-6
Mean T	Std.Dev T
-50.245724	0.061169
Current Position 
69.010
R(V)	Theta
0.001062	-50.170085
0.001063	-50.156888
0.001063	-50.143331
0.001063	-50.129791
0.001063	-50.116444
0.001063	-50.103319
0.001064	-50.090340
0.001064	-50.077703
0.001064	-50.065690
0.001064	-50.054352
0.001063	-50.044020
0.001063	-50.034686
0.001063	-50.026466
0.001063	-50.019630
0.001063	-50.014556
0.001062	-50.011489
0.001062	-50.010371
0.001062	-50.011144
0.001061	-50.013469
0.001061	-50.017249
0.001060	-50.022195
0.001060	-50.028037
0.001059	-50.034614
0.001059	-50.041576
0.001058	-50.048578
0.001058	-50.055225
0.001057	-50.061600
0.001057	-50.067611
0.001056	-50.073019
0.001055	-50.077719
0.001055	-50.081771
0.001054	-50.085438
0.001054	-50.088603
0.001054	-50.091179
0.001053	-50.093098
0.001053	-50.094402
0.001053	-50.094931
0.001053	-50.094970
0.001053	-50.094149
0.001053	-50.091905
0.001053	-50.088542
0.001054	-50.084150
0.001054	-50.078683
0.001055	-50.072234
0.001055	-50.065081
0.001056	-50.057464
0.001057	-50.049467
0.001058	-50.041086
0.001059	-50.032642
0.001059	-50.024293
0.001060	-50.016018
0.001061	-50.008346
0.001062	-50.001178
0.001063	-49.994806
0.001064	-49.989314
0.001066	-49.980372
0.001066	-49.980372
0.001067	-49.976763
0.001068	-49.970508
0.001069	-49.967782
0.001070	-49.965381
0.001070	-49.963496
0.001071	-49.962013
0.001072	-49.960758
0.001072	-49.959783
0.001073	-49.959336
0.001073	-49.959484
0.001074	-49.960135
0.001074	-49.961106
0.001075	-49.962315
0.001075	-49.963816
0.001075	-49.965597
0.001076	-49.967501
0.001076	-49.969308
0.001076	-49.971021
0.001076	-49.972681
0.001076	-49.974414
0.001076	-49.976174
0.001075	-49.977732
0.001075	-49.978904
0.001075	-49.979807
0.001074	-49.980599
0.001074	-49.981444
0.001073	-49.982736
0.001072	-49.984485
0.001072	-49.986733
0.001071	-49.989200
0.001071	-49.991702
0.001070	-49.994151
0.001070	-49.996668
0.001069	-49.999300
0.001069	-50.001977
0.001068	-50.004651
0.001068	-50.007264
0.001068	-50.009686
0.001068	-50.011865
0.001068	-50.014166
0.001068	-50.016445
0.001067	-50.018444
0.001067	-50.020242
Mean R	Std.Dev R
0.001065	7.230219E-6
Mean T	Std.Dev T
-50.025133	0.051377
Position	Mean R	Mean T
70.000000	0.001070	-50.041524
69.985000	0.001082	-49.990229
69.970000	0.001071	-50.248621
69.955000	0.001091	-49.951914
69.940000	0.001101	-50.016521
69.925000	0.001084	-50.084145
69.910000	0.001069	-50.066944
69.895000	0.001070	-50.152346
69.880000	0.001076	-50.025535
69.865000	0.001095	-50.067299
69.850000	0.001082	-49.976708
69.835000	0.001079	-50.343230
69.820000	0.001069	-49.937715
69.805000	0.001059	-50.261777
69.790000	0.001076	-50.212976
69.775000	0.001080	-50.304475
69.760000	0.001072	-50.064035
69.745000	0.001069	-50.019027
69.730000	0.001072	-50.010422
69.715000	0.001084	-49.848893
69.700000	0.001087	-50.160178
69.685000	0.001089	-50.185390
69.670000	0.001092	-49.809538
69.655000	0.001084	-50.075976
69.640000	0.001071	-49.992198
69.625000	0.001066	-50.080855
69.610000	0.001070	-50.280082
69.595000	0.001071	-50.315073
69.580000	0.001057	-49.983149
69.565000	0.001069	-50.083629
69.550000	0.001060	-50.149985
69.535000	0.001066	-50.188861
69.520000	0.001057	-50.403117
69.505000	0.001063	-50.351018
69.490000	0.001055	-50.246988
69.475000	0.001063	-50.153574
69.460000	0.001065	-49.982623
69.445000	0.001067	-50.109464
69.430000	0.001061	-50.509703
69.415000	0.001056	-50.507329
69.400000	0.001064	-50.348586
69.385000	0.001061	-50.186094
69.370000	0.001064	-50.195814
69.355000	0.001078	-50.449976
69.340000	0.001096	-49.921918
69.325000	0.001084	-49.883526
69.310000	0.001065	-50.133027
69.295000	0.001076	-50.030763
69.280000	0.001085	-49.993339
69.265000	0.001072	-50.066903
69.250000	0.001079	-50.055124
69.235000	0.001079	-50.132999
69.220000	0.001081	-49.928703
69.205000	0.001059	-50.498552
69.190000	0.001073	-50.220788
69.175000	0.001078	-50.070185
69.160000	0.001058	-50.126847
69.145000	0.001071	-49.945112
69.130000	0.001067	-49.895422
69.115000	0.001078	-49.842780
69.100000	0.001062	-49.951377
69.085000	0.001058	-50.175611
69.070000	0.001086	-50.049286
69.055000	0.001088	-50.098217
69.040000	0.001075	-49.953222
69.025000	0.001056	-50.245724
69.010000	0.001065	-50.025133
