0.000000	0.000000





0
R(V)	Theta
0.000000	0.000000	0.000000	0.000000	0.000000	0.000000	0.000000	0.000000	0.000000	0.000000	0.000000	0.000000	0.000000	0.000000	0.000000	0.000000	0.000000	0.000000	0.000000	0.000000	0.000000	0.000000	0.000000	0.000000	0.000000	0.000000	0.000000	0.000000	0.000000	0.000000	0.000000	0.000000	0.000000	0.000000	0.000000	0.000000	0.000000	0.000000	0.000000	0.000000	0.000000	0.000000	0.000000	0.000000	0.000000	0.000000	0.000000	0.000000	0.000000	0.000000	0.000000	0.000000	0.000000	0.000000	0.000000	0.000000	0.000000	0.000000	0.000000	0.000000	0.000000	0.000000	0.000000	0.000000	0.000000	0.000000	0.000000	0.000000	0.000000	0.000000	0.000000	0.000000	0.000000	0.000000	0.000000	0.000000	0.000000	0.000000	0.000000	0.000000	0.000000	0.000000	0.000000	0.000000	0.000000	0.000000	0.000000	0.000000	0.000000	0.000000	0.000000	0.000000	0.000000	0.000000	0.000000	0.000000	0.000000	0.000000	0.000000	0.000000
0.000000	0.000000	0.000000	0.000000	0.000000	0.000000	0.000000	0.000000	0.000000	0.000000	0.000000	0.000000	0.000000	0.000000	0.000000	0.000000	0.000000	0.000000	0.000000	0.000000	0.000000	0.000000	0.000000	0.000000	0.000000	0.000000	0.000000	0.000000	0.000000	0.000000	0.000000	0.000000	0.000000	0.000000	0.000000	0.000000	0.000000	0.000000	0.000000	0.000000	0.000000	0.000000	0.000000	0.000000	0.000000	0.000000	0.000000	0.000000	0.000000	0.000000	0.000000	0.000000	0.000000	0.000000	0.000000	0.000000	0.000000	0.000000	0.000000	0.000000	0.000000	0.000000	0.000000	0.000000	0.000000	0.000000	0.000000	0.000000	0.000000	0.000000	0.000000	0.000000	0.000000	0.000000	0.000000	0.000000	0.000000	0.000000	0.000000	0.000000	0.000000	0.000000	0.000000	0.000000	0.000000	0.000000	0.000000	0.000000	0.000000	0.000000	0.000000	0.000000	0.000000	0.000000	0.000000	0.000000	0.000000	0.000000	0.000000	0.000000
Mean R	Std.Dev R
0.000000	0.000000
Mean T	Std.Dev T
0.000000	0.000000
0
R(V)	Theta
0.000000	0.000000	0.000000	0.000000	0.000000	0.000000	0.000000	0.000000	0.000000	0.000000	0.000000	0.000000	0.000000	0.000000	0.000000	0.000000	0.000000	0.000000	0.000000	0.000000	0.000000	0.000000	0.000000	0.000000	0.000000	0.000000	0.000000	0.000000	0.000000	0.000000	0.000000	0.000000	0.000000	0.000000	0.000000	0.000000	0.000000	0.000000	0.000000	0.000000	0.000000	0.000000	0.000000	0.000000	0.000000	0.000000	0.000000	0.000000	0.000000	0.000000	0.000000	0.000000	0.000000	0.000000	0.000000	0.000000	0.000000	0.000000	0.000000	0.000000	0.000000	0.000000	0.000000	0.000000	0.000000	0.000000	0.000000	0.000000	0.000000	0.000000	0.000000	0.000000	0.000000	0.000000	0.000000	0.000000	0.000000	0.000000	0.000000	0.000000	0.000000	0.000000	0.000000	0.000000	0.000000	0.000000	0.000000	0.000000	0.000000	0.000000	0.000000	0.000000	0.000000	0.000000	0.000000	0.000000	0.000000	0.000000	0.000000	0.000000
0.000000	0.000000	0.000000	0.000000	0.000000	0.000000	0.000000	0.000000	0.000000	0.000000	0.000000	0.000000	0.000000	0.000000	0.000000	0.000000	0.000000	0.000000	0.000000	0.000000	0.000000	0.000000	0.000000	0.000000	0.000000	0.000000	0.000000	0.000000	0.000000	0.000000	0.000000	0.000000	0.000000	0.000000	0.000000	0.000000	0.000000	0.000000	0.000000	0.000000	0.000000	0.000000	0.000000	0.000000	0.000000	0.000000	0.000000	0.000000	0.000000	0.000000	0.000000	0.000000	0.000000	0.000000	0.000000	0.000000	0.000000	0.000000	0.000000	0.000000	0.000000	0.000000	0.000000	0.000000	0.000000	0.000000	0.000000	0.000000	0.000000	0.000000	0.000000	0.000000	0.000000	0.000000	0.000000	0.000000	0.000000	0.000000	0.000000	0.000000	0.000000	0.000000	0.000000	0.000000	0.000000	0.000000	0.000000	0.000000	0.000000	0.000000	0.000000	0.000000	0.000000	0.000000	0.000000	0.000000	0.000000	0.000000	0.000000	0.000000
Mean R	Std.Dev R
0.000000	0.000000
Mean T	Std.Dev T
0.000000	0.000000
0
R(V)	Theta
0.000000	0.000000	0.000000	0.000000	0.000000	0.000000	0.000000	0.000000	0.000000	0.000000	0.000000	0.000000	0.000000	0.000000	0.000000	0.000000	0.000000	0.000000	0.000000	0.000000	0.000000	0.000000	0.000000	0.000000	0.000000	0.000000	0.000000	0.000000	0.000000	0.000000	0.000000	0.000000	0.000000	0.000000	0.000000	0.000000	0.000000	0.000000	0.000000	0.000000	0.000000	0.000000	0.000000	0.000000	0.000000	0.000000	0.000000	0.000000	0.000000	0.000000	0.000000	0.000000	0.000000	0.000000	0.000000	0.000000	0.000000	0.000000	0.000000	0.000000	0.000000	0.000000	0.000000	0.000000	0.000000	0.000000	0.000000	0.000000	0.000000	0.000000	0.000000	0.000000	0.000000	0.000000	0.000000	0.000000	0.000000	0.000000	0.000000	0.000000	0.000000	0.000000	0.000000	0.000000	0.000000	0.000000	0.000000	0.000000	0.000000	0.000000	0.000000	0.000000	0.000000	0.000000	0.000000	0.000000	0.000000	0.000000	0.000000	0.000000
0.000000	0.000000	0.000000	0.000000	0.000000	0.000000	0.000000	0.000000	0.000000	0.000000	0.000000	0.000000	0.000000	0.000000	0.000000	0.000000	0.000000	0.000000	0.000000	0.000000	0.000000	0.000000	0.000000	0.000000	0.000000	0.000000	0.000000	0.000000	0.000000	0.000000	0.000000	0.000000	0.000000	0.000000	0.000000	0.000000	0.000000	0.000000	0.000000	0.000000	0.000000	0.000000	0.000000	0.000000	0.000000	0.000000	0.000000	0.000000	0.000000	0.000000	0.000000	0.000000	0.000000	0.000000	0.000000	0.000000	0.000000	0.000000	0.000000	0.000000	0.000000	0.000000	0.000000	0.000000	0.000000	0.000000	0.000000	0.000000	0.000000	0.000000	0.000000	0.000000	0.000000	0.000000	0.000000	0.000000	0.000000	0.000000	0.000000	0.000000	0.000000	0.000000	0.000000	0.000000	0.000000	0.000000	0.000000	0.000000	0.000000	0.000000	0.000000	0.000000	0.000000	0.000000	0.000000	0.000000	0.000000	0.000000	0.000000	0.000000
Mean R	Std.Dev R
0.000000	0.000000
Mean T	Std.Dev T
0.000000	0.000000
0
R(V)	Theta
0.000000	0.000000	0.000000	0.000000	0.000000	0.000000	0.000000	0.000000	0.000000	0.000000	0.000000	0.000000	0.000000	0.000000	0.000000	0.000000	0.000000	0.000000	0.000000	0.000000	0.000000	0.000000	0.000000	0.000000	0.000000	0.000000	0.000000	0.000000	0.000000	0.000000	0.000000	0.000000	0.000000	0.000000	0.000000	0.000000	0.000000	0.000000	0.000000	0.000000	0.000000	0.000000	0.000000	0.000000	0.000000	0.000000	0.000000	0.000000	0.000000	0.000000	0.000000	0.000000	0.000000	0.000000	0.000000	0.000000	0.000000	0.000000	0.000000	0.000000	0.000000	0.000000	0.000000	0.000000	0.000000	0.000000	0.000000	0.000000	0.000000	0.000000	0.000000	0.000000	0.000000	0.000000	0.000000	0.000000	0.000000	0.000000	0.000000	0.000000	0.000000	0.000000	0.000000	0.000000	0.000000	0.000000	0.000000	0.000000	0.000000	0.000000	0.000000	0.000000	0.000000	0.000000	0.000000	0.000000	0.000000	0.000000	0.000000	0.000000
0.000000	0.000000	0.000000	0.000000	0.000000	0.000000	0.000000	0.000000	0.000000	0.000000	0.000000	0.000000	0.000000	0.000000	0.000000	0.000000	0.000000	0.000000	0.000000	0.000000	0.000000	0.000000	0.000000	0.000000	0.000000	0.000000	0.000000	0.000000	0.000000	0.000000	0.000000	0.000000	0.000000	0.000000	0.000000	0.000000	0.000000	0.000000	0.000000	0.000000	0.000000	0.000000	0.000000	0.000000	0.000000	0.000000	0.000000	0.000000	0.000000	0.000000	0.000000	0.000000	0.000000	0.000000	0.000000	0.000000	0.000000	0.000000	0.000000	0.000000	0.000000	0.000000	0.000000	0.000000	0.000000	0.000000	0.000000	0.000000	0.000000	0.000000	0.000000	0.000000	0.000000	0.000000	0.000000	0.000000	0.000000	0.000000	0.000000	0.000000	0.000000	0.000000	0.000000	0.000000	0.000000	0.000000	0.000000	0.000000	0.000000	0.000000	0.000000	0.000000	0.000000	0.000000	0.000000	0.000000	0.000000	0.000000	0.000000	0.000000
Mean R	Std.Dev R
0.000000	0.000000
Mean T	Std.Dev T
0.000000	0.000000
0
R(V)	Theta
0.000000	0.000000	0.000000	0.000000	0.000000	0.000000	0.000000	0.000000	0.000000	0.000000	0.000000	0.000000	0.000000	0.000000	0.000000	0.000000	0.000000	0.000000	0.000000	0.000000	0.000000	0.000000	0.000000	0.000000	0.000000	0.000000	0.000000	0.000000	0.000000	0.000000	0.000000	0.000000	0.000000	0.000000	0.000000	0.000000	0.000000	0.000000	0.000000	0.000000	0.000000	0.000000	0.000000	0.000000	0.000000	0.000000	0.000000	0.000000	0.000000	0.000000	0.000000	0.000000	0.000000	0.000000	0.000000	0.000000	0.000000	0.000000	0.000000	0.000000	0.000000	0.000000	0.000000	0.000000	0.000000	0.000000	0.000000	0.000000	0.000000	0.000000	0.000000	0.000000	0.000000	0.000000	0.000000	0.000000	0.000000	0.000000	0.000000	0.000000	0.000000	0.000000	0.000000	0.000000	0.000000	0.000000	0.000000	0.000000	0.000000	0.000000	0.000000	0.000000	0.000000	0.000000	0.000000	0.000000	0.000000	0.000000	0.000000	0.000000
0.000000	0.000000	0.000000	0.000000	0.000000	0.000000	0.000000	0.000000	0.000000	0.000000	0.000000	0.000000	0.000000	0.000000	0.000000	0.000000	0.000000	0.000000	0.000000	0.000000	0.000000	0.000000	0.000000	0.000000	0.000000	0.000000	0.000000	0.000000	0.000000	0.000000	0.000000	0.000000	0.000000	0.000000	0.000000	0.000000	0.000000	0.000000	0.000000	0.000000	0.000000	0.000000	0.000000	0.000000	0.000000	0.000000	0.000000	0.000000	0.000000	0.000000	0.000000	0.000000	0.000000	0.000000	0.000000	0.000000	0.000000	0.000000	0.000000	0.000000	0.000000	0.000000	0.000000	0.000000	0.000000	0.000000	0.000000	0.000000	0.000000	0.000000	0.000000	0.000000	0.000000	0.000000	0.000000	0.000000	0.000000	0.000000	0.000000	0.000000	0.000000	0.000000	0.000000	0.000000	0.000000	0.000000	0.000000	0.000000	0.000000	0.000000	0.000000	0.000000	0.000000	0.000000	0.000000	0.000000	0.000000	0.000000	0.000000	0.000000
Mean R	Std.Dev R
0.000000	0.000000
Mean T	Std.Dev T
0.000000	0.000000
0
R(V)	Theta
0.000000	0.000000	0.000000	0.000000	0.000000	0.000000	0.000000	0.000000	0.000000	0.000000	0.000000	0.000000	0.000000	0.000000	0.000000	0.000000	0.000000	0.000000	0.000000	0.000000	0.000000	0.000000	0.000000	0.000000	0.000000	0.000000	0.000000	0.000000	0.000000	0.000000	0.000000	0.000000	0.000000	0.000000	0.000000	0.000000	0.000000	0.000000	0.000000	0.000000	0.000000	0.000000	0.000000	0.000000	0.000000	0.000000	0.000000	0.000000	0.000000	0.000000	0.000000	0.000000	0.000000	0.000000	0.000000	0.000000	0.000000	0.000000	0.000000	0.000000	0.000000	0.000000	0.000000	0.000000	0.000000	0.000000	0.000000	0.000000	0.000000	0.000000	0.000000	0.000000	0.000000	0.000000	0.000000	0.000000	0.000000	0.000000	0.000000	0.000000	0.000000	0.000000	0.000000	0.000000	0.000000	0.000000	0.000000	0.000000	0.000000	0.000000	0.000000	0.000000	0.000000	0.000000	0.000000	0.000000	0.000000	0.000000	0.000000	0.000000
0.000000	0.000000	0.000000	0.000000	0.000000	0.000000	0.000000	0.000000	0.000000	0.000000	0.000000	0.000000	0.000000	0.000000	0.000000	0.000000	0.000000	0.000000	0.000000	0.000000	0.000000	0.000000	0.000000	0.000000	0.000000	0.000000	0.000000	0.000000	0.000000	0.000000	0.000000	0.000000	0.000000	0.000000	0.000000	0.000000	0.000000	0.000000	0.000000	0.000000	0.000000	0.000000	0.000000	0.000000	0.000000	0.000000	0.000000	0.000000	0.000000	0.000000	0.000000	0.000000	0.000000	0.000000	0.000000	0.000000	0.000000	0.000000	0.000000	0.000000	0.000000	0.000000	0.000000	0.000000	0.000000	0.000000	0.000000	0.000000	0.000000	0.000000	0.000000	0.000000	0.000000	0.000000	0.000000	0.000000	0.000000	0.000000	0.000000	0.000000	0.000000	0.000000	0.000000	0.000000	0.000000	0.000000	0.000000	0.000000	0.000000	0.000000	0.000000	0.000000	0.000000	0.000000	0.000000	0.000000	0.000000	0.000000	0.000000	0.000000
Mean R	Std.Dev R
0.000000	0.000000
Mean T	Std.Dev T
0.000000	0.000000
0
R(V)	Theta
0.000000	0.000000	0.000000	0.000000	0.000000	0.000000	0.000000	0.000000	0.000000	0.000000	0.000000	0.000000	0.000000	0.000000	0.000000	0.000000	0.000000	0.000000	0.000000	0.000000	0.000000	0.000000	0.000000	0.000000	0.000000	0.000000	0.000000	0.000000	0.000000	0.000000	0.000000	0.000000	0.000000	0.000000	0.000000	0.000000	0.000000	0.000000	0.000000	0.000000	0.000000	0.000000	0.000000	0.000000	0.000000	0.000000	0.000000	0.000000	0.000000	0.000000	0.000000	0.000000	0.000000	0.000000	0.000000	0.000000	0.000000	0.000000	0.000000	0.000000	0.000000	0.000000	0.000000	0.000000	0.000000	0.000000	0.000000	0.000000	0.000000	0.000000	0.000000	0.000000	0.000000	0.000000	0.000000	0.000000	0.000000	0.000000	0.000000	0.000000	0.000000	0.000000	0.000000	0.000000	0.000000	0.000000	0.000000	0.000000	0.000000	0.000000	0.000000	0.000000	0.000000	0.000000	0.000000	0.000000	0.000000	0.000000	0.000000	0.000000
0.000000	0.000000	0.000000	0.000000	0.000000	0.000000	0.000000	0.000000	0.000000	0.000000	0.000000	0.000000	0.000000	0.000000	0.000000	0.000000	0.000000	0.000000	0.000000	0.000000	0.000000	0.000000	0.000000	0.000000	0.000000	0.000000	0.000000	0.000000	0.000000	0.000000	0.000000	0.000000	0.000000	0.000000	0.000000	0.000000	0.000000	0.000000	0.000000	0.000000	0.000000	0.000000	0.000000	0.000000	0.000000	0.000000	0.000000	0.000000	0.000000	0.000000	0.000000	0.000000	0.000000	0.000000	0.000000	0.000000	0.000000	0.000000	0.000000	0.000000	0.000000	0.000000	0.000000	0.000000	0.000000	0.000000	0.000000	0.000000	0.000000	0.000000	0.000000	0.000000	0.000000	0.000000	0.000000	0.000000	0.000000	0.000000	0.000000	0.000000	0.000000	0.000000	0.000000	0.000000	0.000000	0.000000	0.000000	0.000000	0.000000	0.000000	0.000000	0.000000	0.000000	0.000000	0.000000	0.000000	0.000000	0.000000	0.000000	0.000000
Mean R	Std.Dev R
0.000000	0.000000
Mean T	Std.Dev T
0.000000	0.000000
0
R(V)	Theta
0.000000	0.000000	0.000000	0.000000	0.000000	0.000000	0.000000	0.000000	0.000000	0.000000	0.000000	0.000000	0.000000	0.000000	0.000000	0.000000	0.000000	0.000000	0.000000	0.000000	0.000000	0.000000	0.000000	0.000000	0.000000	0.000000	0.000000	0.000000	0.000000	0.000000	0.000000	0.000000	0.000000	0.000000	0.000000	0.000000	0.000000	0.000000	0.000000	0.000000	0.000000	0.000000	0.000000	0.000000	0.000000	0.000000	0.000000	0.000000	0.000000	0.000000	0.000000	0.000000	0.000000	0.000000	0.000000	0.000000	0.000000	0.000000	0.000000	0.000000	0.000000	0.000000	0.000000	0.000000	0.000000	0.000000	0.000000	0.000000	0.000000	0.000000	0.000000	0.000000	0.000000	0.000000	0.000000	0.000000	0.000000	0.000000	0.000000	0.000000	0.000000	0.000000	0.000000	0.000000	0.000000	0.000000	0.000000	0.000000	0.000000	0.000000	0.000000	0.000000	0.000000	0.000000	0.000000	0.000000	0.000000	0.000000	0.000000	0.000000
0.000000	0.000000	0.000000	0.000000	0.000000	0.000000	0.000000	0.000000	0.000000	0.000000	0.000000	0.000000	0.000000	0.000000	0.000000	0.000000	0.000000	0.000000	0.000000	0.000000	0.000000	0.000000	0.000000	0.000000	0.000000	0.000000	0.000000	0.000000	0.000000	0.000000	0.000000	0.000000	0.000000	0.000000	0.000000	0.000000	0.000000	0.000000	0.000000	0.000000	0.000000	0.000000	0.000000	0.000000	0.000000	0.000000	0.000000	0.000000	0.000000	0.000000	0.000000	0.000000	0.000000	0.000000	0.000000	0.000000	0.000000	0.000000	0.000000	0.000000	0.000000	0.000000	0.000000	0.000000	0.000000	0.000000	0.000000	0.000000	0.000000	0.000000	0.000000	0.000000	0.000000	0.000000	0.000000	0.000000	0.000000	0.000000	0.000000	0.000000	0.000000	0.000000	0.000000	0.000000	0.000000	0.000000	0.000000	0.000000	0.000000	0.000000	0.000000	0.000000	0.000000	0.000000	0.000000	0.000000	0.000000	0.000000	0.000000	0.000000
Mean R	Std.Dev R
0.000000	0.000000
Mean T	Std.Dev T
0.000000	0.000000
50490
R(V)	Theta
0.000000	0.000000	0.000000	0.000000	0.000000	0.000000	0.000000	0.000000	0.000000	0.000000	0.000000	0.000000	0.000000	0.000000	0.000000	0.000000	0.000000	0.000000	0.000000	0.000000	0.000000	0.000000	0.000000	0.000000	0.000000	0.000000	0.000000	0.000000	0.000000	0.000000	0.000000	0.000000	0.000000	0.000000	0.000000	0.000000	0.000000	0.000000	0.000000	0.000000	0.000000	0.000000	0.000000	0.000000	0.000000	0.000000	0.000000	0.000000	0.000000	0.000000	0.000000	0.000000	0.000000	0.000000	0.000000	0.000000	0.000000	0.000000	0.000000	0.000000	0.000000	0.000000	0.000000	0.000000	0.000000	0.000000	0.000000	0.000000	0.000000	0.000000	0.000000	0.000000	0.000000	0.000000	0.000000	0.000000	0.000000	0.000000	0.000000	0.000000	0.000000	0.000000	0.000000	0.000000	0.000000	0.000000	0.000000	0.000000	0.000000	0.000000	0.000000	0.000000	0.000000	0.000000	0.000000	0.000000	0.000000	0.000000	0.000000	0.000000
0.000000	0.000000	0.000000	0.000000	0.000000	0.000000	0.000000	0.000000	0.000000	0.000000	0.000000	0.000000	0.000000	0.000000	0.000000	0.000000	0.000000	0.000000	0.000000	0.000000	0.000000	0.000000	0.000000	0.000000	0.000000	0.000000	0.000000	0.000000	0.000000	0.000000	0.000000	0.000000	0.000000	0.000000	0.000000	0.000000	0.000000	0.000000	0.000000	0.000000	0.000000	0.000000	0.000000	0.000000	0.000000	0.000000	0.000000	0.000000	0.000000	0.000000	0.000000	0.000000	0.000000	0.000000	0.000000	0.000000	0.000000	0.000000	0.000000	0.000000	0.000000	0.000000	0.000000	0.000000	0.000000	0.000000	0.000000	0.000000	0.000000	0.000000	0.000000	0.000000	0.000000	0.000000	0.000000	0.000000	0.000000	0.000000	0.000000	0.000000	0.000000	0.000000	0.000000	0.000000	0.000000	0.000000	0.000000	0.000000	0.000000	0.000000	0.000000	0.000000	0.000000	0.000000	0.000000	0.000000	0.000000	0.000000	0.000000	0.000000
Mean R	Std.Dev R
0.000000	0.000000
Mean T	Std.Dev T
0.000000	0.000000

0
R(V)	Theta
0.000000	0.000000	0.000000	0.000000	0.000000	0.000000	0.000000	0.000000	0.000000	0.000000	0.000000	0.000000	0.000000	0.000000	0.000000	0.000000	0.000000	0.000000	0.000000	0.000000	0.000000	0.000000	0.000000	0.000000	0.000000	0.000000	0.000000	0.000000	0.000000	0.000000	0.000000	0.000000	0.000000	0.000000	0.000000	0.000000	0.000000	0.000000	0.000000	0.000000	0.000000	0.000000	0.000000	0.000000	0.000000	0.000000	0.000000	0.000000	0.000000	0.000000	0.000000	0.000000	0.000000	0.000000	0.000000	0.000000	0.000000	0.000000	0.000000	0.000000	0.000000	0.000000	0.000000	0.000000	0.000000	0.000000	0.000000	0.000000	0.000000	0.000000	0.000000	0.000000	0.000000	0.000000	0.000000	0.000000	0.000000	0.000000	0.000000	0.000000	0.000000	0.000000	0.000000	0.000000	0.000000	0.000000	0.000000	0.000000	0.000000	0.000000	0.000000	0.000000	0.000000	0.000000	0.000000	0.000000	0.000000	0.000000	0.000000	0.000000
0.000000	0.000000	0.000000	0.000000	0.000000	0.000000	0.000000	0.000000	0.000000	0.000000	0.000000	0.000000	0.000000	0.000000	0.000000	0.000000	0.000000	0.000000	0.000000	0.000000	0.000000	0.000000	0.000000	0.000000	0.000000	0.000000	0.000000	0.000000	0.000000	0.000000	0.000000	0.000000	0.000000	0.000000	0.000000	0.000000	0.000000	0.000000	0.000000	0.000000	0.000000	0.000000	0.000000	0.000000	0.000000	0.000000	0.000000	0.000000	0.000000	0.000000	0.000000	0.000000	0.000000	0.000000	0.000000	0.000000	0.000000	0.000000	0.000000	0.000000	0.000000	0.000000	0.000000	0.000000	0.000000	0.000000	0.000000	0.000000	0.000000	0.000000	0.000000	0.000000	0.000000	0.000000	0.000000	0.000000	0.000000	0.000000	0.000000	0.000000	0.000000	0.000000	0.000000	0.000000	0.000000	0.000000	0.000000	0.000000	0.000000	0.000000	0.000000	0.000000	0.000000	0.000000	0.000000	0.000000	0.000000	0.000000	0.000000	0.000000
Mean R	Std.Dev R
0.000000	0.000000
Mean T	Std.Dev T
0.000000	0.000000
3
R(V)	Theta
0.000000	0.000000	0.000000	0.000000	0.000000	0.000000	0.000000	0.000000	0.000000	0.000000	0.000000	0.000000	0.000000	0.000000	0.000000	0.000000	0.000000	0.000000	0.000000	0.000000	0.000000	0.000000	0.000000	0.000000	0.000000	0.000000	0.000000	0.000000	0.000000	0.000000	0.000000	0.000000	0.000000	0.000000	0.000000	0.000000	0.000000	0.000000	0.000000	0.000000	0.000000	0.000000	0.000000	0.000000	0.000000	0.000000	0.000000	0.000000	0.000000	0.000000	0.000000	0.000000	0.000000	0.000000	0.000000	0.000000	0.000000	0.000000	0.000000	0.000000	0.000000	0.000000	0.000000	0.000000	0.000000	0.000000	0.000000	0.000000	0.000000	0.000000	0.000000	0.000000	0.000000	0.000000	0.000000	0.000000	0.000000	0.000000	0.000000	0.000000	0.000000	0.000000	0.000000	0.000000	0.000000	0.000000	0.000000	0.000000	0.000000	0.000000	0.000000	0.000000	0.000000	0.000000	0.000000	0.000000	0.000000	0.000000	0.000000	0.000000
0.000000	0.000000	0.000000	0.000000	0.000000	0.000000	0.000000	0.000000	0.000000	0.000000	0.000000	0.000000	0.000000	0.000000	0.000000	0.000000	0.000000	0.000000	0.000000	0.000000	0.000000	0.000000	0.000000	0.000000	0.000000	0.000000	0.000000	0.000000	0.000000	0.000000	0.000000	0.000000	0.000000	0.000000	0.000000	0.000000	0.000000	0.000000	0.000000	0.000000	0.000000	0.000000	0.000000	0.000000	0.000000	0.000000	0.000000	0.000000	0.000000	0.000000	0.000000	0.000000	0.000000	0.000000	0.000000	0.000000	0.000000	0.000000	0.000000	0.000000	0.000000	0.000000	0.000000	0.000000	0.000000	0.000000	0.000000	0.000000	0.000000	0.000000	0.000000	0.000000	0.000000	0.000000	0.000000	0.000000	0.000000	0.000000	0.000000	0.000000	0.000000	0.000000	0.000000	0.000000	0.000000	0.000000	0.000000	0.000000	0.000000	0.000000	0.000000	0.000000	0.000000	0.000000	0.000000	0.000000	0.000000	0.000000	0.000000	0.000000
Mean R	Std.Dev R
0.000000	0.000000
Mean T	Std.Dev T
0.000000	0.000000


0
R(V)	Theta
0.000000	0.000000	0.000000	0.000000	0.000000	0.000000	0.000000	0.000000	0.000000	0.000000	0.000000	0.000000	0.000000	0.000000	0.000000	0.000000	0.000000	0.000000	0.000000	0.000000	0.000000	0.000000	0.000000	0.000000	0.000000	0.000000	0.000000	0.000000	0.000000	0.000000	0.000000	0.000000	0.000000	0.000000	0.000000	0.000000	0.000000	0.000000	0.000000	0.000000	0.000000	0.000000	0.000000	0.000000	0.000000	0.000000	0.000000	0.000000	0.000000	0.000000	0.000000	0.000000	0.000000	0.000000	0.000000	0.000000	0.000000	0.000000	0.000000	0.000000	0.000000	0.000000	0.000000	0.000000	0.000000	0.000000	0.000000	0.000000	0.000000	0.000000	0.000000	0.000000	0.000000	0.000000	0.000000	0.000000	0.000000	0.000000	0.000000	0.000000	0.000000	0.000000	0.000000	0.000000	0.000000	0.000000	0.000000	0.000000	0.000000	0.000000	0.000000	0.000000	0.000000	0.000000	0.000000	0.000000	0.000000	0.000000	0.000000	0.000000
0.000000	0.000000	0.000000	0.000000	0.000000	0.000000	0.000000	0.000000	0.000000	0.000000	0.000000	0.000000	0.000000	0.000000	0.000000	0.000000	0.000000	0.000000	0.000000	0.000000	0.000000	0.000000	0.000000	0.000000	0.000000	0.000000	0.000000	0.000000	0.000000	0.000000	0.000000	0.000000	0.000000	0.000000	0.000000	0.000000	0.000000	0.000000	0.000000	0.000000	0.000000	0.000000	0.000000	0.000000	0.000000	0.000000	0.000000	0.000000	0.000000	0.000000	0.000000	0.000000	0.000000	0.000000	0.000000	0.000000	0.000000	0.000000	0.000000	0.000000	0.000000	0.000000	0.000000	0.000000	0.000000	0.000000	0.000000	0.000000	0.000000	0.000000	0.000000	0.000000	0.000000	0.000000	0.000000	0.000000	0.000000	0.000000	0.000000	0.000000	0.000000	0.000000	0.000000	0.000000	0.000000	0.000000	0.000000	0.000000	0.000000	0.000000	0.000000	0.000000	0.000000	0.000000	0.000000	0.000000	0.000000	0.000000	0.000000	0.000000
Mean R	Std.Dev R
0.000000	0.000000
Mean T	Std.Dev T
0.000000	0.000000
0
R(V)	Theta
0.000000	0.000000	0.000000	0.000000	0.000000	0.000000	0.000000	0.000000	0.000000	0.000000	0.000000	0.000000	0.000000	0.000000	0.000000	0.000000	0.000000	0.000000	0.000000	0.000000	0.000000	0.000000	0.000000	0.000000	0.000000	0.000000	0.000000	0.000000	0.000000	0.000000	0.000000	0.000000	0.000000	0.000000	0.000000	0.000000	0.000000	0.000000	0.000000	0.000000	0.000000	0.000000	0.000000	0.000000	0.000000	0.000000	0.000000	0.000000	0.000000	0.000000	0.000000	0.000000	0.000000	0.000000	0.000000	0.000000	0.000000	0.000000	0.000000	0.000000	0.000000	0.000000	0.000000	0.000000	0.000000	0.000000	0.000000	0.000000	0.000000	0.000000	0.000000	0.000000	0.000000	0.000000	0.000000	0.000000	0.000000	0.000000	0.000000	0.000000	0.000000	0.000000	0.000000	0.000000	0.000000	0.000000	0.000000	0.000000	0.000000	0.000000	0.000000	0.000000	0.000000	0.000000	0.000000	0.000000	0.000000	0.000000	0.000000	0.000000
0.000000	0.000000	0.000000	0.000000	0.000000	0.000000	0.000000	0.000000	0.000000	0.000000	0.000000	0.000000	0.000000	0.000000	0.000000	0.000000	0.000000	0.000000	0.000000	0.000000	0.000000	0.000000	0.000000	0.000000	0.000000	0.000000	0.000000	0.000000	0.000000	0.000000	0.000000	0.000000	0.000000	0.000000	0.000000	0.000000	0.000000	0.000000	0.000000	0.000000	0.000000	0.000000	0.000000	0.000000	0.000000	0.000000	0.000000	0.000000	0.000000	0.000000	0.000000	0.000000	0.000000	0.000000	0.000000	0.000000	0.000000	0.000000	0.000000	0.000000	0.000000	0.000000	0.000000	0.000000	0.000000	0.000000	0.000000	0.000000	0.000000	0.000000	0.000000	0.000000	0.000000	0.000000	0.000000	0.000000	0.000000	0.000000	0.000000	0.000000	0.000000	0.000000	0.000000	0.000000	0.000000	0.000000	0.000000	0.000000	0.000000	0.000000	0.000000	0.000000	0.000000	0.000000	0.000000	0.000000	0.000000	0.000000	0.000000	0.000000
Mean R	Std.Dev R
0.000000	0.000000
Mean T	Std.Dev T
0.000000	0.000000
153600
R(V)	Theta
0.000000	0.000000	0.000000	0.000000	0.000000	0.000000	0.000000	0.000000	0.000000	0.000000	0.000000	0.000000	0.000000	0.000000	0.000000	0.000000	0.000000	0.000000	0.000000	0.000000	0.000000	0.000000	0.000000	0.000000	0.000000	0.000000	0.000000	0.000000	0.000000	0.000000	0.000000	0.000000	0.000000	0.000000	0.000000	0.000000	0.000000	0.000000	0.000000	0.000000	0.000000	0.000000	0.000000	0.000000	0.000000	0.000000	0.000000	0.000000	0.000000	0.000000	0.000000	0.000000	0.000000	0.000000	0.000000	0.000000	0.000000	0.000000	0.000000	0.000000	0.000000	0.000000	0.000000	0.000000	0.000000	0.000000	0.000000	0.000000	0.000000	0.000000	0.000000	0.000000	0.000000	0.000000	0.000000	0.000000	0.000000	0.000000	0.000000	0.000000	0.000000	0.000000	0.000000	0.000000	0.000000	0.000000	0.000000	0.000000	0.000000	0.000000	0.000000	0.000000	0.000000	0.000000	0.000000	0.000000	0.000000	0.000000	0.000000	0.000000
0.000000	0.000000	0.000000	0.000000	0.000000	0.000000	0.000000	0.000000	0.000000	0.000000	0.000000	0.000000	0.000000	0.000000	0.000000	0.000000	0.000000	0.000000	0.000000	0.000000	0.000000	0.000000	0.000000	0.000000	0.000000	0.000000	0.000000	0.000000	0.000000	0.000000	0.000000	0.000000	0.000000	0.000000	0.000000	0.000000	0.000000	0.000000	0.000000	0.000000	0.000000	0.000000	0.000000	0.000000	0.000000	0.000000	0.000000	0.000000	0.000000	0.000000	0.000000	0.000000	0.000000	0.000000	0.000000	0.000000	0.000000	0.000000	0.000000	0.000000	0.000000	0.000000	0.000000	0.000000	0.000000	0.000000	0.000000	0.000000	0.000000	0.000000	0.000000	0.000000	0.000000	0.000000	0.000000	0.000000	0.000000	0.000000	0.000000	0.000000	0.000000	0.000000	0.000000	0.000000	0.000000	0.000000	0.000000	0.000000	0.000000	0.000000	0.000000	0.000000	0.000000	0.000000	0.000000	0.000000	0.000000	0.000000	0.000000	0.000000
Mean R	Std.Dev R
0.000000	0.000000
Mean T	Std.Dev T
0.000000	0.000000
153600
R(V)	Theta
0.000000	0.000000	0.000000	0.000000	0.000000	0.000000	0.000000	0.000000	0.000000	0.000000	0.000000	0.000000	0.000000	0.000000	0.000000	0.000000	0.000000	0.000000	0.000000	0.000000	0.000000	0.000000	0.000000	0.000000	0.000000	0.000000	0.000000	0.000000	0.000000	0.000000	0.000000	0.000000	0.000000	0.000000	0.000000	0.000000	0.000000	0.000000	0.000000	0.000000	0.000000	0.000000	0.000000	0.000000	0.000000	0.000000	0.000000	0.000000	0.000000	0.000000	0.000000	0.000000	0.000000	0.000000	0.000000	0.000000	0.000000	0.000000	0.000000	0.000000	0.000000	0.000000	0.000000	0.000000	0.000000	0.000000	0.000000	0.000000	0.000000	0.000000	0.000000	0.000000	0.000000	0.000000	0.000000	0.000000	0.000000	0.000000	0.000000	0.000000	0.000000	0.000000	0.000000	0.000000	0.000000	0.000000	0.000000	0.000000	0.000000	0.000000	0.000000	0.000000	0.000000	0.000000	0.000000	0.000000	0.000000	0.000000	0.000000	0.000000
0.000000	0.000000	0.000000	0.000000	0.000000	0.000000	0.000000	0.000000	0.000000	0.000000	0.000000	0.000000	0.000000	0.000000	0.000000	0.000000	0.000000	0.000000	0.000000	0.000000	0.000000	0.000000	0.000000	0.000000	0.000000	0.000000	0.000000	0.000000	0.000000	0.000000	0.000000	0.000000	0.000000	0.000000	0.000000	0.000000	0.000000	0.000000	0.000000	0.000000	0.000000	0.000000	0.000000	0.000000	0.000000	0.000000	0.000000	0.000000	0.000000	0.000000	0.000000	0.000000	0.000000	0.000000	0.000000	0.000000	0.000000	0.000000	0.000000	0.000000	0.000000	0.000000	0.000000	0.000000	0.000000	0.000000	0.000000	0.000000	0.000000	0.000000	0.000000	0.000000	0.000000	0.000000	0.000000	0.000000	0.000000	0.000000	0.000000	0.000000	0.000000	0.000000	0.000000	0.000000	0.000000	0.000000	0.000000	0.000000	0.000000	0.000000	0.000000	0.000000	0.000000	0.000000	0.000000	0.000000	0.000000	0.000000	0.000000	0.000000
Mean R	Std.Dev R
0.000000	0.000000
Mean T	Std.Dev T
0.000000	0.000000



MoTe2 scan
0
R(V)	Theta
0.000000	0.000000	0.000000	0.000000	0.000000	0.000000	0.000000	0.000000	0.000000	0.000000	0.000000	0.000000	0.000000	0.000000	0.000000	0.000000	0.000000	0.000000	0.000000	0.000000	0.000000	0.000000	0.000000	0.000000	0.000000	0.000000	0.000000	0.000000	0.000000	0.000000	0.000000	0.000000	0.000000	0.000000	0.000000	0.000000	0.000000	0.000000	0.000000	0.000000	0.000000	0.000000	0.000000	0.000000	0.000000	0.000000	0.000000	0.000000	0.000000	0.000000	0.000000	0.000000	0.000000	0.000000	0.000000	0.000000	0.000000	0.000000	0.000000	0.000000	0.000000	0.000000	0.000000	0.000000	0.000000	0.000000	0.000000	0.000000	0.000000	0.000000	0.000000	0.000000	0.000000	0.000000	0.000000	0.000000	0.000000	0.000000	0.000000	0.000000	0.000000	0.000000	0.000000	0.000000	0.000000	0.000000	0.000000	0.000000	0.000000	0.000000	0.000000	0.000000	0.000000	0.000000	0.000000	0.000000	0.000000	0.000000	0.000000	0.000000
0.000000	0.000000	0.000000	0.000000	0.000000	0.000000	0.000000	0.000000	0.000000	0.000000	0.000000	0.000000	0.000000	0.000000	0.000000	0.000000	0.000000	0.000000	0.000000	0.000000	0.000000	0.000000	0.000000	0.000000	0.000000	0.000000	0.000000	0.000000	0.000000	0.000000	0.000000	0.000000	0.000000	0.000000	0.000000	0.000000	0.000000	0.000000	0.000000	0.000000	0.000000	0.000000	0.000000	0.000000	0.000000	0.000000	0.000000	0.000000	0.000000	0.000000	0.000000	0.000000	0.000000	0.000000	0.000000	0.000000	0.000000	0.000000	0.000000	0.000000	0.000000	0.000000	0.000000	0.000000	0.000000	0.000000	0.000000	0.000000	0.000000	0.000000	0.000000	0.000000	0.000000	0.000000	0.000000	0.000000	0.000000	0.000000	0.000000	0.000000	0.000000	0.000000	0.000000	0.000000	0.000000	0.000000	0.000000	0.000000	0.000000	0.000000	0.000000	0.000000	0.000000	0.000000	0.000000	0.000000	0.000000	0.000000	0.000000	0.000000
Mean R	Std.Dev R
0.000000	0.000000
Mean T	Std.Dev T
0.000000	0.000000
387
R(V)	Theta
0.000000	0.000000	0.000000	0.000000	0.000000	0.000000	0.000000	0.000000	0.000000	0.000000	0.000000	0.000000	0.000000	0.000000	0.000000	0.000000	0.000000	0.000000	0.000000	0.000000	0.000000	0.000000	0.000000	0.000000	0.000000	0.000000	0.000000	0.000000	0.000000	0.000000	0.000000	0.000000	0.000000	0.000000	0.000000	0.000000	0.000000	0.000000	0.000000	0.000000	0.000000	0.000000	0.000000	0.000000	0.000000	0.000000	0.000000	0.000000	0.000000	0.000000	0.000000	0.000000	0.000000	0.000000	0.000000	0.000000	0.000000	0.000000	0.000000	0.000000	0.000000	0.000000	0.000000	0.000000	0.000000	0.000000	0.000000	0.000000	0.000000	0.000000	0.000000	0.000000	0.000000	0.000000	0.000000	0.000000	0.000000	0.000000	0.000000	0.000000	0.000000	0.000000	0.000000	0.000000	0.000000	0.000000	0.000000	0.000000	0.000000	0.000000	0.000000	0.000000	0.000000	0.000000	0.000000	0.000000	0.000000	0.000000	0.000000	0.000000
0.000000	0.000000	0.000000	0.000000	0.000000	0.000000	0.000000	0.000000	0.000000	0.000000	0.000000	0.000000	0.000000	0.000000	0.000000	0.000000	0.000000	0.000000	0.000000	0.000000	0.000000	0.000000	0.000000	0.000000	0.000000	0.000000	0.000000	0.000000	0.000000	0.000000	0.000000	0.000000	0.000000	0.000000	0.000000	0.000000	0.000000	0.000000	0.000000	0.000000	0.000000	0.000000	0.000000	0.000000	0.000000	0.000000	0.000000	0.000000	0.000000	0.000000	0.000000	0.000000	0.000000	0.000000	0.000000	0.000000	0.000000	0.000000	0.000000	0.000000	0.000000	0.000000	0.000000	0.000000	0.000000	0.000000	0.000000	0.000000	0.000000	0.000000	0.000000	0.000000	0.000000	0.000000	0.000000	0.000000	0.000000	0.000000	0.000000	0.000000	0.000000	0.000000	0.000000	0.000000	0.000000	0.000000	0.000000	0.000000	0.000000	0.000000	0.000000	0.000000	0.000000	0.000000	0.000000	0.000000	0.000000	0.000000	0.000000	0.000000
Mean R	Std.Dev R
0.000000	0.000000
Mean T	Std.Dev T
0.000000	0.000000
MoTe2 scan
0
R(V)	Theta
0.000000	0.000000	0.000000	0.000000	0.000000	0.000000	0.000000	0.000000	0.000000	0.000000	0.000000	0.000000	0.000000	0.000000	0.000000	0.000000	0.000000	0.000000	0.000000	0.000000	0.000000	0.000000	0.000000	0.000000	0.000000	0.000000	0.000000	0.000000	0.000000	0.000000	0.000000	0.000000	0.000000	0.000000	0.000000	0.000000	0.000000	0.000000	0.000000	0.000000	0.000000	0.000000	0.000000	0.000000	0.000000	0.000000	0.000000	0.000000	0.000000	0.000000	0.000000	0.000000	0.000000	0.000000	0.000000	0.000000	0.000000	0.000000	0.000000	0.000000	0.000000	0.000000	0.000000	0.000000	0.000000	0.000000	0.000000	0.000000	0.000000	0.000000	0.000000	0.000000	0.000000	0.000000	0.000000	0.000000	0.000000	0.000000	0.000000	0.000000	0.000000	0.000000	0.000000	0.000000	0.000000	0.000000	0.000000	0.000000	0.000000	0.000000	0.000000	0.000000	0.000000	0.000000	0.000000	0.000000	0.000000	0.000000	0.000000	0.000000
0.000000	0.000000	0.000000	0.000000	0.000000	0.000000	0.000000	0.000000	0.000000	0.000000	0.000000	0.000000	0.000000	0.000000	0.000000	0.000000	0.000000	0.000000	0.000000	0.000000	0.000000	0.000000	0.000000	0.000000	0.000000	0.000000	0.000000	0.000000	0.000000	0.000000	0.000000	0.000000	0.000000	0.000000	0.000000	0.000000	0.000000	0.000000	0.000000	0.000000	0.000000	0.000000	0.000000	0.000000	0.000000	0.000000	0.000000	0.000000	0.000000	0.000000	0.000000	0.000000	0.000000	0.000000	0.000000	0.000000	0.000000	0.000000	0.000000	0.000000	0.000000	0.000000	0.000000	0.000000	0.000000	0.000000	0.000000	0.000000	0.000000	0.000000	0.000000	0.000000	0.000000	0.000000	0.000000	0.000000	0.000000	0.000000	0.000000	0.000000	0.000000	0.000000	0.000000	0.000000	0.000000	0.000000	0.000000	0.000000	0.000000	0.000000	0.000000	0.000000	0.000000	0.000000	0.000000	0.000000	0.000000	0.000000	0.000000	0.000000
Mean R	Std.Dev R
0.000000	0.000000
Mean T	Std.Dev T
0.000000	0.000000
MoTe2 scan
0
R(V)	Theta
0.001134	0.001133	0.001133	0.001133	0.001132	0.001132	0.001132	0.001132	0.001131	0.001131	0.001131	0.001131	0.001130	0.001130	0.001129	0.001129	0.001128	0.001128	0.001127	0.001126	0.001126	0.001125	0.001125	0.001124	0.001123	0.001123	0.001122	0.001122	0.001122	0.001122	0.001122	0.001121	0.001121	0.001122	0.001122	0.001122	0.001122	0.001123	0.001123	0.001124	0.001124	0.001125	0.001125	0.001126	0.001126	0.001127	0.001128	0.001128	0.001129	0.001130	0.001130	0.001131	0.001132	0.001132	0.001132	0.001133	0.001133	0.001133	0.001134	0.001134	0.001134	0.001134	0.001133	0.001133	0.001133	0.001133	0.001133	0.001133	0.001133	0.001132	0.001132	0.001132	0.001132	0.001132	0.001132	0.001132	0.001132	0.001132	0.001131	0.001131	0.001131	0.001131	0.001131	0.001130	0.001130	0.001130	0.001129	0.001129	0.001129	0.001128	0.001128	0.001127	0.001127	0.001126	0.001126	0.001125	0.001125	0.001124	0.001124	0.001123
-52.769369	-52.764178	-52.751595	-52.744691	-52.737526	-52.729982	-52.722090	-52.714110	-52.705748	-52.697158	-52.688638	-52.680344	-52.672394	-52.664772	-52.657301	-52.649761	-52.642110	-52.634248	-52.626194	-52.618084	-52.610103	-52.602354	-52.594939	-52.587855	-52.581185	-52.574900	-52.568909	-52.563143	-52.557583	-52.552251	-52.547226	-52.542631	-52.538688	-52.535511	-52.533265	-52.532148	-52.532187	-52.533395	-52.535610	-52.538643	-52.542419	-52.546902	-52.552079	-52.557893	-52.564227	-52.570926	-52.577889	-52.585022	-52.592381	-52.599866	-52.607463	-52.615232	-52.623344	-52.631950	-52.641058	-52.650485	-52.660083	-52.669767	-52.679541	-52.689454	-52.699393	-52.709394	-52.719318	-52.729181	-52.738667	-52.747870	-52.756644	-52.764988	-52.773051	-52.780858	-52.788107	-52.794764	-52.800841	-52.806321	-52.811292	-52.815734	-52.819397	-52.822197	-52.824059	-52.824992	-52.825151	-52.824450	-52.822711	-52.819805	-52.815733	-52.810512	-52.804166	-52.796767	-52.788443	-52.779459	-52.769885	-52.759658	-52.748456	-52.736788	-52.724401	-52.711340	-52.697906	-52.683925	-52.669542	-52.654924
Mean R	Std.Dev R
0.001129	3.929651E-6
Mean T	Std.Dev T
-52.679619	0.096009
384
R(V)	Theta
0.001123	0.001124	0.001124	0.001124	0.001125	0.001125	0.001125	0.001126	0.001126	0.001126	0.001126	0.001126	0.001126	0.001126	0.001126	0.001126	0.001126	0.001126	0.001126	0.001126	0.001126	0.001125	0.001125	0.001125	0.001125	0.001125	0.001125	0.001125	0.001125	0.001126	0.001126	0.001126	0.001126	0.001126	0.001126	0.001127	0.001127	0.001127	0.001127	0.001127	0.001128	0.001128	0.001128	0.001129	0.001129	0.001129	0.001130	0.001130	0.001130	0.001131	0.001131	0.001132	0.001132	0.001133	0.001133	0.001134	0.001134	0.001135	0.001135	0.001136	0.001136	0.001137	0.001137	0.001138	0.001138	0.001139	0.001139	0.001139	0.001140	0.001140	0.001140	0.001141	0.001141	0.001141	0.001141	0.001141	0.001141	0.001141	0.001140	0.001140	0.001140	0.001139	0.001139	0.001139	0.001138	0.001138	0.001137	0.001136	0.001136	0.001135	0.001134	0.001134	0.001133	0.001133	0.001132	0.001132	0.001131	0.001131	0.001130	0.001130
-52.522350	-52.518047	-52.514601	-52.511761	-52.509503	-52.507870	-52.506966	-52.506712	-52.507045	-52.507785	-52.508715	-52.509851	-52.511497	-52.513478	-52.515827	-52.518616	-52.521851	-52.525227	-52.528592	-52.531819	-52.534736	-52.539077	-52.539077	-52.541062	-52.541094	-52.540502	-52.539359	-52.537916	-52.537916	-52.534512	-52.532865	-52.531359	-52.530066	-52.528955	-52.528955	-52.526976	-52.525750	-52.523978	-52.521688	-52.518705	-52.514927	-52.510359	-52.504980	-52.498835	-52.491907	-52.484061	-52.475194	-52.465271	-52.454271	-52.442159	-52.429297	-52.416019	-52.402514	-52.389065	-52.375795	-52.362752	-52.350272	-52.338675	-52.328075	-52.318449	-52.309682	-52.301745	-52.294741	-52.288590	-52.283455	-52.279323	-52.276449	-52.274672	-52.273880	-52.273918	-52.274695	-52.276203	-52.278619	-52.281820	-52.285844	-52.290721	-52.296554	-52.303432	-52.311144	-52.319608	-52.328603	-52.337999	-52.348005	-52.358796	-52.370289	-52.382368	-52.395035	-52.408063	-52.421364	-52.434740	-52.447935	-52.460972	-52.473844	-52.486413	-52.498652	-52.510111	-52.520920	-52.530881	-52.539925	-52.548006
Mean R	Std.Dev R
0.001131	5.709346E-6
Mean T	Std.Dev T
-52.440836	0.096968
768
R(V)	Theta
0.001132	0.001132	0.001133	0.001133	0.001134	0.001134	0.001135	0.001135	0.001136	0.001136	0.001137	0.001137	0.001138	0.001138	0.001139	0.001140	0.001140	0.001141	0.001141	0.001142	0.001142	0.001142	0.001143	0.001143	0.001143	0.001144	0.001144	0.001144	0.001144	0.001144	0.001144	0.001144	0.001144	0.001144	0.001143	0.001143	0.001143	0.001142	0.001142	0.001142	0.001141	0.001141	0.001141	0.001140	0.001140	0.001139	0.001139	0.001139	0.001138	0.001138	0.001137	0.001137	0.001137	0.001137	0.001136	0.001136	0.001136	0.001136	0.001136	0.001136	0.001136	0.001136	0.001137	0.001137	0.001137	0.001138	0.001138	0.001138	0.001139	0.001139	0.001139	0.001139	0.001140	0.001140	0.001140	0.001140	0.001140	0.001140	0.001140	0.001141	0.001141	0.001141	0.001141	0.001141	0.001141	0.001141	0.001141	0.001142	0.001142	0.001142	0.001142	0.001142	0.001142	0.001142	0.001143	0.001143	0.001143	0.001143	0.001143	0.001143
-52.556440	-52.548864	-52.539877	-52.529615	-52.518323	-52.506029	-52.492875	-52.478948	-52.464323	-52.449161	-52.433791	-52.418615	-52.403574	-52.389325	-52.375762	-52.362994	-52.351161	-52.340401	-52.330902	-52.322851	-52.316170	-52.310671	-52.306298	-52.303070	-52.301067	-52.300240	-52.300713	-52.302715	-52.306243	-52.311123	-52.317374	-52.333413	-52.333413	-52.342935	-52.363964	-52.375390	-52.375390	-52.398257	-52.409322	-52.420222	-52.430520	-52.440245	-52.449157	-52.457124	-52.464211	-52.470375	-52.475501	-52.479404	-52.482070	-52.483453	-52.483569	-52.482640	-52.480899	-52.478431	-52.475508	-52.472279	-52.468826	-52.465156	-52.461290	-52.457198	-52.453015	-52.448944	-52.445101	-52.441476	-52.438006	-52.434624	-52.431300	-52.428192	-52.425169	-52.422444	-52.420044	-52.417998	-52.416490	-52.415619	-52.415353	-52.415454	-52.415918	-52.416891	-52.418396	-52.420371	-52.422854	-52.426081	-52.430061	-52.434765	-52.439977	-52.445447	-52.451112	-52.456954	-52.463269	-52.470137	-52.477437	-52.484981	-52.492526	-52.500134	-52.507764	-52.515543	-52.523718	-52.531791	-52.539796	-52.547706
Mean R	Std.Dev R
0.001140	3.041287E-6
Mean T	Std.Dev T
-52.430025	0.066452
1152
R(V)	Theta
0.001138	0.001138	0.001137	0.001136	0.001135	0.001135	0.001134	0.001133	0.001132	0.001131	0.001131	0.001130	0.001129	0.001129	0.001128	0.001127	0.001127	0.001126	0.001126	0.001125	0.001125	0.001125	0.001124	0.001124	0.001124	0.001123	0.001123	0.001123	0.001122	0.001122	0.001121	0.001121	0.001121	0.001120	0.001120	0.001120	0.001119	0.001119	0.001119	0.001118	0.001118	0.001118	0.001118	0.001118	0.001117	0.001117	0.001117	0.001117	0.001117	0.001117	0.001117	0.001117	0.001117	0.001117	0.001117	0.001117	0.001117	0.001116	0.001116	0.001116	0.001116	0.001115	0.001115	0.001115	0.001114	0.001114	0.001114	0.001113	0.001113	0.001113	0.001113	0.001113	0.001113	0.001112	0.001112	0.001112	0.001113	0.001113	0.001113	0.001113	0.001113	0.001113	0.001114	0.001114	0.001114	0.001115	0.001115	0.001116	0.001116	0.001116	0.001116	0.001117	0.001117	0.001117	0.001117	0.001118	0.001118	0.001118	0.001118	0.001118
-52.620007	-52.623608	-52.626535	-52.628737	-52.630321	-52.631394	-52.631841	-52.631595	-52.630752	-52.629280	-52.627105	-52.624294	-52.621062	-52.617589	-52.613967	-52.610566	-52.607475	-52.604828	-52.602613	-52.600866	-52.599734	-52.599367	-52.599743	-52.600703	-52.602195	-52.604234	-52.606831	-52.610040	-52.613763	-52.617788	-52.622076	-52.626696	-52.631614	-52.636909	-52.642544	-52.648396	-52.654180	-52.659866	-52.665425	-52.670763	-52.675778	-52.680276	-52.684439	-52.688265	-52.691573	-52.694453	-52.696944	-52.699065	-52.700971	-52.702791	-52.704413	-52.705744	-52.706924	-52.707830	-52.708469	-52.708695	-52.708338	-52.707333	-52.705474	-52.702709	-52.698921	-52.693978	-52.687789	-52.680419	-52.671930	-52.662355	-52.651849	-52.640592	-52.628720	-52.616381	-52.603587	-52.590231	-52.576852	-52.563338	-52.549734	-52.536129	-52.522529	-52.509148	-52.484155	-52.484155	-52.473019	-52.463074	-52.454378	-52.446986	-52.440855	-52.436128	-52.432792	-52.430854	-52.430854	-52.432476	-52.435796	-52.440725	-52.447275	-52.455409	-52.465152	-52.476362	-52.488759	-52.502154	-52.516323	-52.531178
Mean R	Std.Dev R
0.001120	6.722081E-6
Mean T	Std.Dev T
-52.601611	0.086356
1536
R(V)	Theta
0.001117	0.001117	0.001117	0.001117	0.001117	0.001118	0.001118	0.001118	0.001118	0.001118	0.001118	0.001118	0.001118	0.001118	0.001118	0.001118	0.001118	0.001118	0.001117	0.001117	0.001117	0.001117	0.001117	0.001117	0.001117	0.001117	0.001117	0.001117	0.001117	0.001117	0.001118	0.001118	0.001118	0.001119	0.001119	0.001120	0.001120	0.001121	0.001121	0.001122	0.001123	0.001124	0.001124	0.001125	0.001126	0.001127	0.001128	0.001129	0.001129	0.001130	0.001131	0.001132	0.001133	0.001134	0.001135	0.001136	0.001137	0.001137	0.001138	0.001139	0.001139	0.001140	0.001141	0.001141	0.001142	0.001142	0.001143	0.001143	0.001143	0.001144	0.001144	0.001145	0.001145	0.001145	0.001146	0.001146	0.001146	0.001147	0.001147	0.001148	0.001148	0.001148	0.001149	0.001149	0.001150	0.001150	0.001151	0.001151	0.001152	0.001152	0.001153	0.001153	0.001153	0.001154	0.001154	0.001154	0.001155	0.001155	0.001155	0.001155
-52.687862	-52.691436	-52.693569	-52.694446	-52.694167	-52.692745	-52.690251	-52.686791	-52.682448	-52.677458	-52.671859	-52.665418	-52.658203	-52.650419	-52.642106	-52.633124	-52.623429	-52.612954	-52.602146	-52.590797	-52.578936	-52.566577	-52.553934	-52.541092	-52.528082	-52.515034	-52.502232	-52.489918	-52.478241	-52.467351	-52.457493	-52.448762	-52.441111	-52.434539	-52.429088	-52.424812	-52.421810	-52.420060	-52.419456	-52.419794	-52.420935	-52.422712	-52.424847	-52.427102	-52.429284	-52.431384	-52.433406	-52.435234	-52.436699	-52.437841	-52.438595	-52.438967	-52.438904	-52.438263	-52.436885	-52.434753	-52.431979	-52.428869	-52.425693	-52.422530	-52.419305	-52.416026	-52.412798	-52.409640	-52.406506	-52.403396	-52.400411	-52.397651	-52.395063	-52.392554	-52.390217	-52.388154	-52.386248	-52.384365	-52.382288	-52.380064	-52.377727	-52.375352	-52.372836	-52.369886	-52.366434	-52.362612	-52.358557	-52.354314	-52.350105	-52.346177	-52.342628	-52.339586	-52.337112	-52.335298	-52.334070	-52.333407	-52.333396	-52.333941	-52.335033	-52.336637	-52.338762	-52.341453	-52.344839	-52.349057
Mean R	Std.Dev R
0.001133	1.401041E-5
Mean T	Std.Dev T
-52.461487	0.113825
1920
R(V)	Theta
0.001157	0.001157	0.001157	0.001157	0.001157	0.001157	0.001156	0.001156	0.001156	0.001156	0.001156	0.001156	0.001155	0.001155	0.001155	0.001155	0.001155	0.001155	0.001154	0.001154	0.001154	0.001154	0.001154	0.001154	0.001154	0.001154	0.001154	0.001154	0.001154	0.001154	0.001154	0.001154	0.001154	0.001154	0.001154	0.001154	0.001154	0.001154	0.001154	0.001154	0.001154	0.001154	0.001154	0.001154	0.001154	0.001155	0.001155	0.001155	0.001155	0.001155	0.001156	0.001156	0.001156	0.001156	0.001156	0.001156	0.001156	0.001157	0.001157	0.001157	0.001157	0.001156	0.001156	0.001156	0.001156	0.001156	0.001156	0.001156	0.001155	0.001155	0.001155	0.001154	0.001154	0.001154	0.001153	0.001153	0.001153	0.001152	0.001152	0.001152	0.001151	0.001151	0.001151	0.001150	0.001150	0.001150	0.001149	0.001149	0.001149	0.001149	0.001149	0.001149	0.001148	0.001148	0.001148	0.001148	0.001148	0.001149	0.001149	0.001149
-52.457052	-52.468669	-52.480705	-52.493186	-52.505994	-52.519014	-52.532141	-52.545106	-52.557637	-52.569778	-52.581598	-52.593087	-52.603834	-52.613654	-52.622641	-52.630699	-52.637650	-52.643395	-52.647653	-52.650531	-52.652040	-52.652279	-52.651301	-52.649047	-52.645432	-52.640170	-52.633228	-52.624764	-52.615027	-52.604343	-52.593149	-52.581377	-52.569005	-52.556327	-52.543511	-52.530520	-52.517339	-52.503846	-52.490032	-52.475983	-52.461507	-52.446300	-52.430506	-52.414296	-52.397882	-52.381557	-52.365539	-52.350059	-52.334819	-52.320336	-52.306524	-52.293511	-52.281481	-52.270440	-52.260437	-52.251360	-52.243170	-52.235948	-52.230044	-52.225622	-52.222933	-52.222019	-52.222856	-52.225214	-52.228873	-52.233739	-52.239371	-52.245617	-52.252396	-52.259586	-52.267243	-52.275105	-52.283023	-52.290898	-52.298500	-52.305807	-52.312919	-52.319797	-52.326458	-52.332723	-52.338570	-52.343998	-52.348884	-52.353149	-52.356745	-52.359573	-52.361544	-52.362579	-52.362834	-52.362285	-52.360852	-52.358465	-52.355223	-52.351086	-52.346088	-52.340263	-52.333775	-52.326837	-52.319410	-52.311553
Mean R	Std.Dev R
0.001154	2.579313E-6
Mean T	Std.Dev T
-52.419029	0.143057
2304
R(V)	Theta
0.001151	0.001151	0.001151	0.001151	0.001151	0.001151	0.001151	0.001152	0.001152	0.001152	0.001152	0.001152	0.001152	0.001153	0.001153	0.001153	0.001153	0.001153	0.001154	0.001154	0.001154	0.001155	0.001155	0.001155	0.001156	0.001156	0.001156	0.001157	0.001157	0.001157	0.001158	0.001158	0.001159	0.001159	0.001159	0.001160	0.001160	0.001161	0.001161	0.001162	0.001162	0.001163	0.001163	0.001164	0.001164	0.001165	0.001165	0.001166	0.001166	0.001167	0.001167	0.001168	0.001169	0.001169	0.001170	0.001170	0.001171	0.001171	0.001172	0.001173	0.001173	0.001174	0.001174	0.001175	0.001176	0.001176	0.001177	0.001177	0.001178	0.001178	0.001178	0.001179	0.001179	0.001179	0.001180	0.001180	0.001180	0.001180	0.001181	0.001181	0.001181	0.001181	0.001180	0.001180	0.001180	0.001180	0.001179	0.001179	0.001178	0.001177	0.001177	0.001176	0.001175	0.001174	0.001174	0.001173	0.001172	0.001171	0.001171	0.001170
-52.204813	-52.199752	-52.195571	-52.192332	-52.190001	-52.188490	-52.187785	-52.187806	-52.188675	-52.190470	-52.193137	-52.196628	-52.200975	-52.206088	-52.211926	-52.218366	-52.225196	-52.232394	-52.239808	-52.247340	-52.255026	-52.263080	-52.271273	-52.279700	-52.288313	-52.297008	-52.305674	-52.314299	-52.322691	-52.330695	-52.338155	-52.344907	-52.350947	-52.356117	-52.360236	-52.363205	-52.365200	-52.366051	-52.365497	-52.363410	-52.359755	-52.354659	-52.348075	-52.340301	-52.331600	-52.322119	-52.312178	-52.301596	-52.290445	-52.279108	-52.267706	-52.256898	-52.246522	-52.236930	-52.228403	-52.220796	-52.214113	-52.208223	-52.203276	-52.199114	-52.195471	-52.192250	-52.189474	-52.187177	-52.185404	-52.184179	-52.183405	-52.183064	-52.183109	-52.183559	-52.184479	-52.185765	-52.187249	-52.188870	-52.190528	-52.192280	-52.194318	-52.196756	-52.199881	-52.203966	-52.208898	-52.214717	-52.221405	-52.229141	-52.237790	-52.247343	-52.257906	-52.269288	-52.281256	-52.293542	-52.305829	-52.317931	-52.329834	-52.341457	-52.352748	-52.363438	-52.373305	-52.382129	-52.389706	-52.396086
Mean R	Std.Dev R
0.001166	1.046012E-5
Mean T	Std.Dev T
-52.259258	0.067504
2688
R(V)	Theta
0.001163	0.001163	0.001162	0.001162	0.001162	0.001161	0.001161	0.001161	0.001161	0.001160	0.001160	0.001160	0.001160	0.001159	0.001159	0.001159	0.001159	0.001159	0.001158	0.001158	0.001158	0.001158	0.001157	0.001157	0.001157	0.001157	0.001156	0.001156	0.001156	0.001156	0.001156	0.001155	0.001155	0.001155	0.001155	0.001155	0.001155	0.001155	0.001154	0.001154	0.001154	0.001154	0.001154	0.001154	0.001153	0.001153	0.001153	0.001153	0.001153	0.001153	0.001153	0.001152	0.001152	0.001152	0.001152	0.001151	0.001151	0.001150	0.001150	0.001150	0.001149	0.001149	0.001148	0.001148	0.001148	0.001147	0.001147	0.001146	0.001146	0.001146	0.001146	0.001145	0.001145	0.001145	0.001145	0.001145	0.001145	0.001145	0.001145	0.001145	0.001146	0.001146	0.001146	0.001147	0.001147	0.001148	0.001148	0.001149	0.001150	0.001150	0.001151	0.001152	0.001152	0.001153	0.001153	0.001154	0.001155	0.001155	0.001156	0.001156
-52.390792	-52.385346	-52.379370	-52.372983	-52.366177	-52.359019	-52.351710	-52.344266	-52.336878	-52.329801	-52.323231	-52.317348	-52.312264	-52.308156	-52.305155	-52.303240	-52.302413	-52.302726	-52.303950	-52.306055	-52.308931	-52.312340	-52.316256	-52.320677	-52.325653	-52.331198	-52.337275	-52.343772	-52.350625	-52.357703	-52.364936	-52.372245	-52.379481	-52.386534	-52.393370	-52.400035	-52.406446	-52.412376	-52.417823	-52.422650	-52.426635	-52.429644	-52.431742	-52.433236	-52.434327	-52.434919	-52.435021	-52.434689	-52.433944	-52.432727	-52.431096	-52.429438	-52.427790	-52.426204	-52.424469	-52.422504	-52.420299	-52.418135	-52.415770	-52.412893	-52.409426	-52.405350	-52.400327	-52.394488	-52.387875	-52.380325	-52.371970	-52.363241	-52.354504	-52.345846	-52.337429	-52.329407	-52.321686	-52.314238	-52.307169	-52.300528	-52.294247	-52.288274	-52.282775	-52.277964	-52.274030	-52.271060	-52.269122	-52.268142	-52.268176	-52.269014	-52.270793	-52.273753	-52.277928	-52.283130	-52.289146	-52.295980	-52.303482	-52.311319	-52.319374	-52.327634	-52.335898	-52.343891	-52.351447	-52.358521
Mean R	Std.Dev R
0.001153	5.146888E-6
Mean T	Std.Dev T
-52.353456	0.053580
3072
R(V)	Theta
0.001163	0.001163	0.001163	0.001164	0.001164	0.001164	0.001165	0.001165	0.001165	0.001165	0.001165	0.001165	0.001165	0.001165	0.001165	0.001164	0.001164	0.001164	0.001164	0.001164	0.001164	0.001164	0.001163	0.001163	0.001163	0.001163	0.001162	0.001162	0.001162	0.001162	0.001161	0.001161	0.001161	0.001161	0.001161	0.001160	0.001160	0.001160	0.001159	0.001159	0.001159	0.001159	0.001159	0.001159	0.001159	0.001158	0.001158	0.001158	0.001158	0.001158	0.001158	0.001158	0.001158	0.001158	0.001158	0.001158	0.001158	0.001158	0.001158	0.001158	0.001158	0.001158	0.001158	0.001158	0.001158	0.001158	0.001158	0.001158	0.001158	0.001158	0.001158	0.001158	0.001158	0.001158	0.001158	0.001158	0.001158	0.001158	0.001158	0.001158	0.001158	0.001159	0.001159	0.001159	0.001159	0.001159	0.001160	0.001160	0.001160	0.001161	0.001161	0.001161	0.001162	0.001162	0.001163	0.001163	0.001164	0.001164	0.001165	0.001165
-52.379165	-52.376068	-52.372645	-52.368969	-52.364942	-52.360548	-52.355879	-52.350993	-52.345762	-52.339990	-52.333665	-52.326798	-52.319440	-52.311640	-52.303345	-52.294428	-52.284862	-52.274584	-52.263681	-52.252136	-52.239881	-52.227046	-52.213695	-52.199795	-52.185322	-52.170435	-52.139878	-52.139878	-52.124902	-52.096563	-52.083376	-52.083376	-52.059674	-52.049502	-52.049502	-52.033272	-52.027339	-52.022882	-52.019848	-52.018216	-52.017996	-52.019029	-52.021302	-52.024825	-52.029637	-52.035887	-52.043802	-52.053189	-52.063813	-52.075361	-52.087672	-52.100502	-52.113798	-52.127348	-52.140963	-52.154551	-52.167526	-52.180093	-52.192263	-52.203958	-52.214947	-52.225230	-52.234722	-52.243362	-52.251134	-52.258122	-52.264158	-52.269227	-52.273339	-52.276573	-52.279094	-52.280989	-52.282441	-52.283526	-52.284175	-52.284105	-52.283125	-52.281211	-52.278353	-52.274542	-52.269683	-52.263799	-52.256947	-52.249416	-52.241268	-52.232786	-52.224070	-52.215313	-52.206693	-52.198205	-52.189748	-52.181336	-52.173075	-52.165054	-52.157406	-52.150224	-52.143611	-52.137688	-52.132593	-52.128474
Mean R	Std.Dev R
0.001161	2.635685E-6
Mean T	Std.Dev T
-52.198572	0.104462
3456
R(V)	Theta
0.001170	0.001170	0.001171	0.001171	0.001171	0.001171	0.001171	0.001171	0.001171	0.001171	0.001171	0.001170	0.001170	0.001170	0.001170	0.001169	0.001169	0.001169	0.001168	0.001168	0.001167	0.001167	0.001166	0.001166	0.001165	0.001165	0.001164	0.001164	0.001164	0.001163	0.001163	0.001162	0.001161	0.001161	0.001160	0.001160	0.001159	0.001158	0.001158	0.001157	0.001156	0.001155	0.001154	0.001154	0.001153	0.001152	0.001151	0.001150	0.001150	0.001149	0.001148	0.001148	0.001147	0.001146	0.001146	0.001145	0.001144	0.001144	0.001143	0.001143	0.001143	0.001142	0.001142	0.001141	0.001141	0.001141	0.001140	0.001140	0.001140	0.001140	0.001140	0.001139	0.001139	0.001139	0.001139	0.001139	0.001139	0.001139	0.001139	0.001139	0.001139	0.001139	0.001139	0.001139	0.001139	0.001139	0.001139	0.001139	0.001139	0.001139	0.001140	0.001140	0.001140	0.001140	0.001141	0.001141	0.001142	0.001142	0.001143	0.001143
-52.162528	-52.173688	-52.185925	-52.199207	-52.213583	-52.228927	-52.245197	-52.262542	-52.280752	-52.299577	-52.319033	-52.338861	-52.358694	-52.378228	-52.397042	-52.414874	-52.431569	-52.446866	-52.460532	-52.472281	-52.482099	-52.489954	-52.496042	-52.500497	-52.503194	-52.504289	-52.503914	-52.502257	-52.499593	-52.496059	-52.491591	-52.486380	-52.480543	-52.474443	-52.468277	-52.462224	-52.456431	-52.450954	-52.445800	-52.441020	-52.436794	-52.433061	-52.429829	-52.427117	-52.424748	-52.422590	-52.420306	-52.417803	-52.415007	-52.411803	-52.408399	-52.405008	-52.401800	-52.398861	-52.396222	-52.393962	-52.392079	-52.390697	-52.390009	-52.389981	-52.390594	-52.391900	-52.394076	-52.397132	-52.400807	-52.404999	-52.409580	-52.414389	-52.419482	-52.424878	-52.430464	-52.436265	-52.442083	-52.447761	-52.453216	-52.458502	-52.463548	-52.468272	-52.472611	-52.476494	-52.479924	-52.482962	-52.485589	-52.487658	-52.489288	-52.490486	-52.491143	-52.491266	-52.489533	-52.487392	-52.483957	-52.479061	-52.472686	-52.464709	-52.455238	-52.444437	-52.432616	-52.420088	-52.406764	-52.392660
Mean R	Std.Dev R
0.001152	1.233143E-5
Mean T	Std.Dev T
-52.420361	0.077661
3840
R(V)	Theta
0.001151	0.001152	0.001152	0.001153	0.001153	0.001154	0.001154	0.001155	0.001155	0.001156	0.001156	0.001157	0.001157	0.001158	0.001158	0.001159	0.001159	0.001160	0.001160	0.001160	0.001161	0.001161	0.001162	0.001162	0.001162	0.001163	0.001163	0.001164	0.001164	0.001164	0.001165	0.001165	0.001165	0.001165	0.001165	0.001165	0.001165	0.001165	0.001165	0.001165	0.001165	0.001165	0.001165	0.001164	0.001164	0.001164	0.001164	0.001163	0.001163	0.001163	0.001162	0.001162	0.001162	0.001161	0.001161	0.001161	0.001160	0.001160	0.001160	0.001159	0.001159	0.001159	0.001158	0.001158	0.001158	0.001157	0.001157	0.001157	0.001157	0.001156	0.001156	0.001156	0.001156	0.001155	0.001155	0.001155	0.001155	0.001155	0.001155	0.001155	0.001155	0.001155	0.001154	0.001154	0.001154	0.001154	0.001154	0.001154	0.001154	0.001154	0.001154	0.001154	0.001154	0.001154	0.001154	0.001154	0.001153	0.001153	0.001153	0.001153
-52.211693	-52.197299	-52.183161	-52.169371	-52.155856	-52.143202	-52.131298	-52.120056	-52.109501	-52.099794	-52.090911	-52.082956	-52.075896	-52.069767	-52.064736	-52.060941	-52.058436	-52.057368	-52.057738	-52.059413	-52.062405	-52.066573	-52.071791	-52.077955	-52.085022	-52.092870	-52.101447	-52.110653	-52.120519	-52.130930	-52.141680	-52.152624	-52.163633	-52.174243	-52.184737	-52.194976	-52.204792	-52.214032	-52.222674	-52.230686	-52.237906	-52.244255	-52.249711	-52.254243	-52.257705	-52.260044	-52.261271	-52.261410	-52.260638	-52.259060	-52.256788	-52.253698	-52.250088	-52.246223	-52.242170	-52.238178	-52.234488	-52.231317	-52.228838	-52.227248	-52.226694	-52.227214	-52.228762	-52.231320	-52.234847	-52.239381	-52.244817	-52.251041	-52.257907	-52.265263	-52.273036	-52.281213	-52.289786	-52.298698	-52.307901	-52.317342	-52.327032	-52.336923	-52.346944	-52.357176	-52.367652	-52.378327	-52.389138	-52.400069	-52.411005	-52.421816	-52.432274	-52.442278	-52.451693	-52.460639	-52.476372	-52.483352	-52.483352	-52.496039	-52.501486	-52.501486	-52.510642	-52.514338	-52.517338	-52.519613
Mean R	Std.Dev R
0.001158	4.326777E-6
Mean T	Std.Dev T
-52.246611	0.131287
MoTe2 scan
Position	Mean R	Mean T
MoTe2 scan
Position	Mean R	Mean T
MoTe2 scan
Position	Mean R	Mean T
MoTe2 scan
1792000
R(V)	Theta
0.000825	0.000825	0.000824	0.000824	0.000824	0.000824	0.000824	0.000823	0.000823	0.000823	0.000823	0.000823	0.000823	0.000823	0.000823	0.000823	0.000823	0.000823	0.000823	0.000823	0.000823	0.000823	0.000822	0.000822	0.000822	0.000822	0.000822	0.000822	0.000822	0.000822	0.000822	0.000822	0.000822	0.000823	0.000823	0.000823	0.000823	0.000823	0.000823	0.000824	0.000824	0.000824	0.000824	0.000825	0.000825	0.000825	0.000825	0.000826	0.000826	0.000826	0.000827	0.000827	0.000827	0.000828	0.000828	0.000829	0.000829	0.000829	0.000830	0.000830	0.000831	0.000831	0.000832	0.000833	0.000833	0.000834	0.000834	0.000835	0.000835	0.000836	0.000836	0.000837	0.000837	0.000838	0.000838	0.000839	0.000839	0.000839	0.000840	0.000840	0.000841	0.000841	0.000841	0.000842	0.000842	0.000842	0.000843	0.000843	0.000843	0.000843	0.000844	0.000844	0.000844	0.000844	0.000845	0.000845	0.000845	0.000845	0.000845	0.000846
-51.840112	-51.857189	-51.874025	-51.890577	-51.906825	-51.922840	-51.938827	-51.954686	-51.970077	-51.984735	-51.998556	-52.011543	-52.023622	-52.034776	-52.044843	-52.053812	-52.061668	-52.068320	-52.073582	-52.077359	-52.079470	-52.079890	-52.078794	-52.076583	-52.073463	-52.069523	-52.064682	-52.059128	-52.053141	-52.046852	-52.040221	-52.033164	-52.025641	-52.017356	-51.997295	-51.997295	-51.985653	-51.960156	-51.960156	-51.946242	-51.915903	-51.899762	-51.899762	-51.865394	-51.846969	-51.846969	-51.807783	-51.787607	-51.787607	-51.746634	-51.726230	-51.726230	-51.685696	-51.665937	-51.646283	-51.626800	-51.607654	-51.607654	-51.570842	-51.553022	-51.535728	-51.518948	-51.502532	-51.486503	-51.470670	-51.455206	-51.440159	-51.425615	-51.411672	-51.398447	-51.385945	-51.373998	-51.362435	-51.351208	-51.340356	-51.329622	-51.318751	-51.307631	-51.296479	-51.285185	-51.273365	-51.261641	-51.249990	-51.238684	-51.227848	-51.217523	-51.207814	-51.198853	-51.190844	-51.183894	-51.177937	-51.173086	-51.169449	-51.167100	-51.166066	-51.166468	-51.168444	-51.171857	-51.176662	-51.182864
Mean R	Std.Dev R
0.000830	8.251722E-6
Mean T	Std.Dev T
-51.670209	0.334700
1791460
R(V)	Theta
0.000846	0.000846	0.000846	0.000846	0.000846	0.000846	0.000846	0.000846	0.000846	0.000846	0.000845	0.000845	0.000845	0.000845	0.000845	0.000845	0.000845	0.000845	0.000845	0.000846	0.000846	0.000846	0.000846	0.000846	0.000846	0.000846	0.000846	0.000846	0.000847	0.000847	0.000847	0.000847	0.000847	0.000847	0.000847	0.000847	0.000847	0.000847	0.000847	0.000847	0.000846	0.000846	0.000846	0.000846	0.000846	0.000845	0.000845	0.000845	0.000844	0.000844	0.000844	0.000843	0.000842	0.000842	0.000842	0.000841	0.000841	0.000841	0.000840	0.000840	0.000840	0.000839	0.000839	0.000839	0.000839	0.000839	0.000838	0.000838	0.000838	0.000838	0.000838	0.000838	0.000838	0.000838	0.000838	0.000838	0.000838	0.000838	0.000838	0.000838	0.000838	0.000839	0.000839	0.000839	0.000839	0.000839	0.000840	0.000840	0.000840	0.000840	0.000841	0.000841	0.000841	0.000841	0.000842	0.000842	0.000842	0.000842	0.000843	0.000843
-51.301831	-51.313783	-51.326233	-51.339265	-51.352855	-51.366878	-51.381242	-51.395843	-51.410448	-51.425166	-51.439931	-51.454676	-51.469438	-51.484187	-51.498658	-51.512773	-51.526486	-51.539783	-51.553030	-51.566298	-51.579305	-51.591929	-51.604262	-51.616267	-51.628138	-51.640044	-51.652165	-51.664092	-51.676373	-51.688868	-51.701284	-51.713464	-51.725154	-51.736361	-51.747405	-51.758104	-51.768253	-51.777621	-51.786237	-51.794268	-51.801831	-51.808990	-51.815822	-51.822417	-51.828812	-51.840985	-51.840985	-51.846881	-51.857731	-51.862751	-51.862751	-51.872517	-51.877413	-51.877413	-51.886703	-51.890638	-51.890638	-51.897084	-51.899656	-51.899656	-51.903274	-51.904161	-51.904161	-51.904337	-51.903684	-51.903684	-51.900513	-51.897789	-51.897789	-51.889930	-51.884621	-51.878259	-51.870927	-51.862722	-51.853532	-51.843415	-51.832700	-51.821546	-51.810113	-51.798573	-51.787139	-51.775952	-51.765027	-51.754716	-51.745001	-51.736028	-51.727738	-51.719968	-51.712594	-51.705735	-51.699367	-51.693211	-51.687005	-51.680628	-51.673965	-51.667121	-51.659868	-51.651964	-51.643469	-51.634610
Mean R	Std.Dev R
0.000843	3.328151E-6
Mean T	Std.Dev T
-51.712769	0.168862
1790802
R(V)	Theta
0.000848	0.000849	0.000849	0.000849	0.000850	0.000850	0.000851	0.000851	0.000851	0.000851	0.000852	0.000852	0.000852	0.000852	0.000853	0.000853	0.000853	0.000853	0.000853	0.000853	0.000854	0.000854	0.000854	0.000854	0.000854	0.000854	0.000855	0.000855	0.000855	0.000855	0.000856	0.000856	0.000856	0.000857	0.000857	0.000857	0.000858	0.000858	0.000858	0.000859	0.000859	0.000859	0.000859	0.000859	0.000860	0.000860	0.000860	0.000860	0.000860	0.000860	0.000860	0.000861	0.000861	0.000861	0.000860	0.000860	0.000860	0.000860	0.000860	0.000860	0.000859	0.000859	0.000858	0.000858	0.000858	0.000857	0.000857	0.000856	0.000856	0.000855	0.000855	0.000854	0.000854	0.000853	0.000852	0.000852	0.000851	0.000850	0.000850	0.000849	0.000848	0.000848	0.000847	0.000846	0.000845	0.000845	0.000844	0.000843	0.000842	0.000842	0.000841	0.000840	0.000839	0.000839	0.000838	0.000838	0.000837	0.000836	0.000836	0.000835
-51.486472	-51.473930	-51.462040	-51.451193	-51.441681	-51.433654	-51.427278	-51.422191	-51.418168	-51.414944	-51.412420	-51.410560	-51.409540	-51.409162	-51.409363	-51.410092	-51.411277	-51.412802	-51.414542	-51.416450	-51.420366	-51.421782	-51.421782	-51.423204	-51.423301	-51.423301	-51.422688	-51.422688	-51.421693	-51.418591	-51.417245	-51.417245	-51.415246	-51.414808	-51.414808	-51.416145	-51.418287	-51.418287	-51.425809	-51.431343	-51.431343	-51.445718	-51.454116	-51.454116	-51.472432	-51.482223	-51.482223	-51.502818	-51.513606	-51.524783	-51.536352	-51.548304	-51.560304	-51.571956	-51.583487	-51.594950	-51.606523	-51.618075	-51.629777	-51.641612	-51.653556	-51.665460	-51.677042	-51.688069	-51.698543	-51.708502	-51.717925	-51.726560	-51.734275	-51.741012	-51.746778	-51.751565	-51.755457	-51.758557	-51.760984	-51.762887	-51.764447	-51.765772	-51.767026	-51.768363	-51.769873	-51.771391	-51.773075	-51.775159	-51.777590	-51.780284	-51.783001	-51.785731	-51.788289	-51.790662	-51.792812	-51.794511	-51.795645	-51.796106	-51.795758	-51.794506	-51.792352	-51.789409	-51.785742	-51.781441
Mean R	Std.Dev R
0.000853	6.737591E-6
Mean T	Std.Dev T
-51.579372	0.157021
1790675
R(V)	Theta
0.000833	0.000833	0.000833	0.000833	0.000834	0.000834	0.000834	0.000834	0.000834	0.000834	0.000835	0.000835	0.000835	0.000835	0.000835	0.000836	0.000836	0.000836	0.000836	0.000837	0.000837	0.000837	0.000838	0.000838	0.000838	0.000839	0.000839	0.000840	0.000840	0.000840	0.000841	0.000841	0.000842	0.000842	0.000842	0.000843	0.000843	0.000843	0.000843	0.000844	0.000844	0.000844	0.000844	0.000844	0.000845	0.000845	0.000845	0.000845	0.000845	0.000845	0.000845	0.000845	0.000845	0.000845	0.000845	0.000845	0.000845	0.000845	0.000845	0.000845	0.000845	0.000845	0.000845	0.000845	0.000845	0.000845	0.000845	0.000845	0.000845	0.000845	0.000845	0.000845	0.000845	0.000845	0.000845	0.000846	0.000846	0.000846	0.000846	0.000846	0.000847	0.000847	0.000847	0.000847	0.000847	0.000848	0.000848	0.000848	0.000848	0.000848	0.000848	0.000849	0.000849	0.000849	0.000849	0.000849	0.000849	0.000849	0.000850	0.000850
-51.705103	-51.699101	-51.692953	-51.686709	-51.680251	-51.673380	-51.665931	-51.658050	-51.649767	-51.641120	-51.632191	-51.623093	-51.613758	-51.604204	-51.594496	-51.584586	-51.574585	-51.564375	-51.554023	-51.543592	-51.532932	-51.522112	-51.511104	-51.500008	-51.489077	-51.478430	-51.468232	-51.458640	-51.449518	-51.441211	-51.433938	-51.427733	-51.422785	-51.419092	-51.416520	-51.415130	-51.414933	-51.415661	-51.417107	-51.419336	-51.422190	-51.425462	-51.429309	-51.433451	-51.437340	-51.440741	-51.443511	-51.445697	-51.447091	-51.446230	-51.443900	-51.443900	-51.436150	-51.431189	-51.426080	-51.421030	-51.416225	-51.411491	-51.406721	-51.401801	-51.396795	-51.391777	-51.386947	-51.382182	-51.377502	-51.372986	-51.368540	-51.364041	-51.359614	-51.355169	-51.350634	-51.345831	-51.340785	-51.335651	-51.330311	-51.324624	-51.318644	-51.312282	-51.305731	-51.299220	-51.292700	-51.285928	-51.278744	-51.271230	-51.263493	-51.255646	-51.247664	-51.239463	-51.231186	-51.222624	-51.213683	-51.204599	-51.195383	-51.186043	-51.176997	-51.168240	-51.159865	-51.152109	-51.145100	-51.139038
Mean R	Std.Dev R
0.000843	4.896151E-6
Mean T	Std.Dev T
-51.416533	0.141853
1790501
R(V)	Theta
0.000848	0.000848	0.000847	0.000847	0.000847	0.000846	0.000846	0.000846	0.000845	0.000845	0.000844	0.000844	0.000843	0.000843	0.000842	0.000842	0.000841	0.000841	0.000840	0.000840	0.000840	0.000839	0.000839	0.000839	0.000838	0.000838	0.000838	0.000838	0.000838	0.000838	0.000837	0.000837	0.000837	0.000837	0.000837	0.000837	0.000837	0.000837	0.000837	0.000837	0.000838	0.000838	0.000838	0.000838	0.000838	0.000838	0.000838	0.000838	0.000838	0.000838	0.000838	0.000838	0.000838	0.000838	0.000838	0.000838	0.000838	0.000838	0.000838	0.000837	0.000837	0.000837	0.000837	0.000837	0.000836	0.000836	0.000836	0.000836	0.000835	0.000835	0.000835	0.000834	0.000834	0.000834	0.000833	0.000833	0.000833	0.000832	0.000832	0.000832	0.000831	0.000831	0.000831	0.000831	0.000830	0.000830	0.000830	0.000830	0.000830	0.000830	0.000830	0.000830	0.000830	0.000829	0.000829	0.000829	0.000829	0.000829	0.000829	0.000829
-51.108207	-51.103614	-51.098488	-51.092995	-51.087334	-51.081563	-51.075965	-51.070531	-51.065172	-51.059812	-51.054456	-51.049056	-51.043663	-51.038415	-51.033213	-51.028184	-51.023869	-51.020470	-51.018068	-51.016650	-51.016366	-51.017260	-51.019125	-51.021777	-51.024873	-51.027848	-51.031114	-51.034948	-51.039373	-51.043782	-51.047900	-51.051789	-51.055903	-51.060533	-51.065729	-51.071488	-51.077722	-51.084480	-51.091512	-51.098498	-51.105382	-51.112018	-51.118295	-51.124109	-51.129472	-51.134496	-51.139031	-51.143026	-51.146501	-51.149362	-51.151512	-51.153032	-51.153986	-51.154345	-51.154100	-51.153421	-51.152221	-51.150575	-51.148852	-51.147229	-51.145873	-51.144892	-51.144292	-51.144101	-51.144265	-51.144884	-51.145853	-51.147000	-51.148324	-51.149919	-51.151649	-51.153348	-51.155145	-51.157374	-51.159970	-51.162561	-51.164955	-51.166958	-51.168537	-51.169703	-51.170441	-51.170931	-51.171439	-51.172049	-51.172811	-51.174409	-51.174409	-51.175785	-51.176294	-51.176294	-51.176640	-51.176571	-51.176571	-51.176446	-51.176530	-51.176530	-51.177626	-51.178623	-51.178623	-51.182020
Mean R	Std.Dev R
0.000837	4.950512E-6
Mean T	Std.Dev T
-51.115534	0.055371
1789688
R(V)	Theta
MoTe2 scan
1792000
R(V)	Theta
0.000843	0.000843	0.000844	0.000844	0.000845	0.000845	0.000846	0.000846	0.000847	0.000847	0.000848	0.000848	0.000849	0.000849	0.000849	0.000849	0.000850	0.000850	0.000850	0.000850	0.000850	0.000850	0.000850	0.000850	0.000850	0.000850	0.000850	0.000850	0.000849	0.000849	0.000849	0.000848	0.000848	0.000848	0.000848	0.000847	0.000847	0.000847	0.000847	0.000847	0.000847	0.000847	0.000847	0.000847	0.000847	0.000847	0.000847	0.000847	0.000847	0.000847	0.000847	0.000847	0.000847	0.000847	0.000847	0.000846	0.000846	0.000846	0.000846	0.000846	0.000846	0.000846	0.000846	0.000846	0.000846	0.000846	0.000845	0.000845	0.000845	0.000845	0.000845	0.000844	0.000844	0.000844	0.000843	0.000843	0.000842	0.000842	0.000842	0.000841	0.000841	0.000840	0.000840	0.000840	0.000840	0.000839	0.000839	0.000839	0.000839	0.000838	0.000838	0.000838	0.000838	0.000837	0.000837	0.000837	0.000837	0.000837	0.000837	0.000837
-51.388950	-51.380568	-51.371703	-51.362678	-51.353856	-51.345514	-51.337789	-51.330871	-51.324777	-51.319583	-51.315592	-51.312994	-51.311629	-51.311344	-51.312101	-51.313889	-51.316873	-51.321078	-51.326394	-51.332516	-51.339388	-51.346654	-51.354098	-51.361281	-51.367833	-51.373660	-51.378616	-51.382650	-51.385654	-51.387714	-51.388792	-51.388948	-51.388254	-51.386587	-51.383821	-51.379987	-51.375004	-51.368843	-51.361312	-51.352443	-51.342473	-51.331478	-51.319662	-51.307164	-51.294153	-51.281071	-51.268278	-51.255914	-51.243929	-51.232034	-51.220718	-51.209888	-51.199498	-51.189433	-51.179574	-51.170006	-51.160928	-51.152403	-51.144421	-51.136857	-51.129710	-51.122774	-51.115910	-51.109070	-51.102244	-51.095418	-51.088482	-51.081498	-51.074454	-51.067243	-51.059996	-51.053037	-51.046525	-51.040561	-51.035312	-51.030545	-51.026208	-51.022362	-51.019264	-51.016587	-51.014202	-51.011930	-51.009625	-51.007405	-51.005470	-51.003795	-51.002270	-51.000748	-50.999261	-50.998059	-50.997090	-50.996334	-50.995675	-50.994886	-50.993860	-50.992478	-50.990501	-50.988021	-50.985174	-50.981966
Mean R	Std.Dev R
0.000845	3.917063E-6
Mean T	Std.Dev T
-51.200881	0.151445
1789946
R(V)	Theta
0.000839	0.000839	0.000839	0.000838	0.000838	0.000838	0.000838	0.000838	0.000837	0.000837	0.000837	0.000837	0.000836	0.000836	0.000836	0.000835	0.000835	0.000835	0.000834	0.000834	0.000834	0.000833	0.000833	0.000832	0.000832	0.000832	0.000832	0.000831	0.000831	0.000831	0.000831	0.000830	0.000830	0.000830	0.000830	0.000829	0.000829	0.000829	0.000829	0.000828	0.000828	0.000827	0.000827	0.000827	0.000826	0.000826	0.000826	0.000825	0.000825	0.000825	0.000825	0.000824	0.000824	0.000824	0.000824	0.000824	0.000824	0.000824	0.000824	0.000824	0.000824	0.000824	0.000824	0.000824	0.000824	0.000825	0.000825	0.000825	0.000825	0.000826	0.000826	0.000826	0.000827	0.000827	0.000827	0.000828	0.000828	0.000829	0.000829	0.000830	0.000830	0.000831	0.000832	0.000832	0.000833	0.000833	0.000833	0.000834	0.000834	0.000835	0.000835	0.000835	0.000836	0.000836	0.000836	0.000836	0.000837	0.000837	0.000837	0.000837
-51.050034	-51.059063	-51.068330	-51.077882	-51.087577	-51.097386	-51.107398	-51.117458	-51.127388	-51.137287	-51.147250	-51.157144	-51.166967	-51.176311	-51.185187	-51.193691	-51.201926	-51.209673	-51.216975	-51.223825	-51.229755	-51.234760	-51.238742	-51.241851	-51.244275	-51.245888	-51.246762	-51.246883	-51.246580	-51.245994	-51.245262	-51.244743	-51.245024	-51.246108	-51.247975	-51.250755	-51.254328	-51.258407	-51.262669	-51.266843	-51.270868	-51.274970	-51.279225	-51.283829	-51.288908	-51.294258	-51.299507	-51.304600	-51.309405	-51.313646	-51.317403	-51.320814	-51.323752	-51.326126	-51.327954	-51.329346	-51.330274	-51.330718	-51.330748	-51.330521	-51.330121	-51.329634	-51.329452	-51.329722	-51.330281	-51.330957	-51.331699	-51.332442	-51.333257	-51.334376	-51.336148	-51.338538	-51.341392	-51.344564	-51.347810	-51.350863	-51.353587	-51.355890	-51.357633	-51.358957	-51.359802	-51.359858	-51.358995	-51.357399	-51.355270	-51.352766	-51.350146	-51.347705	-51.345581	-51.343734	-51.342384	-51.341649	-51.341544	-51.342003	-51.342970	-51.344588	-51.347011	-51.350088	-51.353689	-51.357533
Mean R	Std.Dev R
0.000831	4.827352E-6
Mean T	Std.Dev T
-51.277313	0.082146
1789159
R(V)	Theta
0.000831	0.000830	0.000829	0.000829	0.000828	0.000828	0.000827	0.000826	0.000826	0.000825	0.000825	0.000825	0.000824	0.000824	0.000823	0.000823	0.000823	0.000822	0.000822	0.000822	0.000822	0.000821	0.000821	0.000821	0.000821	0.000821	0.000821	0.000820	0.000820	0.000820	0.000820	0.000821	0.000821	0.000821	0.000821	0.000821	0.000821	0.000821	0.000821	0.000822	0.000822	0.000822	0.000822	0.000822	0.000822	0.000822	0.000822	0.000822	0.000822	0.000822	0.000822	0.000822	0.000822	0.000822	0.000822	0.000822	0.000823	0.000823	0.000823	0.000824	0.000824	0.000824	0.000825	0.000825	0.000826	0.000826	0.000827	0.000827	0.000828	0.000828	0.000829	0.000829	0.000829	0.000830	0.000830	0.000831	0.000831	0.000831	0.000832	0.000832	0.000832	0.000833	0.000833	0.000833	0.000833	0.000834	0.000834	0.000834	0.000834	0.000834	0.000835	0.000835	0.000835	0.000835	0.000836	0.000836	0.000836	0.000836	0.000836	0.000836
-51.398687	-51.398870	-51.398871	-51.398745	-51.398681	-51.398834	-51.399445	-51.400718	-51.402616	-51.405101	-51.408237	-51.411928	-51.416259	-51.421356	-51.427215	-51.433645	-51.440599	-51.447831	-51.455298	-51.463183	-51.471494	-51.480109	-51.488766	-51.497080	-51.504800	-51.512050	-51.518755	-51.529526	-51.533287	-51.535490	-51.536059	-51.535043	-51.532647	-51.528823	-51.523968	-51.518137	-51.511508	-51.504375	-51.497164	-51.490167	-51.483505	-51.477309	-51.471754	-51.466710	-51.462293	-51.458503	-51.455122	-51.452012	-51.449097	-51.446338	-51.443591	-51.440795	-51.437699	-51.434487	-51.431159	-51.427730	-51.424296	-51.420803	-51.416976	-51.413105	-51.409426	-51.406088	-51.402955	-51.399949	-51.396746	-51.393510	-51.390271	-51.387149	-51.384158	-51.381375	-51.378416	-51.375127	-51.371720	-51.368236	-51.364810	-51.361619	-51.358957	-51.356749	-51.355071	-51.353810	-51.352913	-51.352556	-51.352849	-51.353710	-51.355148	-51.357145	-51.359520	-51.361938	-51.364296	-51.366490	-51.368485	-51.370222	-51.371468	-51.372108	-51.372045	-51.371439	-51.370464	-51.369091	-51.367319	-51.365063
Mean R	Std.Dev R
0.000826	5.205301E-6
Mean T	Std.Dev T
-51.423591	0.055956
1789020
R(V)	Theta
0.000839	0.000839	0.000839	0.000839	0.000839	0.000839	0.000839	0.000839	0.000839	0.000839	0.000839	0.000839	0.000839	0.000839	0.000838	0.000838	0.000838	0.000838	0.000837	0.000837	0.000837	0.000836	0.000836	0.000836	0.000835	0.000835	0.000834	0.000834	0.000834	0.000833	0.000833	0.000833	0.000832	0.000832	0.000832	0.000831	0.000831	0.000831	0.000830	0.000830	0.000830	0.000829	0.000829	0.000828	0.000828	0.000828	0.000827	0.000827	0.000826	0.000826	0.000826	0.000826	0.000825	0.000825	0.000825	0.000825	0.000825	0.000825	0.000825	0.000825	0.000825	0.000825	0.000825	0.000825	0.000825	0.000825	0.000826	0.000826	0.000826	0.000826	0.000826	0.000827	0.000827	0.000827	0.000827	0.000827	0.000828	0.000828	0.000828	0.000828	0.000828	0.000828	0.000828	0.000828	0.000828	0.000828	0.000828	0.000828	0.000828	0.000828	0.000828	0.000828	0.000828	0.000828	0.000827	0.000827	0.000827	0.000827	0.000827	0.000826
-51.370204	-51.371486	-51.372049	-51.371872	-51.371189	-51.370195	-51.369076	-51.367894	-51.366599	-51.365336	-51.364113	-51.363053	-51.362328	-51.361930	-51.361916	-51.362258	-51.362920	-51.364294	-51.366862	-51.370752	-51.376096	-51.383063	-51.391448	-51.401203	-51.411940	-51.423309	-51.435143	-51.447321	-51.459581	-51.472299	-51.485266	-51.498538	-51.512251	-51.526643	-51.541717	-51.557230	-51.572572	-51.587793	-51.602926	-51.617809	-51.632270	-51.646182	-51.659455	-51.672078	-51.683854	-51.694502	-51.704105	-51.712639	-51.720103	-51.726488	-51.731931	-51.736510	-51.740301	-51.743349	-51.745512	-51.746762	-51.747318	-51.747388	-51.746977	-51.746093	-51.744830	-51.743267	-51.741410	-51.739337	-51.736975	-51.734432	-51.731673	-51.728386	-51.724659	-51.720627	-51.716102	-51.710930	-51.704997	-51.698336	-51.691044	-51.683125	-51.674387	-51.664647	-51.653719	-51.641701	-51.614943	-51.614943	-51.585248	-51.569689	-51.554121	-51.554121	-51.521976	-51.505538	-51.505538	-51.473846	-51.458972	-51.444872	-51.432066	-51.420972	-51.411484	-51.403283	-51.396221	-51.390171	-51.384935	-51.380651
Mean R	Std.Dev R
0.000831	5.075350E-6
Mean T	Std.Dev T
-51.551325	0.148256
1789080
R(V)	Theta
0.000821	0.000821	0.000821	0.000821	0.000821	0.000821	0.000821	0.000821	0.000821	0.000821	0.000821	0.000821	0.000821	0.000821	0.000821	0.000822	0.000822	0.000822	0.000822	0.000822	0.000822	0.000822	0.000823	0.000823	0.000823	0.000823	0.000823	0.000823	0.000823	0.000823	0.000823	0.000823	0.000823	0.000823	0.000823	0.000823	0.000823	0.000823	0.000823	0.000823	0.000823	0.000823	0.000823	0.000823	0.000823	0.000824	0.000824	0.000824	0.000824	0.000824	0.000824	0.000824	0.000823	0.000823	0.000823	0.000823	0.000823	0.000823	0.000823	0.000823	0.000823	0.000822	0.000822	0.000822	0.000822	0.000822	0.000822	0.000822	0.000822	0.000822	0.000822	0.000822	0.000822	0.000822	0.000822	0.000822	0.000822	0.000822	0.000823	0.000823	0.000823	0.000823	0.000824	0.000824	0.000824	0.000825	0.000825	0.000825	0.000826	0.000826	0.000827	0.000827	0.000828	0.000828	0.000828	0.000829	0.000829	0.000829	0.000830	0.000830
-51.288536	-51.285486	-51.283035	-51.281274	-51.280246	-51.280274	-51.281536	-51.284309	-51.288616	-51.294187	-51.300758	-51.308036	-51.315818	-51.323791	-51.331940	-51.340185	-51.348451	-51.356745	-51.365048	-51.373423	-51.381602	-51.389861	-51.398235	-51.406791	-51.415447	-51.423926	-51.432196	-51.440358	-51.448473	-51.456747	-51.465159	-51.473617	-51.482166	-51.490942	-51.499973	-51.509172	-51.518633	-51.528526	-51.538762	-51.549406	-51.560602	-51.572253	-51.584382	-51.596865	-51.609263	-51.621396	-51.633220	-51.644555	-51.655243	-51.664757	-51.673146	-51.680513	-51.686828	-51.692062	-51.696032	-51.698687	-51.699911	-51.699866	-51.698881	-51.696931	-51.693966	-51.690120	-51.685579	-51.680524	-51.675043	-51.669174	-51.662918	-51.656301	-51.649482	-51.642576	-51.635742	-51.628894	-51.622007	-51.615135	-51.608235	-51.601229	-51.594040	-51.586588	-51.578991	-51.571072	-51.562947	-51.554582	-51.545928	-51.536805	-51.527305	-51.517425	-51.506869	-51.495460	-51.483317	-51.470660	-51.457441	-51.443676	-51.429455	-51.414904	-51.399886	-51.384487	-51.368905	-51.353223	-51.337643	-51.322235
Mean R	Std.Dev R
0.000823	2.094698E-6
Mean T	Std.Dev T
-51.503878	0.137885
1788100
R(V)	Theta
0.000832	0.000831	0.000831	0.000831	0.000831	0.000831	0.000830	0.000830	0.000830	0.000829	0.000829	0.000829	0.000829	0.000828	0.000828	0.000828	0.000827	0.000827	0.000827	0.000827	0.000826	0.000826	0.000826	0.000826	0.000826	0.000826	0.000826	0.000826	0.000826	0.000826	0.000826	0.000826	0.000826	0.000826	0.000827	0.000827	0.000827	0.000827	0.000828	0.000828	0.000828	0.000829	0.000829	0.000829	0.000829	0.000830	0.000830	0.000831	0.000831	0.000831	0.000832	0.000832	0.000832	0.000832	0.000833	0.000833	0.000833	0.000833	0.000834	0.000834	0.000834	0.000834	0.000834	0.000834	0.000834	0.000834	0.000834	0.000834	0.000834	0.000833	0.000833	0.000833	0.000833	0.000833	0.000832	0.000832	0.000832	0.000831	0.000831	0.000831	0.000831	0.000830	0.000830	0.000830	0.000830	0.000830	0.000829	0.000829	0.000829	0.000829	0.000829	0.000829	0.000829	0.000829	0.000829	0.000828	0.000828	0.000828	0.000828	0.000828
-51.232411	-51.239446	-51.246547	-51.253615	-51.260647	-51.267616	-51.274410	-51.281135	-51.287799	-51.294437	-51.301116	-51.307893	-51.314757	-51.321372	-51.328067	-51.334842	-51.341671	-51.348580	-51.355586	-51.362665	-51.369678	-51.376785	-51.384027	-51.391451	-51.398878	-51.406399	-51.414147	-51.421889	-51.429678	-51.437376	-51.444852	-51.451910	-51.458659	-51.465050	-51.470899	-51.476109	-51.480538	-51.484131	-51.486923	-51.488819	-51.489594	-51.488996	-51.487006	-51.483454	-51.478415	-51.471854	-51.463742	-51.454254	-51.443914	-51.432974	-51.421648	-51.409909	-51.397906	-51.385640	-51.373157	-51.360587	-51.347880	-51.335182	-51.322748	-51.310709	-51.299085	-51.287873	-51.277301	-51.267338	-51.257817	-51.248744	-51.240175	-51.232222	-51.224854	-51.217879	-51.211372	-51.205164	-51.199432	-51.194252	-51.189675	-51.185711	-51.182562	-51.180388	-51.179429	-51.179854	-51.181540	-51.184293	-51.188018	-51.192641	-51.197950	-51.204005	-51.210962	-51.218684	-51.226745	-51.235138	-51.243983	-51.253339	-51.263322	-51.273877	-51.284611	-51.295272	-51.305815	-51.316099	-51.326039	-51.335217
Mean R	Std.Dev R
0.000830	2.556507E-6
Mean T	Std.Dev T
-51.324511	0.099253
1787890
R(V)	Theta
0.000826	0.000826	0.000825	0.000825	0.000825	0.000824	0.000824	0.000824	0.000823	0.000823	0.000823	0.000822	0.000822	0.000822	0.000821	0.000821	0.000821	0.000820	0.000820	0.000820	0.000820	0.000819	0.000819	0.000819	0.000819	0.000818	0.000818	0.000818	0.000818	0.000818	0.000818	0.000817	0.000817	0.000817	0.000817	0.000817	0.000817	0.000817	0.000817	0.000817	0.000817	0.000818	0.000818	0.000818	0.000818	0.000818	0.000818	0.000818	0.000819	0.000819	0.000819	0.000819	0.000819	0.000820	0.000820	0.000820	0.000820	0.000820	0.000820	0.000821	0.000821	0.000821	0.000821	0.000821	0.000822	0.000822	0.000822	0.000822	0.000823	0.000823	0.000823	0.000823	0.000823	0.000823	0.000823	0.000824	0.000824	0.000824	0.000823	0.000823	0.000823	0.000823	0.000823	0.000822	0.000822	0.000822	0.000821	0.000821	0.000821	0.000820	0.000820	0.000820	0.000819	0.000819	0.000819	0.000818	0.000818	0.000818	0.000817	0.000817
-51.448447	-51.450835	-51.453406	-51.456101	-51.459081	-51.462051	-51.464891	-51.467503	-51.469752	-51.471517	-51.472864	-51.473799	-51.474285	-51.474361	-51.474180	-51.473834	-51.473179	-51.471997	-51.470339	-51.468306	-51.466079	-51.463523	-51.460669	-51.457728	-51.454750	-51.451959	-51.449184	-51.446387	-51.443696	-51.441074	-51.438438	-51.435693	-51.432542	-51.429012	-51.425383	-51.421994	-51.419144	-51.416898	-51.415426	-51.414564	-51.414061	-51.413825	-51.413884	-51.414283	-51.415246	-51.416875	-51.419015	-51.421488	-51.424155	-51.426780	-51.429203	-51.431255	-51.432924	-51.434215	-51.435387	-51.436422	-51.437433	-51.438672	-51.440229	-51.442101	-51.444182	-51.446604	-51.449427	-51.452728	-51.456471	-51.460628	-51.465231	-51.470401	-51.476316	-51.483150	-51.490889	-51.499440	-51.508769	-51.518724	-51.529239	-51.540304	-51.551878	-51.563964	-51.576586	-51.589365	-51.601926	-51.614083	-51.625709	-51.636651	-51.646771	-51.655969	-51.664365	-51.672066	-51.678922	-51.684651	-51.689270	-51.692603	-51.694758	-51.695785	-51.695886	-51.695196	-51.693874	-51.692010	-51.689836	-51.687482
Mean R	Std.Dev R
0.000820	2.411846E-6
Mean T	Std.Dev T
-51.500344	0.092689
1787755
R(V)	Theta
0.000813	0.000813	0.000812	0.000812	0.000812	0.000812	0.000812	0.000812	0.000812	0.000812	0.000812	0.000812	0.000812	0.000812	0.000812	0.000812	0.000813	0.000813	0.000813	0.000814	0.000814	0.000814	0.000815	0.000815	0.000816	0.000816	0.000817	0.000817	0.000817	0.000818	0.000818	0.000818	0.000819	0.000819	0.000819	0.000819	0.000820	0.000820	0.000820	0.000820	0.000820	0.000820	0.000820	0.000820	0.000820	0.000820	0.000820	0.000820	0.000820	0.000819	0.000819	0.000819	0.000819	0.000819	0.000819	0.000818	0.000818	0.000818	0.000818	0.000818	0.000818	0.000818	0.000817	0.000817	0.000817	0.000817	0.000817	0.000817	0.000817	0.000817	0.000816	0.000816	0.000816	0.000816	0.000816	0.000816	0.000816	0.000816	0.000816	0.000816	0.000816	0.000816	0.000816	0.000816	0.000816	0.000816	0.000816	0.000817	0.000817	0.000817	0.000817	0.000817	0.000817	0.000818	0.000818	0.000818	0.000819	0.000819	0.000819	0.000819
-51.537929	-51.529081	-51.520420	-51.512147	-51.497384	-51.491280	-51.491280	-51.481312	-51.477296	-51.473934	-51.471411	-51.469773	-51.469297	-51.470045	-51.472065	-51.475406	-51.480058	-51.485931	-51.493049	-51.501393	-51.510856	-51.521024	-51.531549	-51.542278	-51.553180	-51.564620	-51.576346	-51.588273	-51.600155	-51.611723	-51.622474	-51.632168	-51.640749	-51.648307	-51.654654	-51.659744	-51.663492	-51.666127	-51.667642	-51.668021	-51.667187	-51.665172	-51.661976	-51.657581	-51.651993	-51.645358	-51.637716	-51.629132	-51.619595	-51.609338	-51.598404	-51.586814	-51.574613	-51.561985	-51.548739	-51.535447	-51.522074	-51.508850	-51.495810	-51.482922	-51.470313	-51.458062	-51.445870	-51.433611	-51.421644	-51.410354	-51.399807	-51.389852	-51.380374	-51.371370	-51.363055	-51.355525	-51.348826	-51.342820	-51.337520	-51.332958	-51.329233	-51.326221	-51.323805	-51.322132	-51.321215	-51.321071	-51.321798	-51.323251	-51.325294	-51.327910	-51.331360	-51.335692	-51.340948	-51.347260	-51.354786	-51.363489	-51.373151	-51.383487	-51.394455	-51.405906	-51.417655	-51.429400	-51.440941	-51.452167
Mean R	Std.Dev R
0.000817	2.565707E-6
Mean T	Std.Dev T
-51.486592	0.112609
1787596
R(V)	Theta
0.000817	0.000817	0.000817	0.000816	0.000816	0.000816	0.000816	0.000816	0.000816	0.000816	0.000815	0.000815	0.000815	0.000815	0.000815	0.000815	0.000815	0.000815	0.000815	0.000816	0.000816	0.000816	0.000816	0.000816	0.000817	0.000817	0.000817	0.000818	0.000818	0.000818	0.000819	0.000819	0.000819	0.000820	0.000820	0.000820	0.000821	0.000821	0.000821	0.000822	0.000822	0.000822	0.000823	0.000823	0.000823	0.000823	0.000823	0.000824	0.000824	0.000824	0.000824	0.000824	0.000824	0.000824	0.000823	0.000823	0.000823	0.000823	0.000823	0.000823	0.000823	0.000822	0.000822	0.000822	0.000822	0.000822	0.000822	0.000821	0.000821	0.000821	0.000821	0.000821	0.000821	0.000821	0.000821	0.000821	0.000821	0.000821	0.000821	0.000821	0.000821	0.000820	0.000820	0.000820	0.000820	0.000820	0.000820	0.000820	0.000820	0.000820	0.000820	0.000820	0.000820	0.000820	0.000820	0.000820	0.000820	0.000820	0.000820	0.000821
-51.454841	-51.450293	-51.446513	-51.441564	-51.440194	-51.439467	-51.439379	-51.439950	-51.440995	-51.442152	-51.443114	-51.443709	-51.443741	-51.443114	-51.441806	-51.439806	-51.437212	-51.434169	-51.430824	-51.427324	-51.423697	-51.419814	-51.415803	-51.411656	-51.407373	-51.403021	-51.398745	-51.394678	-51.390934	-51.387829	-51.385622	-51.384276	-51.383863	-51.384607	-51.386903	-51.390853	-51.396495	-51.403769	-51.412595	-51.422817	-51.434106	-51.446671	-51.460746	-51.476052	-51.492311	-51.509161	-51.526741	-51.544371	-51.562073	-51.579649	-51.596861	-51.613419	-51.628983	-51.643142	-51.655767	-51.666892	-51.676435	-51.684198	-51.690007	-51.693718	-51.695414	-51.695210	-51.693541	-51.690416	-51.685759	-51.679704	-51.672279	-51.663419	-51.653185	-51.641809	-51.629346	-51.616047	-51.602103	-51.587823	-51.573283	-51.558317	-51.543436	-51.528398	-51.513132	-51.497516	-51.481538	-51.464991	-51.447870	-51.430085	-51.411898	-51.393521	-51.374912	-51.356329	-51.338297	-51.320916	-51.304257	-51.288568	-51.274115	-51.260979	-51.249251	-51.238920	-51.230028	-51.222422	-51.216011	-51.210965
Mean R	Std.Dev R
0.000820	2.712322E-6
Mean T	Std.Dev T
-51.473428	0.127547
1786678
R(V)	Theta
0.000818	0.000818	0.000818	0.000818	0.000817	0.000817	0.000817	0.000817	0.000817	0.000817	0.000817	0.000817	0.000818	0.000818	0.000818	0.000819	0.000819	0.000819	0.000820	0.000820	0.000821	0.000822	0.000822	0.000823	0.000824	0.000824	0.000824	0.000826	0.000826	0.000826	0.000828	0.000828	0.000828	0.000830	0.000830	0.000830	0.000832	0.000832	0.000833	0.000833	0.000834	0.000834	0.000835	0.000835	0.000835	0.000836	0.000836	0.000836	0.000837	0.000837	0.000837	0.000837	0.000837	0.000837	0.000837	0.000837	0.000837	0.000837	0.000837	0.000837	0.000837	0.000837	0.000836	0.000836	0.000836	0.000836	0.000835	0.000835	0.000835	0.000834	0.000834	0.000834	0.000833	0.000833	0.000833	0.000832	0.000832	0.000832	0.000831	0.000831	0.000830	0.000830	0.000829	0.000829	0.000828	0.000828	0.000827	0.000827	0.000826	0.000825	0.000825	0.000824	0.000824	0.000823	0.000822	0.000822	0.000821	0.000821	0.000820	0.000819
-51.448576	-51.465369	-51.480863	-51.494948	-51.507452	-51.518065	-51.526845	-51.533929	-51.539322	-51.542966	-51.544892	-51.545363	-51.544517	-51.542434	-51.539281	-51.534917	-51.529465	-51.522926	-51.506516	-51.506516	-51.496808	-51.474405	-51.474405	-51.461599	-51.432512	-51.416611	-51.416611	-51.383402	-51.366627	-51.366627	-51.333121	-51.316717	-51.316717	-51.284274	-51.268049	-51.268049	-51.235359	-51.218811	-51.202429	-51.186101	-51.170448	-51.155239	-51.140526	-51.126295	-51.112560	-51.099563	-51.087696	-51.077091	-51.067650	-51.059451	-51.052647	-51.047336	-51.043499	-51.041062	-51.039856	-51.039688	-51.040336	-51.041660	-51.043564	-51.046045	-51.049375	-51.053522	-51.058592	-51.064690	-51.071751	-51.079529	-51.087965	-51.097197	-51.106876	-51.117027	-51.127556	-51.138430	-51.149467	-51.160738	-51.172174	-51.183746	-51.195272	-51.206844	-51.218501	-51.230150	-51.241818	-51.253509	-51.265327	-51.277365	-51.289578	-51.301954	-51.314424	-51.327067	-51.339956	-51.352734	-51.365668	-51.378644	-51.391542	-51.404341	-51.417091	-51.429617	-51.441863	-51.453110	-51.463273	-51.472091
Mean R	Std.Dev R
0.000828	7.044249E-6
Mean T	Std.Dev T
-51.285770	0.175083
1786666
R(V)	Theta
0.000809	0.000808	0.000808	0.000808	0.000807	0.000807	0.000807	0.000807	0.000806	0.000806	0.000806	0.000806	0.000806	0.000806	0.000805	0.000805	0.000805	0.000805	0.000805	0.000805	0.000805	0.000805	0.000805	0.000806	0.000806	0.000806	0.000806	0.000807	0.000807	0.000807	0.000808	0.000808	0.000809	0.000809	0.000809	0.000810	0.000810	0.000810	0.000811	0.000811	0.000811	0.000811	0.000812	0.000812	0.000812	0.000812	0.000812	0.000812	0.000812	0.000812	0.000812	0.000812	0.000812	0.000812	0.000812	0.000811	0.000811	0.000811	0.000810	0.000810	0.000809	0.000809	0.000809	0.000809	0.000808	0.000808	0.000808	0.000807	0.000807	0.000807	0.000806	0.000806	0.000806	0.000806	0.000805	0.000805	0.000805	0.000805	0.000805	0.000805	0.000805	0.000805	0.000805	0.000805	0.000805	0.000805	0.000805	0.000805	0.000805	0.000805	0.000805	0.000805	0.000805	0.000805	0.000805	0.000805	0.000805	0.000805	0.000805	0.000805
-51.383182	-51.376567	-51.370367	-51.364546	-51.358992	-51.354140	-51.349872	-51.346143	-51.342840	-51.339944	-51.337582	-51.335615	-51.333626	-51.331432	-51.328759	-51.325494	-51.321577	-51.316915	-51.311463	-51.305427	-51.298899	-51.291884	-51.284318	-51.276136	-51.267583	-51.259136	-51.251362	-51.244490	-51.238729	-51.234230	-51.231016	-51.229106	-51.228669	-51.229639	-51.231871	-51.235144	-51.239331	-51.244328	-51.250014	-51.256255	-51.263238	-51.270954	-51.279377	-51.288391	-51.297880	-51.307801	-51.318192	-51.329210	-51.341039	-51.353789	-51.367546	-51.382221	-51.397596	-51.413629	-51.430252	-51.447223	-51.464333	-51.481645	-51.516570	-51.533995	-51.551678	-51.568948	-51.586199	-51.586199	-51.620889	-51.638153	-51.638153	-51.672260	-51.688888	-51.688888	-51.721371	-51.737045	-51.752317	-51.767155	-51.781320	-51.794687	-51.807276	-51.818914	-51.818914	-51.839611	-51.848737	-51.857030	-51.864422	-51.870757	-51.875854	-51.879635	-51.882023	-51.883134	-51.883057	-51.882008	-51.880041	-51.877014	-51.872862	-51.867651	-51.861595	-51.854765	-51.847201	-51.838961	-51.830310	-51.821309
Mean R	Std.Dev R
0.000808	2.503483E-6
Mean T	Std.Dev T
-51.506987	0.243138
1785712
R(V)	Theta
0.000808	0.000808	0.000808	0.000808	0.000809	0.000809	0.000809	0.000809	0.000810	0.000810	0.000810	0.000810	0.000811	0.000811	0.000811	0.000811	0.000811	0.000811	0.000812	0.000812	0.000812	0.000812	0.000812	0.000812	0.000812	0.000813	0.000813	0.000813	0.000813	0.000813	0.000814	0.000814	0.000814	0.000814	0.000814	0.000815	0.000815	0.000815	0.000815	0.000815	0.000816	0.000816	0.000816	0.000816	0.000816	0.000817	0.000817	0.000817	0.000817	0.000818	0.000818	0.000818	0.000818	0.000818	0.000819	0.000819	0.000819	0.000819	0.000819	0.000819	0.000820	0.000820	0.000820	0.000820	0.000821	0.000821	0.000821	0.000821	0.000822	0.000822	0.000823	0.000823	0.000823	0.000824	0.000824	0.000825	0.000825	0.000826	0.000826	0.000826	0.000827	0.000827	0.000827	0.000828	0.000828	0.000828	0.000829	0.000829	0.000829	0.000829	0.000829	0.000829	0.000830	0.000830	0.000830	0.000830	0.000830	0.000830	0.000831	0.000831
-51.561305	-51.546905	-51.532310	-51.517503	-51.502757	-51.488242	-51.474275	-51.461091	-51.448866	-51.437824	-51.428117	-51.419926	-51.413429	-51.408526	-51.405131	-51.403308	-51.402999	-51.404145	-51.406445	-51.409721	-51.413817	-51.418703	-51.424279	-51.430413	-51.437231	-51.444904	-51.453153	-51.462218	-51.472187	-51.483029	-51.494619	-51.506651	-51.519060	-51.531625	-51.544419	-51.557406	-51.570451	-51.583369	-51.596178	-51.608984	-51.621709	-51.634263	-51.646881	-51.659612	-51.672363	-51.685146	-51.697938	-51.710870	-51.724030	-51.737419	-51.750960	-51.764800	-51.779140	-51.794258	-51.809618	-51.825169	-51.840746	-51.856190	-51.871411	-51.886296	-51.901027	-51.915174	-51.928388	-51.940740	-51.952108	-51.962236	-51.970994	-51.978457	-51.984593	-51.989497	-51.993312	-51.996074	-51.997919	-51.998979	-51.999296	-51.998653	-51.997075	-51.994789	-51.992096	-51.989049	-51.985747	-51.982241	-51.978265	-51.973983	-51.969229	-51.964120	-51.958821	-51.953355	-51.947430	-51.940894	-51.933931	-51.926551	-51.910392	-51.910392	-51.891807	-51.881219	-51.869646	-51.857060	-51.843445	-51.828861
Mean R	Std.Dev R
0.000819	6.960540E-6
Mean T	Std.Dev T
-51.719822	0.222036
1785577
R(V)	Theta
0.000835	0.000835	0.000836	0.000836	0.000836	0.000836	0.000835	0.000835	0.000835	0.000835	0.000835	0.000835	0.000835	0.000834	0.000834	0.000834	0.000834	0.000833	0.000833	0.000833	0.000833	0.000832	0.000832	0.000832	0.000831	0.000831	0.000831	0.000831	0.000830	0.000830	0.000830	0.000830	0.000830	0.000829	0.000829	0.000829	0.000829	0.000829	0.000829	0.000829	0.000829	0.000828	0.000828	0.000828	0.000828	0.000828	0.000828	0.000828	0.000828	0.000828	0.000828	0.000828	0.000828	0.000828	0.000828	0.000828	0.000829	0.000829	0.000829	0.000829	0.000829	0.000830	0.000830	0.000830	0.000831	0.000831	0.000831	0.000832	0.000832	0.000832	0.000833	0.000833	0.000834	0.000834	0.000834	0.000835	0.000835	0.000835	0.000835	0.000836	0.000836	0.000836	0.000836	0.000836	0.000836	0.000835	0.000835	0.000835	0.000835	0.000835	0.000834	0.000834	0.000834	0.000833	0.000833	0.000833	0.000832	0.000832	0.000832	0.000831
-51.396667	-51.381603	-51.367846	-51.355341	-51.343966	-51.333624	-51.324317	-51.315883	-51.308359	-51.301727	-51.295826	-51.290391	-51.285336	-51.280778	-51.276765	-51.273146	-51.269829	-51.266779	-51.264040	-51.261547	-51.259163	-51.256857	-51.254515	-51.251951	-51.249295	-51.246724	-51.244254	-51.241954	-51.239874	-51.237949	-51.236363	-51.235112	-51.234277	-51.233951	-51.234228	-51.234812	-51.235596	-51.236671	-51.238178	-51.240309	-51.242897	-51.245962	-51.249363	-51.253087	-51.257237	-51.261529	-51.265804	-51.269587	-51.272825	-51.275524	-51.277982	-51.280141	-51.281868	-51.282993	-51.283449	-51.283451	-51.283024	-51.282091	-51.280850	-51.279354	-51.277856	-51.276808	-51.276562	-51.277195	-51.278692	-51.281156	-51.284637	-51.289018	-51.294394	-51.300635	-51.307672	-51.315642	-51.334502	-51.334502	-51.345922	-51.371811	-51.386685	-51.402976	-51.420236	-51.438493	-51.457855	-51.478312	-51.499768	-51.522097	-51.545070	-51.568685	-51.592673	-51.616672	-51.640470	-51.663845	-51.686762	-51.709106	-51.730885	-51.751842	-51.771692	-51.790579	-51.808462	-51.825373	-51.841465	-51.856876
Mean R	Std.Dev R
0.000832	2.736079E-6
Mean T	Std.Dev T
-51.362987	0.168545
1785540
R(V)	Theta
0.000825	0.000825	0.000824	0.000824	0.000824	0.000824	0.000823	0.000823	0.000823	0.000822	0.000822	0.000822	0.000821	0.000821	0.000821	0.000820	0.000820	0.000820	0.000819	0.000819	0.000818	0.000818	0.000817	0.000817	0.000817	0.000816	0.000816	0.000815	0.000815	0.000815	0.000815	0.000814	0.000814	0.000814	0.000814	0.000814	0.000814	0.000814	0.000813	0.000813	0.000813	0.000813	0.000813	0.000813	0.000813	0.000813	0.000813	0.000813	0.000813	0.000813	0.000813	0.000814	0.000814	0.000814	0.000814	0.000814	0.000814	0.000815	0.000815	0.000815	0.000815	0.000815	0.000815	0.000815	0.000816	0.000816	0.000816	0.000816	0.000816	0.000816	0.000816	0.000816	0.000816	0.000816	0.000816	0.000816	0.000815	0.000815	0.000815	0.000815	0.000814	0.000814	0.000814	0.000813	0.000813	0.000813	0.000813	0.000812	0.000812	0.000812	0.000811	0.000811	0.000811	0.000811	0.000810	0.000810	0.000810	0.000810	0.000810	0.000810
-51.948275	-51.940048	-51.930844	-51.920402	-51.908874	-51.896427	-51.883438	-51.870309	-51.857145	-51.843942	-51.831319	-51.819296	-51.808148	-51.797979	-51.788919	-51.781025	-51.774188	-51.768393	-51.763564	-51.759466	-51.756011	-51.753187	-51.750978	-51.749209	-51.747852	-51.746718	-51.745761	-51.744866	-51.743813	-51.742549	-51.741010	-51.739339	-51.737471	-51.735311	-51.732778	-51.729789	-51.726382	-51.722326	-51.717600	-51.712641	-51.707426	-51.701972	-51.696034	-51.689598	-51.682775	-51.675414	-51.667504	-51.659094	-51.650252	-51.640914	-51.631132	-51.621039	-51.610784	-51.600646	-51.590903	-51.581856	-51.573475	-51.565456	-51.557916	-51.551035	-51.545025	-51.539820	-51.535353	-51.531423	-51.527709	-51.524408	-51.521435	-51.518887	-51.516847	-51.515088	-51.512350	-51.511323	-51.511323	-51.509508	-51.508703	-51.508703	-51.507620	-51.507632	-51.508404	-51.510041	-51.512557	-51.515945	-51.520015	-51.524621	-51.529678	-51.535318	-51.541820	-51.549252	-51.557228	-51.565328	-51.573078	-51.580360	-51.587039	-51.593347	-51.599349	-51.604710	-51.609469	-51.613584	-51.617038	-51.619920
Mean R	Std.Dev R
0.000816	3.760379E-6
Mean T	Std.Dev T
-51.660441	0.125198
1784863
R(V)	Theta
0.000820	0.000821	0.000822	0.000822	0.000823	0.000824	0.000825	0.000826	0.000826	0.000827	0.000828	0.000829	0.000829	0.000830	0.000831	0.000832	0.000832	0.000833	0.000834	0.000835	0.000835	0.000836	0.000836	0.000837	0.000838	0.000838	0.000839	0.000839	0.000839	0.000840	0.000840	0.000840	0.000841	0.000841	0.000841	0.000841	0.000841	0.000841	0.000841	0.000841	0.000841	0.000840	0.000840	0.000840	0.000840	0.000839	0.000839	0.000839	0.000839	0.000838	0.000838	0.000838	0.000837	0.000837	0.000837	0.000837	0.000836	0.000836	0.000836	0.000836	0.000836	0.000836	0.000836	0.000836	0.000835	0.000835	0.000835	0.000835	0.000835	0.000835	0.000835	0.000835	0.000835	0.000835	0.000835	0.000835	0.000835	0.000835	0.000834	0.000834	0.000834	0.000834	0.000833	0.000833	0.000833	0.000832	0.000832	0.000832	0.000832	0.000831	0.000831	0.000831	0.000831	0.000830	0.000830	0.000830	0.000830	0.000830	0.000829	0.000829
-51.583389	-51.586824	-51.591417	-51.596949	-51.603297	-51.609989	-51.616799	-51.623775	-51.631241	-51.639250	-51.647766	-51.656433	-51.665057	-51.673434	-51.681411	-51.688646	-51.694942	-51.700316	-51.704694	-51.708177	-51.710900	-51.712942	-51.714537	-51.715843	-51.717008	-51.718343	-51.720069	-51.722304	-51.725054	-51.728359	-51.732369	-51.737065	-51.742635	-51.749052	-51.756338	-51.764358	-51.773161	-51.782876	-51.793433	-51.804815	-51.816904	-51.829390	-51.842051	-51.854555	-51.866933	-51.879085	-51.890905	-51.902324	-51.913246	-51.923568	-51.932964	-51.941338	-51.948640	-51.954855	-51.960146	-51.964521	-51.967918	-51.970373	-51.972094	-51.973361	-51.974336	-51.974800	-51.974708	-51.973985	-51.972450	-51.970051	-51.966763	-51.962994	-51.959196	-51.955610	-51.952262	-51.948987	-51.945599	-51.941816	-51.937479	-51.932430	-51.926637	-51.920207	-51.913237	-51.905776	-51.898013	-51.890126	-51.882010	-51.873538	-51.864460	-51.854705	-51.844261	-51.833152	-51.821387	-51.809371	-51.796716	-51.783346	-51.769505	-51.755308	-51.740906	-51.726395	-51.711610	-51.696606	-51.681720	-51.667017
Mean R	Std.Dev R
0.000834	4.984245E-6
Mean T	Std.Dev T
-51.809399	0.121935
1784926
R(V)	Theta
0.000827	0.000827	0.000826	0.000826	0.000826	0.000825	0.000825	0.000825	0.000824	0.000824	0.000823	0.000823	0.000822	0.000822	0.000822	0.000821	0.000821	0.000820	0.000820	0.000819	0.000819	0.000818	0.000818	0.000818	0.000817	0.000817	0.000816	0.000816	0.000816	0.000815	0.000815	0.000815	0.000815	0.000814	0.000814	0.000814	0.000814	0.000814	0.000814	0.000814	0.000813	0.000813	0.000813	0.000813	0.000813	0.000813	0.000813	0.000813	0.000812	0.000812	0.000812	0.000812	0.000811	0.000811	0.000811	0.000810	0.000810	0.000810	0.000809	0.000809	0.000808	0.000808	0.000808	0.000807	0.000807	0.000806	0.000806	0.000806	0.000805	0.000805	0.000805	0.000804	0.000804	0.000804	0.000804	0.000803	0.000803	0.000803	0.000803	0.000803	0.000803	0.000803	0.000803	0.000803	0.000803	0.000803	0.000803	0.000803	0.000803	0.000804	0.000804	0.000804	0.000804	0.000805	0.000805	0.000805	0.000805	0.000806	0.000806	0.000806
-51.346281	-51.334704	-51.323792	-51.313710	-51.304343	-51.295629	-51.287571	-51.280184	-51.273374	-51.267025	-51.261092	-51.255619	-51.250638	-51.246440	-51.243310	-51.241376	-51.240346	-51.240226	-51.240978	-51.242694	-51.245333	-51.248525	-51.251891	-51.255396	-51.258682	-51.261510	-51.263728	-51.265222	-51.266041	-51.266209	-51.265647	-51.264266	-51.261951	-51.258660	-51.254502	-51.249492	-51.243781	-51.237686	-51.231447	-51.225239	-51.219284	-51.213575	-51.208178	-51.203412	-51.199525	-51.196555	-51.194484	-51.193294	-51.193042	-51.193684	-51.195229	-51.197652	-51.200624	-51.203992	-51.207762	-51.211810	-51.216027	-51.220161	-51.223936	-51.227270	-51.230011	-51.232177	-51.233904	-51.235244	-51.236153	-51.236644	-51.236693	-51.236327	-51.235498	-51.234184	-51.232504	-51.230518	-51.228405	-51.226186	-51.223798	-51.221381	-51.218967	-51.216539	-51.214047	-51.211484	-51.208911	-51.206491	-51.204365	-51.202648	-51.201257	-51.200316	-51.199787	-51.199680	-51.199794	-51.199986	-51.200262	-51.200635	-51.200882	-51.201093	-51.201310	-51.201525	-51.201763	-51.201943	-51.202046	-51.202139
Mean R	Std.Dev R
0.000812	7.352665E-6
Mean T	Std.Dev T
-51.232915	0.032822
1783958
R(V)	Theta
0.000809	0.000809	0.000809	0.000809	0.000809	0.000809	0.000809	0.000809	0.000809	0.000809	0.000809	0.000809	0.000810	0.000810	0.000810	0.000810	0.000810	0.000810	0.000810	0.000810	0.000811	0.000811	0.000811	0.000811	0.000812	0.000812	0.000812	0.000812	0.000812	0.000812	0.000812	0.000812	0.000812	0.000812	0.000812	0.000812	0.000812	0.000812	0.000811	0.000811	0.000811	0.000810	0.000810	0.000810	0.000809	0.000809	0.000809	0.000809	0.000809	0.000808	0.000808	0.000808	0.000809	0.000809	0.000809	0.000809	0.000809	0.000810	0.000810	0.000810	0.000811	0.000811	0.000812	0.000812	0.000812	0.000813	0.000813	0.000813	0.000813	0.000814	0.000814	0.000814	0.000814	0.000814	0.000814	0.000814	0.000814	0.000814	0.000814	0.000814	0.000813	0.000813	0.000813	0.000813	0.000813	0.000813	0.000813	0.000812	0.000812	0.000812	0.000812	0.000812	0.000812	0.000811	0.000811	0.000811	0.000811	0.000811	0.000811	0.000811
-51.216631	-51.219123	-51.221696	-51.224294	-51.226825	-51.231700	-51.231700	-51.233848	-51.237186	-51.238807	-51.240381	-51.241864	-51.243145	-51.244121	-51.244805	-51.245291	-51.245487	-51.245368	-51.244835	-51.243851	-51.242295	-51.240233	-51.238239	-51.236554	-51.235148	-51.234004	-51.233190	-51.232926	-51.233213	-51.234106	-51.235788	-51.238115	-51.240925	-51.244038	-51.247416	-51.251223	-51.255427	-51.259556	-51.263484	-51.267069	-51.270114	-51.272395	-51.273847	-51.274364	-51.273918	-51.272799	-51.271123	-51.268909	-51.266156	-51.263010	-51.259371	-51.255026	-51.249583	-51.243028	-51.235738	-51.227951	-51.219972	-51.212527	-51.205940	-51.200274	-51.195546	-51.191790	-51.189095	-51.186990	-51.184907	-51.182597	-51.180095	-51.177840	-51.175532	-51.172957	-51.169836	-51.165725	-51.160499	-51.154307	-51.147639	-51.140631	-51.133543	-51.126542	-51.119791	-51.113401	-51.107550	-51.102382	-51.097916	-51.094067	-51.090790	-51.088017	-51.085801	-51.084088	-51.082905	-51.082542	-51.082984	-51.084308	-51.086580	-51.089520	-51.092900	-51.096989	-51.101618	-51.106639	-51.111874	-51.117403
Mean R	Std.Dev R
0.000811	1.669063E-6
Mean T	Std.Dev T
-51.197561	0.063119
1783855
R(V)	Theta
0.000812	0.000813	0.000813	0.000813	0.000813	0.000813	0.000813	0.000814	0.000814	0.000814	0.000814	0.000814	0.000814	0.000814	0.000814	0.000814	0.000814	0.000814	0.000814	0.000814	0.000814	0.000814	0.000814	0.000814	0.000814	0.000814	0.000814	0.000814	0.000814	0.000814	0.000814	0.000814	0.000814	0.000814	0.000814	0.000813	0.000813	0.000813	0.000813	0.000813	0.000813	0.000813	0.000813	0.000813	0.000813	0.000813	0.000813	0.000814	0.000814	0.000814	0.000814	0.000814	0.000815	0.000815	0.000815	0.000815	0.000816	0.000816	0.000816	0.000816	0.000816	0.000817	0.000817	0.000817	0.000817	0.000817	0.000818	0.000818	0.000818	0.000818	0.000819	0.000819	0.000819	0.000819	0.000819	0.000819	0.000820	0.000820	0.000820	0.000820	0.000820	0.000820	0.000820	0.000821	0.000821	0.000821	0.000821	0.000821	0.000821	0.000821	0.000821	0.000821	0.000821	0.000821	0.000821	0.000821	0.000821	0.000821	0.000821	0.000821
-51.239329	-51.242559	-51.245191	-51.247357	-51.249326	-51.251524	-51.254041	-51.257000	-51.260729	-51.265540	-51.271461	-51.278437	-51.286429	-51.295401	-51.305271	-51.315925	-51.327277	-51.339061	-51.351104	-51.363171	-51.375078	-51.386689	-51.397933	-51.408828	-51.419359	-51.429465	-51.439221	-51.448508	-51.457237	-51.465316	-51.472919	-51.480177	-51.487105	-51.493605	-51.499661	-51.505513	-51.510933	-51.515891	-51.520203	-51.523904	-51.526946	-51.529449	-51.531563	-51.533304	-51.534472	-51.535130	-51.535392	-51.535387	-51.535274	-51.535141	-51.534815	-51.534270	-51.533549	-51.532593	-51.531438	-51.530159	-51.528690	-51.526904	-51.524542	-51.521466	-51.517561	-51.512799	-51.507099	-51.493137	-51.493137	-51.485012	-51.467314	-51.458019	-51.448439	-51.438751	-51.429070	-51.419810	-51.411017	-51.402969	-51.395800	-51.389549	-51.384444	-51.380436	-51.377495	-51.375586	-51.374534	-51.374433	-51.375434	-51.377418	-51.380196	-51.383594	-51.387526	-51.391899	-51.396579	-51.401467	-51.406222	-51.410679	-51.414618	-51.417908	-51.420570	-51.422510	-51.423761	-51.424702	-51.425563	-51.426647
Mean R	Std.Dev R
0.000816	3.037238E-6
Mean T	Std.Dev T
-51.423379	0.089932
1783732
R(V)	Theta
0.000816	0.000816	0.000816	0.000816	0.000816	0.000816	0.000816	0.000816	0.000816	0.000816	0.000816	0.000816	0.000816	0.000816	0.000816	0.000817	0.000817	0.000817	0.000817	0.000818	0.000818	0.000818	0.000818	0.000819	0.000819	0.000819	0.000819	0.000820	0.000820	0.000820	0.000821	0.000821	0.000821	0.000821	0.000821	0.000822	0.000822	0.000822	0.000822	0.000822	0.000823	0.000823	0.000823	0.000823	0.000823	0.000824	0.000824	0.000824	0.000824	0.000824	0.000824	0.000824	0.000824	0.000824	0.000824	0.000824	0.000824	0.000824	0.000824	0.000824	0.000824	0.000824	0.000824	0.000824	0.000824	0.000824	0.000824	0.000824	0.000824	0.000824	0.000824	0.000824	0.000824	0.000824	0.000824	0.000824	0.000824	0.000824	0.000824	0.000824	0.000824	0.000823	0.000823	0.000823	0.000823	0.000823	0.000823	0.000822	0.000822	0.000822	0.000822	0.000821	0.000821	0.000821	0.000821	0.000821	0.000820	0.000820	0.000820	0.000820
-51.632848	-51.646505	-51.659516	-51.671965	-51.683766	-51.694830	-51.704843	-51.713719	-51.721538	-51.728160	-51.733596	-51.737863	-51.741211	-51.743770	-51.745612	-51.746885	-51.747724	-51.748342	-51.748723	-51.748815	-51.748706	-51.748224	-51.747344	-51.746196	-51.744675	-51.742543	-51.739706	-51.736329	-51.732611	-51.728607	-51.724112	-51.719148	-51.713927	-51.708679	-51.703332	-51.697931	-51.692727	-51.687735	-51.682940	-51.677969	-51.672477	-51.666320	-51.659448	-51.652113	-51.644510	-51.636549	-51.628316	-51.620068	-51.611828	-51.603583	-51.595109	-51.586541	-51.578019	-51.569711	-51.561583	-51.553629	-51.545836	-51.538179	-51.530655	-51.523497	-51.516482	-51.509642	-51.503153	-51.497165	-51.491641	-51.486309	-51.480824	-51.475127	-51.469157	-51.462789	-51.455963	-51.448616	-51.440647	-51.431963	-51.422642	-51.412847	-51.402694	-51.392319	-51.381898	-51.371767	-51.362085	-51.352975	-51.344567	-51.336834	-51.329698	-51.323293	-51.317579	-51.312535	-51.308644	-51.305842	-51.303845	-51.302590	-51.301900	-51.301395	-51.301068	-51.300862	-51.300690	-51.300640	-51.301027	-51.301897
Mean R	Std.Dev R
0.000821	2.972365E-6
Mean T	Std.Dev T
-51.560653	0.161478
1782696
R(V)	Theta
0.000812	0.000812	0.000811	0.000811	0.000811	0.000810	0.000810	0.000810	0.000809	0.000809	0.000809	0.000808	0.000808	0.000808	0.000807	0.000807	0.000807	0.000806	0.000806	0.000806	0.000805	0.000805	0.000805	0.000804	0.000804	0.000804	0.000803	0.000803	0.000803	0.000802	0.000802	0.000802	0.000801	0.000801	0.000801	0.000800	0.000800	0.000800	0.000800	0.000799	0.000799	0.000799	0.000799	0.000799	0.000799	0.000798	0.000798	0.000798	0.000798	0.000798	0.000798	0.000798	0.000798	0.000798	0.000797	0.000797	0.000797	0.000797	0.000797	0.000797	0.000797	0.000796	0.000796	0.000796	0.000796	0.000795	0.000795	0.000795	0.000794	0.000794	0.000794	0.000793	0.000793	0.000793	0.000793	0.000792	0.000792	0.000792	0.000792	0.000792	0.000792	0.000792	0.000793	0.000793	0.000793	0.000793	0.000793	0.000794	0.000794	0.000794	0.000794	0.000795	0.000795	0.000795	0.000795	0.000795	0.000795	0.000795	0.000795	0.000796
-51.538695	-51.554851	-51.571411	-51.588302	-51.605626	-51.623355	-51.641283	-51.659517	-51.678042	-51.696979	-51.716259	-51.735931	-51.756016	-51.776437	-51.797528	-51.819513	-51.842208	-51.865443	-51.889008	-51.912695	-51.936193	-51.959352	-51.982430	-52.004664	-52.026407	-52.047473	-52.067811	-52.087468	-52.106181	-52.123714	-52.140227	-52.155560	-52.169726	-52.182817	-52.194750	-52.205591	-52.215431	-52.224328	-52.232501	-52.239869	-52.246569	-52.252816	-52.258588	-52.263678	-52.268156	-52.272082	-52.275466	-52.278143	-52.280012	-52.280854	-52.280561	-52.279128	-52.276647	-52.273117	-52.268788	-52.263590	-52.257284	-52.249522	-52.240108	-52.229174	-52.216982	-52.203654	-52.189196	-52.173779	-52.157641	-52.141148	-52.124349	-52.107110	-52.089496	-52.071314	-52.052502	-52.032877	-52.012470	-51.991190	-51.969006	-51.946089	-51.922585	-51.898327	-51.873266	-51.846981	-51.820388	-51.793037	-51.765174	-51.737039	-51.708920	-51.681160	-51.653953	-51.627423	-51.601463	-51.576012	-51.551145	-51.526975	-51.503411	-51.480150	-51.457033	-51.433817	-51.410520	-51.387380	-51.364592	-51.342234
Mean R	Std.Dev R
0.000799	5.825403E-6
Mean T	Std.Dev T
-51.943077	0.281135
1782451
R(V)	Theta
0.000800	0.000800	0.000800	0.000801	0.000801	0.000801	0.000802	0.000802	0.000802	0.000803	0.000803	0.000804	0.000804	0.000806	0.000806	0.000806	0.000808	0.000808	0.000809	0.000810	0.000811	0.000811	0.000812	0.000813	0.000813	0.000814	0.000814	0.000815	0.000815	0.000816	0.000816	0.000817	0.000817	0.000817	0.000817	0.000817	0.000817	0.000817	0.000817	0.000817	0.000817	0.000817	0.000817	0.000817	0.000817	0.000817	0.000816	0.000816	0.000816	0.000816	0.000816	0.000815	0.000815	0.000815	0.000815	0.000815	0.000814	0.000814	0.000814	0.000814	0.000813	0.000813	0.000813	0.000812	0.000812	0.000811	0.000811	0.000811	0.000810	0.000810	0.000809	0.000809	0.000808	0.000808	0.000807	0.000807	0.000806	0.000806	0.000806	0.000805	0.000805	0.000804	0.000804	0.000804	0.000804	0.000804	0.000803	0.000803	0.000803	0.000803	0.000803	0.000803	0.000803	0.000803	0.000803	0.000803	0.000803	0.000804	0.000804	0.000804
-51.147827	-51.152114	-51.157529	-51.163753	-51.170767	-51.178667	-51.187477	-51.197080	-51.207392	-51.218372	-51.229655	-51.240952	-51.251850	-51.272734	-51.272734	-51.282885	-51.303248	-51.313469	-51.323853	-51.334362	-51.344946	-51.355425	-51.365581	-51.375508	-51.385330	-51.395032	-51.404707	-51.414379	-51.424259	-51.434386	-51.444737	-51.455402	-51.466249	-51.477129	-51.488090	-51.498914	-51.509583	-51.520195	-51.530703	-51.540971	-51.550809	-51.560111	-51.568666	-51.576568	-51.583654	-51.590131	-51.596119	-51.601813	-51.607387	-51.613194	-51.619488	-51.626224	-51.633320	-51.640578	-51.647855	-51.654872	-51.661615	-51.668126	-51.674293	-51.679975	-51.685296	-51.690360	-51.695138	-51.699575	-51.703459	-51.706683	-51.709088	-51.710702	-51.711615	-51.711873	-51.711209	-51.709692	-51.707272	-51.703982	-51.699846	-51.694825	-51.689020	-51.682468	-51.675151	-51.667500	-51.659513	-51.651001	-51.642350	-51.633697	-51.624942	-51.616182	-51.607365	-51.598750	-51.590435	-51.582518	-51.575216	-51.568654	-51.562827	-51.557383	-51.552442	-51.548164	-51.544794	-51.542540	-51.541424	-51.541475
Mean R	Std.Dev R
0.000810	5.690499E-6
Mean T	Std.Dev T
-51.514995	0.171731
1782301
R(V)	Theta
0.000810	0.000810	0.000810	0.000810	0.000810	0.000811	0.000811	0.000811	0.000811	0.000811	0.000812	0.000812	0.000812	0.000812	0.000812	0.000812	0.000813	0.000813	0.000813	0.000813	0.000813	0.000813	0.000813	0.000813	0.000814	0.000814	0.000814	0.000814	0.000814	0.000814	0.000814	0.000814	0.000814	0.000814	0.000814	0.000813	0.000813	0.000813	0.000813	0.000813	0.000813	0.000813	0.000812	0.000812	0.000812	0.000812	0.000812	0.000811	0.000811	0.000811	0.000811	0.000811	0.000811	0.000811	0.000811	0.000811	0.000811	0.000811	0.000811	0.000811	0.000811	0.000811	0.000811	0.000811	0.000811	0.000811	0.000811	0.000811	0.000812	0.000812	0.000812	0.000812	0.000812	0.000812	0.000812	0.000812	0.000812	0.000812	0.000813	0.000813	0.000813	0.000813	0.000813	0.000813	0.000813	0.000813	0.000813	0.000813	0.000813	0.000813	0.000813	0.000814	0.000814	0.000814	0.000814	0.000814	0.000814	0.000815	0.000815	0.000815
-51.532032	-51.524510	-51.516385	-51.507928	-51.499184	-51.490037	-51.480462	-51.470339	-51.459625	-51.448945	-51.438439	-51.428397	-51.418891	-51.410000	-51.402119	-51.395538	-51.390168	-51.385892	-51.382564	-51.379909	-51.377713	-51.375849	-51.374122	-51.372447	-51.371001	-51.369848	-51.368792	-51.367897	-51.367543	-51.368045	-51.369144	-51.370558	-51.372393	-51.374798	-51.377935	-51.381824	-51.386376	-51.391561	-51.397467	-51.404213	-51.411669	-51.419570	-51.427875	-51.436749	-51.446306	-51.456380	-51.466920	-51.488980	-51.500417	-51.500417	-51.523172	-51.533787	-51.543600	-51.552719	-51.561291	-51.569441	-51.577402	-51.585358	-51.593434	-51.601639	-51.609882	-51.618112	-51.626457	-51.635189	-51.644515	-51.654038	-51.663926	-51.674019	-51.684246	-51.694473	-51.704762	-51.715133	-51.725415	-51.735391	-51.745111	-51.754812	-51.764443	-51.774023	-51.783515	-51.792783	-51.802003	-51.811340	-51.820816	-51.830216	-51.839166	-51.847202	-51.854153	-51.859815	-51.864063	-51.866805	-51.868174	-51.868328	-51.867312	-51.865003	-51.861583	-51.857139	-51.851514	-51.844789	-51.837094	-51.828682
Mean R	Std.Dev R
0.000812	1.192729E-6
Mean T	Std.Dev T
-51.576435	0.179394
1782112
R(V)	Theta
0.000812	0.000812	0.000812	0.000811	0.000811	0.000811	0.000810	0.000810	0.000810	0.000810	0.000809	0.000809	0.000809	0.000809	0.000808	0.000808	0.000808	0.000807	0.000807	0.000807	0.000806	0.000806	0.000806	0.000805	0.000805	0.000804	0.000804	0.000804	0.000803	0.000803	0.000803	0.000802	0.000802	0.000802	0.000802	0.000802	0.000802	0.000801	0.000801	0.000802	0.000802	0.000802	0.000802	0.000802	0.000803	0.000803	0.000803	0.000804	0.000804	0.000805	0.000805	0.000806	0.000806	0.000807	0.000807	0.000808	0.000808	0.000809	0.000809	0.000810	0.000810	0.000811	0.000811	0.000812	0.000812	0.000812	0.000813	0.000813	0.000813	0.000813	0.000814	0.000814	0.000814	0.000814	0.000814	0.000814	0.000814	0.000814	0.000814	0.000814	0.000814	0.000814	0.000814	0.000814	0.000814	0.000814	0.000814	0.000814	0.000814	0.000814	0.000814	0.000814	0.000814	0.000814	0.000814	0.000814	0.000814	0.000814	0.000814	0.000814
-51.633071	-51.630070	-51.627681	-51.625619	-51.623700	-51.621811	-51.620060	-51.618487	-51.616909	-51.615298	-51.613582	-51.611796	-51.609983	-51.608188	-51.606760	-51.605952	-51.606043	-51.607093	-51.609195	-51.612534	-51.617226	-51.623252	-51.630392	-51.638539	-51.647853	-51.658433	-51.670291	-51.683264	-51.696962	-51.711162	-51.725266	-51.739419	-51.753314	-51.766847	-51.779760	-51.792032	-51.803620	-51.814454	-51.824307	-51.833000	-51.840611	-51.847186	-51.852562	-51.856785	-51.860029	-51.862469	-51.864166	-51.865335	-51.866373	-51.867570	-51.868854	-51.870411	-51.872555	-51.875452	-51.878989	-51.883167	-51.888054	-51.893716	-51.900133	-51.906915	-51.914048	-51.921592	-51.929374	-51.937009	-51.944492	-51.951733	-51.958562	-51.964840	-51.970530	-51.975308	-51.978962	-51.981614	-51.983215	-51.983448	-51.983448	-51.980948	-51.980948	-51.978809	-51.973432	-51.973432	-51.967187	-51.963556	-51.959580	-51.955327	-51.950813	-51.946080	-51.941465	-51.937024	-51.932916	-51.929088	-51.925440	-51.922133	-51.919107	-51.916498	-51.914407	-51.912676	-51.911155	-51.909793	-51.908444	-51.906955
Mean R	Std.Dev R
0.000809	4.574679E-6
Mean T	Std.Dev T
-51.820499	0.137226
1781154
R(V)	Theta
0.000812	0.000812	0.000812	0.000812	0.000811	0.000811	0.000811	0.000811	0.000811	0.000811	0.000811	0.000811	0.000811	0.000811	0.000811	0.000812	0.000812	0.000812	0.000812	0.000813	0.000813	0.000813	0.000814	0.000814	0.000814	0.000815	0.000815	0.000815	0.000816	0.000816	0.000817	0.000817	0.000817	0.000817	0.000818	0.000818	0.000818	0.000819	0.000819	0.000819	0.000819	0.000820	0.000820	0.000820	0.000820	0.000820	0.000820	0.000821	0.000821	0.000821	0.000821	0.000821	0.000821	0.000821	0.000821	0.000820	0.000820	0.000820	0.000820	0.000820	0.000820	0.000820	0.000820	0.000819	0.000819	0.000819	0.000819	0.000820	0.000820	0.000820	0.000820	0.000820	0.000820	0.000820	0.000820	0.000820	0.000820	0.000820	0.000820	0.000820	0.000820	0.000820	0.000820	0.000820	0.000820	0.000820	0.000820	0.000819	0.000819	0.000819	0.000819	0.000819	0.000818	0.000818	0.000818	0.000818	0.000818	0.000817	0.000817	0.000817
-51.853853	-51.853068	-51.853056	-51.853907	-51.855437	-51.857682	-51.860531	-51.863651	-51.866859	-51.870137	-51.873397	-51.876775	-51.880261	-51.883817	-51.887543	-51.891342	-51.895144	-51.898851	-51.902323	-51.905219	-51.907516	-51.909289	-51.910578	-51.911234	-51.911254	-51.910711	-51.909486	-51.907432	-51.904862	-51.902194	-51.899470	-51.896385	-51.892888	-51.888975	-51.884813	-51.880431	-51.875757	-51.870784	-51.865437	-51.859567	-51.853138	-51.846421	-51.839847	-51.833517	-51.827470	-51.821923	-51.817067	-51.813122	-51.810120	-51.807922	-51.806487	-51.805988	-51.806155	-51.806593	-51.807278	-51.807858	-51.808127	-51.808126	-51.808017	-51.807700	-51.807191	-51.806427	-51.805297	-51.803862	-51.802259	-51.800416	-51.798286	-51.795696	-51.792613	-51.788864	-51.784146	-51.778596	-51.772284	-51.765488	-51.758360	-51.751071	-51.744182	-51.737921	-51.732258	-51.727234	-51.723087	-51.719391	-51.715999	-51.712779	-51.709871	-51.707083	-51.704024	-51.700561	-51.696724	-51.692608	-51.688184	-51.683352	-51.678047	-51.672302	-51.666318	-51.660362	-51.654394	-51.648209	-51.641645	-51.634816
Mean R	Std.Dev R
0.000817	3.430068E-6
Mean T	Std.Dev T
-51.809870	0.078010
1781060
R(V)	Theta
0.000812	0.000812	0.000811	0.000811	0.000811	0.000810	0.000810	0.000809	0.000809	0.000809	0.000808	0.000808	0.000808	0.000807	0.000807	0.000807	0.000807	0.000806	0.000806	0.000806	0.000806	0.000806	0.000806	0.000806	0.000805	0.000805	0.000805	0.000805	0.000805	0.000806	0.000806	0.000806	0.000806	0.000806	0.000806	0.000806	0.000806	0.000806	0.000806	0.000807	0.000807	0.000807	0.000807	0.000807	0.000808	0.000808	0.000808	0.000809	0.000809	0.000810	0.000810	0.000811	0.000811	0.000811	0.000812	0.000812	0.000812	0.000813	0.000813	0.000813	0.000813	0.000813	0.000813	0.000813	0.000813	0.000813	0.000813	0.000813	0.000812	0.000812	0.000812	0.000811	0.000811	0.000811	0.000811	0.000810	0.000810	0.000810	0.000810	0.000809	0.000809	0.000809	0.000809	0.000809	0.000809	0.000808	0.000808	0.000808	0.000808	0.000808	0.000808	0.000808	0.000808	0.000808	0.000808	0.000808	0.000808	0.000808	0.000808	0.000808
-51.573990	-51.573434	-51.572577	-51.571243	-51.569154	-51.566396	-51.563046	-51.559236	-51.555033	-51.550524	-51.545803	-51.540979	-51.535968	-51.530867	-51.525652	-51.520724	-51.516034	-51.511501	-51.507133	-51.502814	-51.498488	-51.494373	-51.490448	-51.486534	-51.482803	-51.479289	-51.475908	-51.472787	-51.469913	-51.467204	-51.464584	-51.462063	-51.459532	-51.457193	-51.455219	-51.453591	-51.452403	-51.451605	-51.451138	-51.450861	-51.450697	-51.450580	-51.450147	-51.449059	-51.447430	-51.445381	-51.442902	-51.439977	-51.436825	-51.433977	-51.431573	-51.429714	-51.428374	-51.427865	-51.428287	-51.429681	-51.431803	-51.434448	-51.437572	-51.441171	-51.445139	-51.449479	-51.454341	-51.459690	-51.465548	-51.471733	-51.478090	-51.484651	-51.491117	-51.497264	-51.502917	-51.508017	-51.512284	-51.515532	-51.517830	-51.519049	-51.519144	-51.518342	-51.516845	-51.514796	-51.512229	-51.509160	-51.505998	-51.502907	-51.499991	-51.497305	-51.494858	-51.492798	-51.491459	-51.491118	-51.492034	-51.494247	-51.498056	-51.503426	-51.510205	-51.518271	-51.527626	-51.538313	-51.550202	-51.563039
Mean R	Std.Dev R
0.000809	2.408956E-6
Mean T	Std.Dev T
-51.490706	0.041184
1780912
R(V)	Theta
0.000815	0.000816	0.000817	0.000817	0.000818	0.000819	0.000819	0.000820	0.000820	0.000821	0.000822	0.000822	0.000823	0.000823	0.000824	0.000825	0.000825	0.000826	0.000826	0.000827	0.000827	0.000828	0.000828	0.000828	0.000829	0.000829	0.000829	0.000830	0.000830	0.000831	0.000831	0.000831	0.000832	0.000832	0.000832	0.000832	0.000833	0.000833	0.000833	0.000834	0.000834	0.000834	0.000834	0.000834	0.000834	0.000835	0.000835	0.000835	0.000835	0.000835	0.000835	0.000835	0.000835	0.000835	0.000835	0.000835	0.000835	0.000835	0.000834	0.000834	0.000834	0.000834	0.000833	0.000833	0.000833	0.000833	0.000832	0.000832	0.000831	0.000831	0.000831	0.000830	0.000830	0.000830	0.000830	0.000829	0.000829	0.000829	0.000829	0.000829	0.000828	0.000828	0.000828	0.000828	0.000828	0.000828	0.000828	0.000827	0.000827	0.000827	0.000827	0.000827	0.000827	0.000827	0.000827	0.000827	0.000827	0.000827	0.000827	0.000827
-51.640262	-51.632599	-51.625056	-51.617821	-51.610942	-51.604287	-51.597920	-51.591931	-51.586495	-51.581486	-51.576902	-51.572684	-51.568700	-51.564647	-51.560562	-51.556417	-51.552114	-51.542984	-51.538423	-51.534042	-51.529969	-51.526445	-51.523782	-51.522174	-51.521627	-51.521969	-51.523054	-51.524863	-51.527421	-51.530651	-51.534379	-51.538570	-51.543243	-51.548501	-51.554163	-51.560216	-51.566305	-51.572318	-51.578205	-51.583867	-51.589038	-51.593868	-51.598310	-51.602422	-51.606148	-51.609278	-51.611829	-51.613750	-51.614852	-51.615005	-51.613835	-51.611430	-51.608123	-51.604318	-51.600098	-51.595270	-51.589762	-51.583777	-51.577667	-51.571820	-51.566558	-51.562240	-51.559143	-51.557268	-51.556522	-51.556843	-51.558327	-51.561222	-51.565580	-51.571250	-51.578114	-51.586050	-51.594697	-51.603817	-51.613194	-51.622748	-51.632387	-51.642045	-51.651695	-51.661239	-51.670470	-51.679441	-51.688187	-51.696604	-51.704656	-51.712262	-51.719359	-51.725927	-51.731902	-51.737346	-51.742264	-51.746670	-51.750546	-51.753486	-51.755602	-51.756909	-51.757381	-51.757022	-51.755875	-51.754163
Mean R	Std.Dev R
0.000829	4.960074E-6
Mean T	Std.Dev T
-51.608956	0.069251
1780094
R(V)	Theta
0.000832	0.000832	0.000832	0.000832	0.000832	0.000831	0.000831	0.000831	0.000831	0.000831	0.000830	0.000830	0.000830	0.000829	0.000829	0.000829	0.000829	0.000828	0.000828	0.000828	0.000827	0.000827	0.000827	0.000826	0.000826	0.000826	0.000826	0.000826	0.000825	0.000825	0.000825	0.000824	0.000824	0.000824	0.000823	0.000822	0.000822	0.000821	0.000820	0.000820	0.000819	0.000819	0.000818	0.000817	0.000817	0.000816	0.000815	0.000815	0.000814	0.000814	0.000813	0.000813	0.000812	0.000812	0.000811	0.000811	0.000810	0.000810	0.000809	0.000809	0.000808	0.000808	0.000807	0.000807	0.000806	0.000806	0.000806	0.000805	0.000805	0.000804	0.000804	0.000804	0.000804	0.000803	0.000803	0.000803	0.000803	0.000803	0.000803	0.000803	0.000803	0.000804	0.000804	0.000804	0.000805	0.000805	0.000806	0.000807	0.000807	0.000808	0.000809	0.000809	0.000810	0.000811	0.000811	0.000812	0.000813	0.000813	0.000814	0.000815
-51.785564	-51.791492	-51.797565	-51.803862	-51.810052	-51.815947	-51.821530	-51.826984	-51.832309	-51.837668	-51.842971	-51.847999	-51.852810	-51.857614	-51.862442	-51.867064	-51.871585	-51.880527	-51.880527	-51.885199	-51.895143	-51.895143	-51.900357	-51.911077	-51.911077	-51.916441	-51.926606	-51.926606	-51.931066	-51.938029	-51.938029	-51.940192	-51.941548	-51.941548	-51.940755	-51.935927	-51.931608	-51.926189	-51.919673	-51.912242	-51.904166	-51.895683	-51.886991	-51.878232	-51.869641	-51.861368	-51.853356	-51.845718	-51.838643	-51.832460	-51.827279	-51.823056	-51.819895	-51.817612	-51.816075	-51.815324	-51.815421	-51.816311	-51.817806	-51.819728	-51.822048	-51.824722	-51.827525	-51.830280	-51.832858	-51.835102	-51.836828	-51.837975	-51.838513	-51.838363	-51.837388	-51.835633	-51.833437	-51.830902	-51.827930	-51.824365	-51.820202	-51.815550	-51.810492	-51.805110	-51.799614	-51.794123	-51.788543	-51.782945	-51.777291	-51.771312	-51.765277	-51.759402	-51.753841	-51.748766	-51.744628	-51.741434	-51.739088	-51.737511	-51.736677	-51.736560	-51.736893	-51.737513	-51.738216	-51.738855
Mean R	Std.Dev R
0.000816	9.961899E-6
Mean T	Std.Dev T
-51.837994	0.058092
1779940
R(V)	Theta
0.000823	0.000824	0.000824	0.000824	0.000824	0.000825	0.000825	0.000825	0.000826	0.000826	0.000826	0.000826	0.000827	0.000827	0.000827	0.000828	0.000828	0.000828	0.000829	0.000829	0.000829	0.000829	0.000830	0.000830	0.000830	0.000830	0.000830	0.000830	0.000831	0.000831	0.000831	0.000831	0.000831	0.000831	0.000831	0.000831	0.000831	0.000831	0.000831	0.000832	0.000832	0.000832	0.000832	0.000832	0.000832	0.000833	0.000833	0.000833	0.000833	0.000833	0.000833	0.000833	0.000834	0.000834	0.000834	0.000834	0.000834	0.000834	0.000834	0.000834	0.000834	0.000834	0.000834	0.000834	0.000834	0.000834	0.000834	0.000834	0.000834	0.000834	0.000833	0.000833	0.000833	0.000833	0.000833	0.000833	0.000833	0.000833	0.000833	0.000833	0.000833	0.000832	0.000832	0.000832	0.000832	0.000832	0.000832	0.000832	0.000832	0.000832	0.000832	0.000831	0.000831	0.000831	0.000831	0.000831	0.000831	0.000831	0.000831	0.000830
-51.736260	-51.739021	-51.742025	-51.745255	-51.748736	-51.752359	-51.755916	-51.759197	-51.762169	-51.765028	-51.767825	-51.770572	-51.773093	-51.775272	-51.777196	-51.778775	-51.780017	-51.780875	-51.781265	-51.781288	-51.780773	-51.779451	-51.777223	-51.774202	-51.770531	-51.766339	-51.761672	-51.751514	-51.746082	-51.746082	-51.735036	-51.729285	-51.723521	-51.717888	-51.712392	-51.706787	-51.700954	-51.694878	-51.688566	-51.682248	-51.675973	-51.669677	-51.663565	-51.657597	-51.651723	-51.645926	-51.640177	-51.634439	-51.628652	-51.623052	-51.617578	-51.612354	-51.607584	-51.603252	-51.599093	-51.594852	-51.590477	-51.585914	-51.581063	-51.575792	-51.570126	-51.564294	-51.558369	-51.552353	-51.546135	-51.539648	-51.532951	-51.526009	-51.519158	-51.512803	-51.506820	-51.501118	-51.495664	-51.490316	-51.484954	-51.479439	-51.473687	-51.467648	-51.461567	-51.455287	-51.448670	-51.441653	-51.434084	-51.426008	-51.417356	-51.408290	-51.398877	-51.389152	-51.379369	-51.369663	-51.360044	-51.350671	-51.341733	-51.333231	-51.325007	-51.317131	-51.309685	-51.302734	-51.296448	-51.290785
Mean R	Std.Dev R
0.000831	2.839760E-6
Mean T	Std.Dev T
-51.600552	0.151802
1779871
R(V)	Theta
0.000823	0.000823	0.000822	0.000822	0.000822	0.000821	0.000821	0.000820	0.000820	0.000819	0.000818	0.000818	0.000818	0.000817	0.000817	0.000817	0.000816	0.000816	0.000816	0.000815	0.000815	0.000814	0.000814	0.000814	0.000813	0.000813	0.000813	0.000812	0.000812	0.000812	0.000811	0.000811	0.000811	0.000810	0.000810	0.000810	0.000810	0.000810	0.000809	0.000809	0.000809	0.000809	0.000809	0.000810	0.000810	0.000810	0.000810	0.000810	0.000811	0.000811	0.000811	0.000812	0.000812	0.000812	0.000813	0.000813	0.000813	0.000814	0.000814	0.000814	0.000814	0.000814	0.000815	0.000815	0.000815	0.000815	0.000815	0.000815	0.000815	0.000814	0.000814	0.000814	0.000814	0.000814	0.000814	0.000813	0.000813	0.000813	0.000813	0.000813	0.000813	0.000812	0.000812	0.000812	0.000812	0.000812	0.000812	0.000812	0.000812	0.000812	0.000812	0.000812	0.000812	0.000812	0.000812	0.000812	0.000812	0.000812	0.000812	0.000812
-51.293205	-51.298664	-51.304475	-51.310499	-51.316802	-51.323339	-51.330134	-51.337095	-51.343950	-51.350747	-51.364423	-51.364423	-51.371603	-51.386280	-51.386280	-51.393360	-51.406758	-51.412967	-51.412967	-51.424533	-51.429792	-51.434573	-51.438885	-51.442728	-51.446166	-51.449311	-51.452059	-51.454220	-51.455653	-51.456276	-51.456024	-51.454892	-51.452678	-51.448953	-51.443732	-51.437193	-51.429472	-51.420497	-51.410280	-51.398844	-51.386348	-51.372927	-51.359310	-51.345483	-51.331793	-51.318611	-51.306083	-51.294175	-51.283108	-51.272924	-51.263706	-51.255457	-51.248030	-51.241243	-51.234810	-51.228721	-51.223074	-51.217835	-51.213230	-51.209528	-51.206659	-51.204559	-51.203259	-51.202758	-51.203220	-51.204689	-51.207177	-51.210704	-51.215053	-51.220255	-51.226006	-51.232268	-51.238789	-51.245440	-51.252381	-51.259726	-51.267584	-51.275901	-51.284526	-51.293257	-51.302079	-51.310840	-51.319733	-51.328981	-51.338759	-51.349228	-51.360512	-51.372479	-51.385052	-51.397929	-51.411078	-51.424418	-51.437862	-51.451431	-51.465036	-51.478390	-51.491336	-51.503879	-51.516115	-51.527709
Mean R	Std.Dev R
0.000814	3.299546E-6
Mean T	Std.Dev T
-51.343782	0.090916
1778942
R(V)	Theta
0.000811	0.000811	0.000811	0.000811	0.000811	0.000811	0.000811	0.000811	0.000812	0.000812	0.000812	0.000812	0.000812	0.000812	0.000812	0.000812	0.000812	0.000813	0.000813	0.000813	0.000813	0.000813	0.000813	0.000813	0.000813	0.000813	0.000814	0.000814	0.000814	0.000814	0.000814	0.000814	0.000814	0.000814	0.000814	0.000814	0.000814	0.000813	0.000813	0.000813	0.000812	0.000812	0.000811	0.000810	0.000810	0.000809	0.000808	0.000808	0.000807	0.000806	0.000806	0.000805	0.000804	0.000804	0.000803	0.000803	0.000802	0.000802	0.000801	0.000801	0.000800	0.000800	0.000800	0.000799	0.000799	0.000799	0.000798	0.000798	0.000798	0.000798	0.000798	0.000798	0.000798	0.000798	0.000798	0.000798	0.000798	0.000798	0.000798	0.000798	0.000798	0.000798	0.000799	0.000799	0.000799	0.000799	0.000799	0.000799	0.000799	0.000799	0.000799	0.000799	0.000799	0.000800	0.000800	0.000800	0.000800	0.000800	0.000800	0.000800
-51.729476	-51.740129	-51.750274	-51.759783	-51.768683	-51.776833	-51.784383	-51.791169	-51.797105	-51.802156	-51.806441	-51.809817	-51.812128	-51.813424	-51.813819	-51.813100	-51.811240	-51.808056	-51.803475	-51.797438	-51.789805	-51.780550	-51.769749	-51.757602	-51.744161	-51.729826	-51.699914	-51.684854	-51.684854	-51.655253	-51.641076	-51.627551	-51.614811	-51.602732	-51.591915	-51.582265	-51.573848	-51.566784	-51.560851	-51.555900	-51.551799	-51.548412	-51.545691	-51.543648	-51.542213	-51.541471	-51.541406	-51.541671	-51.542092	-51.542659	-51.543249	-51.543954	-51.544943	-51.546064	-51.547046	-51.547767	-51.548152	-51.548304	-51.548280	-51.547984	-51.547451	-51.546815	-51.546239	-51.545485	-51.544581	-51.543632	-51.542572	-51.541421	-51.540375	-51.539482	-51.538750	-51.538222	-51.537844	-51.537667	-51.537621	-51.537731	-51.537932	-51.538325	-51.539077	-51.540072	-51.541036	-51.541868	-51.542690	-51.543527	-51.544524	-51.545712	-51.547087	-51.548671	-51.550465	-51.552583	-51.555191	-51.558333	-51.561764	-51.565778	-51.570781	-51.577268	-51.585365	-51.594934	-51.605767	-51.617656
Mean R	Std.Dev R
0.000806	6.484953E-6
Mean T	Std.Dev T
-51.619823	0.103227
1778932
R(V)	Theta
0.000798	0.000798	0.000797	0.000797	0.000797	0.000797	0.000797	0.000797	0.000797	0.000796	0.000796	0.000796	0.000796	0.000796	0.000796	0.000796	0.000796	0.000796	0.000796	0.000795	0.000795	0.000795	0.000795	0.000795	0.000795	0.000795	0.000794	0.000794	0.000794	0.000794	0.000794	0.000795	0.000795	0.000795	0.000795	0.000795	0.000796	0.000796	0.000796	0.000797	0.000797	0.000798	0.000798	0.000799	0.000799	0.000799	0.000800	0.000800	0.000801	0.000801	0.000802	0.000802	0.000802	0.000803	0.000803	0.000803	0.000803	0.000804	0.000804	0.000804	0.000804	0.000804	0.000804	0.000804	0.000804	0.000805	0.000805	0.000805	0.000805	0.000805	0.000805	0.000805	0.000805	0.000805	0.000806	0.000806	0.000806	0.000806	0.000806	0.000806	0.000806	0.000807	0.000807	0.000807	0.000807	0.000807	0.000807	0.000808	0.000808	0.000808	0.000809	0.000809	0.000809	0.000809	0.000809	0.000810	0.000810	0.000811	0.000811	0.000811
-51.926475	-51.935838	-51.944934	-51.953741	-51.961964	-51.969834	-51.977321	-51.984166	-51.990370	-51.996258	-52.001962	-52.007383	-52.012536	-52.017482	-52.022102	-52.026467	-52.030535	-52.034089	-52.037218	-52.040067	-52.042525	-52.044569	-52.046075	-52.046667	-52.046281	-52.044969	-52.042814	-52.039567	-52.035283	-52.029999	-52.023850	-52.016921	-52.009109	-52.000571	-51.991563	-51.982179	-51.972380	-51.962181	-51.951456	-51.940059	-51.927997	-51.915107	-51.901231	-51.886511	-51.871223	-51.855599	-51.839626	-51.823422	-51.807104	-51.790825	-51.774619	-51.758310	-51.741960	-51.725770	-51.709812	-51.693942	-51.678594	-51.663396	-51.648390	-51.633680	-51.619204	-51.604819	-51.590486	-51.576203	-51.562156	-51.548729	-51.536256	-51.524819	-51.514469	-51.505192	-51.497024	-51.490001	-51.484191	-51.479670	-51.476603	-51.474962	-51.474995	-51.476717	-51.480185	-51.485325	-51.492052	-51.499967	-51.508994	-51.518955	-51.529894	-51.541398	-51.553418	-51.578042	-51.578042	-51.590145	-51.612908	-51.612908	-51.623694	-51.644131	-51.644131	-51.661993	-51.669764	-51.676597	-51.676597	-51.687557
Mean R	Std.Dev R
0.000801	5.246129E-6
Mean T	Std.Dev T
-51.780901	0.210207
1778794
R(V)	Theta
0.000812	0.000812	0.000812	0.000812	0.000812	0.000811	0.000811	0.000811	0.000811	0.000810	0.000810	0.000809	0.000809	0.000809	0.000808	0.000808	0.000807	0.000807	0.000807	0.000806	0.000806	0.000805	0.000805	0.000805	0.000804	0.000804	0.000804	0.000804	0.000803	0.000803	0.000803	0.000803	0.000803	0.000802	0.000802	0.000802	0.000802	0.000802	0.000802	0.000802	0.000802	0.000801	0.000801	0.000801	0.000801	0.000801	0.000801	0.000801	0.000800	0.000800	0.000800	0.000800	0.000800	0.000800	0.000800	0.000800	0.000800	0.000800	0.000800	0.000801	0.000801	0.000801	0.000801	0.000802	0.000802	0.000802	0.000803	0.000803	0.000803	0.000804	0.000804	0.000804	0.000805	0.000805	0.000806	0.000806	0.000806	0.000807	0.000807	0.000807	0.000808	0.000808	0.000809	0.000809	0.000809	0.000809	0.000810	0.000810	0.000810	0.000811	0.000811	0.000811	0.000811	0.000811	0.000812	0.000812	0.000812	0.000812	0.000812	0.000812
-51.785033	-51.787909	-51.790016	-51.791210	-51.791382	-51.790488	-51.788367	-51.784850	-51.779893	-51.773730	-51.766111	-51.756978	-51.746231	-51.733872	-51.719906	-51.704545	-51.687947	-51.670134	-51.650976	-51.630225	-51.608863	-51.586917	-51.564910	-51.543250	-51.522255	-51.502284	-51.483503	-51.465932	-51.449499	-51.434003	-51.419562	-51.406128	-51.393769	-51.382399	-51.371673	-51.361438	-51.351674	-51.342365	-51.333333	-51.324573	-51.315996	-51.307825	-51.300080	-51.292916	-51.286576	-51.280963	-51.276105	-51.272296	-51.269606	-51.268306	-51.268532	-51.270405	-51.273743	-51.278335	-51.284290	-51.291463	-51.299811	-51.309224	-51.319400	-51.330525	-51.342698	-51.356096	-51.370752	-51.386653	-51.403705	-51.421614	-51.439991	-51.458696	-51.477505	-51.496252	-51.514795	-51.533226	-51.551569	-51.569574	-51.587237	-51.604624	-51.621804	-51.638214	-51.654130	-51.669519	-51.684510	-51.698724	-51.711916	-51.724236	-51.735698	-51.746294	-51.756140	-51.765228	-51.773502	-51.781130	-51.788360	-51.795392	-51.802143	-51.808684	-51.815091	-51.821384	-51.827837	-51.834300	-51.840580	-51.846551
Mean R	Std.Dev R
0.000806	4.127045E-6
Mean T	Std.Dev T
-51.552309	0.198441
1777739
R(V)	Theta
0.000807	0.000807	0.000807	0.000806	0.000806	0.000806	0.000805	0.000805	0.000805	0.000804	0.000804	0.000804	0.000804	0.000803	0.000803	0.000803	0.000803	0.000803	0.000803	0.000803	0.000803	0.000803	0.000803	0.000803	0.000803	0.000803	0.000803	0.000803	0.000803	0.000803	0.000803	0.000803	0.000803	0.000803	0.000803	0.000804	0.000804	0.000804	0.000805	0.000805	0.000805	0.000806	0.000806	0.000807	0.000807	0.000808	0.000808	0.000809	0.000810	0.000810	0.000811	0.000812	0.000812	0.000813	0.000814	0.000814	0.000815	0.000816	0.000816	0.000817	0.000818	0.000819	0.000819	0.000820	0.000821	0.000821	0.000822	0.000822	0.000823	0.000823	0.000824	0.000824	0.000825	0.000825	0.000826	0.000826	0.000826	0.000827	0.000827	0.000827	0.000827	0.000827	0.000827	0.000827	0.000827	0.000827	0.000827	0.000827	0.000827	0.000827	0.000827	0.000827	0.000827	0.000826	0.000826	0.000826	0.000826	0.000825	0.000825	0.000825
-51.857600	-51.854116	-51.850372	-51.846557	-51.842711	-51.838847	-51.834916	-51.830789	-51.826326	-51.821514	-51.816258	-51.810508	-51.804023	-51.796865	-51.788723	-51.779471	-51.769229	-51.758273	-51.746862	-51.735014	-51.722553	-51.709491	-51.696173	-51.682703	-51.669006	-51.655012	-51.640861	-51.626506	-51.611765	-51.596541	-51.580919	-51.564854	-51.548247	-51.531218	-51.513886	-51.496397	-51.478911	-51.461615	-51.444820	-51.428638	-51.412991	-51.398669	-51.385507	-51.373576	-51.363121	-51.354034	-51.346126	-51.339379	-51.333862	-51.329683	-51.326658	-51.324696	-51.323871	-51.324242	-51.325664	-51.327702	-51.330183	-51.332791	-51.335123	-51.337063	-51.338485	-51.339519	-51.340226	-51.340690	-51.341188	-51.341867	-51.342624	-51.343478	-51.344445	-51.345449	-51.346548	-51.347823	-51.349354	-51.351355	-51.353844	-51.357062	-51.361250	-51.366497	-51.372779	-51.380083	-51.388523	-51.398142	-51.408852	-51.420663	-51.433397	-51.446970	-51.461176	-51.475814	-51.490688	-51.505602	-51.520545	-51.535634	-51.550872	-51.566318	-51.581977	-51.597809	-51.613643	-51.629601	-51.645080	-51.660364
Mean R	Std.Dev R
0.000814	9.897162E-6
Mean T	Std.Dev T
-51.521303	0.182410
1777662
R(V)	Theta
0.000818	0.000817	0.000817	0.000817	0.000816	0.000816	0.000815	0.000814	0.000814	0.000813	0.000813	0.000812	0.000812	0.000811	0.000811	0.000810	0.000810	0.000810	0.000809	0.000809	0.000809	0.000809	0.000809	0.000808	0.000808	0.000808	0.000808	0.000808	0.000808	0.000808	0.000809	0.000809	0.000809	0.000809	0.000809	0.000810	0.000810	0.000810	0.000810	0.000810	0.000811	0.000811	0.000811	0.000811	0.000812	0.000812	0.000812	0.000813	0.000813	0.000813	0.000813	0.000814	0.000814	0.000814	0.000815	0.000815	0.000815	0.000816	0.000816	0.000817	0.000817	0.000818	0.000818	0.000818	0.000819	0.000820	0.000820	0.000821	0.000821	0.000822	0.000822	0.000823	0.000823	0.000824	0.000824	0.000825	0.000825	0.000826	0.000826	0.000827	0.000827	0.000828	0.000828	0.000828	0.000828	0.000829	0.000829	0.000829	0.000829	0.000829	0.000829	0.000829	0.000829	0.000829	0.000828	0.000828	0.000828	0.000828	0.000827	0.000827
-51.874885	-51.889485	-51.889485	-51.896273	-51.908592	-51.908592	-51.913520	-51.918988	-51.919401	-51.918353	-51.915992	-51.912202	-51.907064	-51.900516	-51.892733	-51.883789	-51.873533	-51.862031	-51.849360	-51.835671	-51.821182	-51.806089	-51.790647	-51.774947	-51.759374	-51.744267	-51.729781	-51.715965	-51.702835	-51.690457	-51.678947	-51.668571	-51.659348	-51.651135	-51.644123	-51.637897	-51.632287	-51.627231	-51.622458	-51.617936	-51.613638	-51.609485	-51.605418	-51.601286	-51.597246	-51.593209	-51.589041	-51.584750	-51.580393	-51.575942	-51.571672	-51.567379	-51.562855	-51.558532	-51.554561	-51.551050	-51.547940	-51.545241	-51.542902	-51.540887	-51.539357	-51.538369	-51.537789	-51.537506	-51.537541	-51.538185	-51.539458	-51.541290	-51.543646	-51.546300	-51.549082	-51.551775	-51.554285	-51.556637	-51.558908	-51.561012	-51.562889	-51.564374	-51.565503	-51.566301	-51.566718	-51.566819	-51.567029	-51.567635	-51.568840	-51.570708	-51.573042	-51.575912	-51.579498	-51.583863	-51.589134	-51.595096	-51.601764	-51.609111	-51.617239	-51.626111	-51.635681	-51.645879	-51.656601	-51.667806
Mean R	Std.Dev R
0.000817	7.327495E-6
Mean T	Std.Dev T
-51.662941	0.131503
1777507
R(V)	Theta
0.000822	0.000821	0.000821	0.000821	0.000821	0.000821	0.000820	0.000820	0.000820	0.000820	0.000820	0.000820	0.000820	0.000820	0.000820	0.000820	0.000820	0.000819	0.000819	0.000819	0.000819	0.000819	0.000819	0.000819	0.000819	0.000819	0.000819	0.000819	0.000819	0.000819	0.000819	0.000819	0.000819	0.000819	0.000819	0.000818	0.000818	0.000818	0.000818	0.000818	0.000818	0.000818	0.000818	0.000818	0.000818	0.000818	0.000818	0.000817	0.000817	0.000817	0.000817	0.000817	0.000817	0.000817	0.000817	0.000817	0.000816	0.000816	0.000816	0.000815	0.000815	0.000815	0.000814	0.000814	0.000813	0.000813	0.000813	0.000812	0.000812	0.000811	0.000811	0.000811	0.000810	0.000810	0.000810	0.000810	0.000810	0.000809	0.000809	0.000809	0.000809	0.000809	0.000810	0.000810	0.000810	0.000810	0.000810	0.000811	0.000811	0.000811	0.000811	0.000812	0.000812	0.000812	0.000812	0.000813	0.000813	0.000813	0.000813	0.000814
-51.848039	-51.850397	-51.852350	-51.854138	-51.855755	-51.857290	-51.858825	-51.860442	-51.862067	-51.863522	-51.864833	-51.866098	-51.867212	-51.868093	-51.868632	-51.868854	-51.868613	-51.867553	-51.865618	-51.862890	-51.859266	-51.854421	-51.848293	-51.841014	-51.832888	-51.823691	-51.813589	-51.802554	-51.790794	-51.778303	-51.765009	-51.750921	-51.736293	-51.721192	-51.705662	-51.689912	-51.674172	-51.658492	-51.642868	-51.627299	-51.611918	-51.596704	-51.581655	-51.566711	-51.551885	-51.537163	-51.522509	-51.508234	-51.494520	-51.481470	-51.469240	-51.457885	-51.447557	-51.438336	-51.429987	-51.422573	-51.415908	-51.409887	-51.404680	-51.400120	-51.395966	-51.391972	-51.387892	-51.383466	-51.378624	-51.373432	-51.368232	-51.363095	-51.358187	-51.353748	-51.349884	-51.346550	-51.343817	-51.341846	-51.340633	-51.340065	-51.340035	-51.340721	-51.342052	-51.343803	-51.345790	-51.347764	-51.349677	-51.351596	-51.353337	-51.354686	-51.355653	-51.356463	-51.357365	-51.358362	-51.359340	-51.360300	-51.361453	-51.362890	-51.364563	-51.366320	-51.368023	-51.369545	-51.370757	-51.371734
Mean R	Std.Dev R
0.000816	3.884057E-6
Mean T	Std.Dev T
-51.565664	0.214280
1776702
R(V)	Theta
0.000816	0.000816	0.000816	0.000816	0.000816	0.000816	0.000816	0.000816	0.000816	0.000816	0.000816	0.000815	0.000815	0.000815	0.000815	0.000815	0.000815	0.000815	0.000814	0.000814	0.000814	0.000814	0.000814	0.000813	0.000813	0.000813	0.000813	0.000813	0.000812	0.000812	0.000812	0.000812	0.000812	0.000811	0.000811	0.000811	0.000811	0.000810	0.000810	0.000810	0.000810	0.000810	0.000810	0.000810	0.000809	0.000809	0.000809	0.000809	0.000809	0.000809	0.000809	0.000809	0.000809	0.000809	0.000809	0.000809	0.000809	0.000809	0.000809	0.000809	0.000809	0.000809	0.000809	0.000809	0.000809	0.000809	0.000809	0.000809	0.000809	0.000809	0.000809	0.000809	0.000809	0.000809	0.000810	0.000810	0.000810	0.000810	0.000810	0.000811	0.000811	0.000811	0.000811	0.000811	0.000812	0.000812	0.000812	0.000813	0.000813	0.000813	0.000813	0.000814	0.000814	0.000814	0.000815	0.000815	0.000815	0.000815	0.000816	0.000816
-51.455734	-51.455734	-51.461423	-51.470718	-51.474639	-51.474639	-51.481402	-51.484366	-51.487063	-51.489571	-51.491965	-51.494389	-51.497000	-51.499792	-51.502826	-51.506109	-51.509706	-51.513775	-51.518199	-51.523017	-51.527979	-51.532964	-51.537885	-51.542515	-51.546822	-51.550938	-51.554801	-51.558297	-51.561309	-51.563858	-51.565951	-51.567522	-51.568596	-51.569111	-51.569055	-51.568588	-51.567573	-51.565902	-51.563759	-51.561266	-51.558477	-51.555440	-51.552178	-51.548791	-51.545160	-51.541261	-51.537233	-51.533138	-51.528919	-51.524453	-51.519694	-51.514592	-51.509298	-51.503760	-51.498006	-51.491946	-51.485640	-51.479245	-51.472840	-51.466394	-51.459797	-51.452998	-51.446125	-51.439329	-51.432633	-51.426224	-51.420209	-51.414519	-51.408940	-51.403079	-51.397011	-51.390799	-51.384430	-51.377854	-51.370977	-51.363925	-51.357007	-51.350119	-51.343293	-51.336729	-51.330717	-51.325572	-51.321563	-51.318824	-51.317247	-51.316695	-51.317179	-51.318839	-51.321694	-51.325615	-51.330530	-51.336632	-51.344108	-51.352858	-51.362833	-51.374269	-51.387189	-51.401273	-51.416332	-51.432187
Mean R	Std.Dev R
0.000812	2.629894E-6
Mean T	Std.Dev T
-51.462314	0.082880
1776657
R(V)	Theta
0.000811	0.000811	0.000811	0.000811	0.000810	0.000810	0.000810	0.000810	0.000809	0.000809	0.000809	0.000809	0.000809	0.000809	0.000809	0.000809	0.000809	0.000809	0.000809	0.000809	0.000809	0.000809	0.000809	0.000809	0.000809	0.000809	0.000809	0.000809	0.000809	0.000809	0.000809	0.000809	0.000810	0.000810	0.000810	0.000810	0.000810	0.000810	0.000811	0.000811	0.000811	0.000811	0.000811	0.000811	0.000811	0.000811	0.000811	0.000811	0.000811	0.000811	0.000811	0.000811	0.000811	0.000811	0.000811	0.000811	0.000811	0.000811	0.000811	0.000810	0.000810	0.000810	0.000810	0.000810	0.000810	0.000810	0.000811	0.000811	0.000811	0.000811	0.000811	0.000811	0.000812	0.000812	0.000812	0.000812	0.000812	0.000813	0.000813	0.000813	0.000814	0.000814	0.000814	0.000814	0.000814	0.000814	0.000814	0.000815	0.000815	0.000815	0.000815	0.000815	0.000814	0.000814	0.000814	0.000814	0.000814	0.000814	0.000814	0.000813
-51.759874	-51.767737	-51.775577	-51.783476	-51.791440	-51.799401	-51.807262	-51.815001	-51.822670	-51.830281	-51.837800	-51.845123	-51.851861	-51.864141	-51.864141	-51.869722	-51.879536	-51.879536	-51.883369	-51.888279	-51.888279	-51.888828	-51.885545	-51.881680	-51.876216	-51.869092	-51.860441	-51.850421	-51.839231	-51.827000	-51.814135	-51.800888	-51.787415	-51.773983	-51.760726	-51.747727	-51.734805	-51.721956	-51.709081	-51.695937	-51.682769	-51.669207	-51.655335	-51.641074	-51.626466	-51.611612	-51.596727	-51.581854	-51.567021	-51.552548	-51.538684	-51.525389	-51.512382	-51.499482	-51.486689	-51.474306	-51.462469	-51.451048	-51.439861	-51.428755	-51.417604	-51.406490	-51.395438	-51.384588	-51.373980	-51.363662	-51.353592	-51.343559	-51.333776	-51.324077	-51.314604	-51.305626	-51.297162	-51.289256	-51.281902	-51.275185	-51.269190	-51.263796	-51.259168	-51.255392	-51.252545	-51.250640	-51.249593	-51.249611	-51.251012	-51.254027	-51.258601	-51.264622	-51.271815	-51.280113	-51.289483	-51.299757	-51.310969	-51.322998	-51.335743	-51.348829	-51.362312	-51.375641	-51.388807	-51.401634
Mean R	Std.Dev R
0.000811	1.891477E-6
Mean T	Std.Dev T
-51.563601	0.235847
1775860
R(V)	Theta
0.000812	0.000812	0.000812	0.000812	0.000811	0.000811	0.000811	0.000811	0.000811	0.000811	0.000810	0.000810	0.000810	0.000810	0.000809	0.000809	0.000809	0.000808	0.000808	0.000808	0.000807	0.000807	0.000806	0.000806	0.000806	0.000805	0.000805	0.000805	0.000804	0.000804	0.000804	0.000803	0.000803	0.000803	0.000802	0.000802	0.000802	0.000801	0.000801	0.000801	0.000801	0.000800	0.000800	0.000800	0.000799	0.000799	0.000799	0.000799	0.000799	0.000799	0.000799	0.000799	0.000799	0.000799	0.000799	0.000799	0.000799	0.000799	0.000800	0.000800	0.000800	0.000800	0.000801	0.000801	0.000801	0.000801	0.000802	0.000802	0.000802	0.000802	0.000802	0.000803	0.000803	0.000803	0.000803	0.000803	0.000803	0.000803	0.000803	0.000803	0.000803	0.000803	0.000803	0.000803	0.000803	0.000803	0.000803	0.000804	0.000804	0.000804	0.000804	0.000804	0.000804	0.000804	0.000804	0.000804	0.000804	0.000804	0.000804	0.000804
-51.563232	-51.568123	-51.572952	-51.577636	-51.581757	-51.585034	-51.587465	-51.588906	-51.589025	-51.587665	-51.585033	-51.581393	-51.576652	-51.570795	-51.563763	-51.555539	-51.546265	-51.536210	-51.525677	-51.514828	-51.503478	-51.491785	-51.479918	-51.468029	-51.456359	-51.444793	-51.433172	-51.421632	-51.410344	-51.399366	-51.388732	-51.378348	-51.368105	-51.358324	-51.348644	-51.339056	-51.329643	-51.320476	-51.311515	-51.302601	-51.293606	-51.284194	-51.274271	-51.264031	-51.253676	-51.243366	-51.233262	-51.223483	-51.214049	-51.205164	-51.196703	-51.188541	-51.180847	-51.173740	-51.167190	-51.161228	-51.156082	-51.151845	-51.148515	-51.146265	-51.145255	-51.145690	-51.147686	-51.151143	-51.156053	-51.162267	-51.170033	-51.179241	-51.189716	-51.201465	-51.214541	-51.228672	-51.243606	-51.259327	-51.275719	-51.292695	-51.310174	-51.328035	-51.346015	-51.363921	-51.381657	-51.398997	-51.415737	-51.448086	-51.448086	-51.464264	-51.480433	-51.496579	-51.512790	-51.529455	-51.545993	-51.562652	-51.579377	-51.596086	-51.612698	-51.644585	-51.644585	-51.659297	-51.686141	-51.686141
Mean R	Std.Dev R
0.000804	3.760316E-6
Mean T	Std.Dev T
-51.387772	0.164919
1775630
R(V)	Theta
0.000802	0.000802	0.000801	0.000801	0.000801	0.000801	0.000801	0.000801	0.000801	0.000801	0.000801	0.000801	0.000801	0.000801	0.000801	0.000801	0.000802	0.000802	0.000802	0.000802	0.000802	0.000802	0.000802	0.000802	0.000803	0.000803	0.000803	0.000803	0.000803	0.000803	0.000803	0.000803	0.000804	0.000804	0.000804	0.000804	0.000804	0.000804	0.000804	0.000804	0.000804	0.000804	0.000805	0.000805	0.000805	0.000805	0.000805	0.000805	0.000805	0.000805	0.000805	0.000806	0.000806	0.000806	0.000806	0.000806	0.000807	0.000807	0.000807	0.000808	0.000808	0.000809	0.000809	0.000810	0.000810	0.000811	0.000812	0.000812	0.000813	0.000814	0.000815	0.000815	0.000816	0.000817	0.000818	0.000818	0.000819	0.000820	0.000821	0.000821	0.000822	0.000823	0.000824	0.000824	0.000825	0.000826	0.000827	0.000827	0.000828	0.000829	0.000829	0.000830	0.000831	0.000831	0.000832	0.000833	0.000833	0.000834	0.000834	0.000835
-51.762485	-51.759077	-51.755305	-51.750989	-51.746036	-51.740306	-51.733785	-51.726517	-51.718598	-51.710138	-51.701220	-51.691862	-51.681924	-51.671278	-51.660014	-51.648159	-51.635784	-51.623145	-51.610281	-51.597062	-51.583490	-51.569543	-51.555232	-51.540461	-51.524783	-51.508525	-51.491434	-51.473432	-51.454577	-51.435088	-51.415302	-51.395540	-51.376038	-51.356882	-51.338136	-51.319849	-51.302133	-51.285133	-51.268837	-51.253330	-51.238778	-51.225339	-51.212943	-51.201751	-51.191792	-51.182946	-51.175221	-51.168415	-51.162514	-51.157416	-51.153106	-51.149530	-51.146653	-51.144439	-51.143021	-51.142418	-51.142671	-51.143944	-51.146182	-51.149395	-51.153650	-51.158838	-51.164816	-51.171534	-51.179225	-51.187996	-51.197609	-51.207949	-51.219024	-51.230729	-51.242865	-51.255340	-51.268146	-51.281381	-51.295202	-51.309698	-51.325031	-51.341140	-51.358102	-51.375794	-51.394190	-51.413118	-51.432414	-51.451065	-51.469309	-51.486754	-51.503515	-51.519545	-51.534698	-51.548886	-51.562119	-51.574479	-51.586004	-51.596874	-51.607183	-51.616911	-51.626114	-51.634974	-51.643553	-51.651764
Mean R	Std.Dev R
0.000811	1.050057E-5
Mean T	Std.Dev T
-51.415277	0.205802
1775533
R(V)	Theta
0.000838	0.000838	0.000838	0.000838	0.000837	0.000837	0.000837	0.000837	0.000837	0.000837	0.000836	0.000836	0.000836	0.000836	0.000836	0.000836	0.000835	0.000835	0.000835	0.000835	0.000835	0.000835	0.000834	0.000834	0.000834	0.000834	0.000834	0.000833	0.000833	0.000833	0.000833	0.000833	0.000832	0.000832	0.000832	0.000831	0.000831	0.000831	0.000831	0.000830	0.000830	0.000830	0.000829	0.000829	0.000829	0.000828	0.000828	0.000828	0.000827	0.000827	0.000826	0.000826	0.000826	0.000825	0.000824	0.000824	0.000823	0.000823	0.000822	0.000822	0.000821	0.000820	0.000820	0.000819	0.000819	0.000818	0.000817	0.000817	0.000816	0.000816	0.000815	0.000815	0.000814	0.000814	0.000814	0.000813	0.000813	0.000812	0.000812	0.000812	0.000811	0.000811	0.000811	0.000810	0.000810	0.000810	0.000810	0.000809	0.000809	0.000809	0.000809	0.000809	0.000809	0.000808	0.000808	0.000808	0.000808	0.000808	0.000808	0.000809
-51.711224	-51.705742	-51.698975	-51.690896	-51.681516	-51.670885	-51.659020	-51.646008	-51.631921	-51.616801	-51.600814	-51.584216	-51.567093	-51.549419	-51.531294	-51.512863	-51.494340	-51.475753	-51.457915	-51.440606	-51.423956	-51.408012	-51.392996	-51.379001	-51.366022	-51.354001	-51.342867	-51.332698	-51.323619	-51.315577	-51.308630	-51.302893	-51.298171	-51.294386	-51.291264	-51.288578	-51.286374	-51.284593	-51.283169	-51.282232	-51.281884	-51.282034	-51.282671	-51.283788	-51.285585	-51.288116	-51.291197	-51.294970	-51.299676	-51.305296	-51.311709	-51.318895	-51.326867	-51.335428	-51.344665	-51.354654	-51.365224	-51.376530	-51.388598	-51.401085	-51.413820	-51.426799	-51.440012	-51.453608	-51.467520	-51.481577	-51.495609	-51.509469	-51.523032	-51.536216	-51.549112	-51.561782	-51.574042	-51.586213	-51.598543	-51.610440	-51.622019	-51.633290	-51.644381	-51.655477	-51.666673	-51.678213	-51.689987	-51.702092	-51.714634	-51.727555	-51.740418	-51.752889	-51.764702	-51.775756	-51.785790	-51.794635	-51.802528	-51.809788	-51.816153	-51.821611	-51.826187	-51.829857	-51.832547	-51.834161
Mean R	Std.Dev R
0.000824	1.042238E-5
Mean T	Std.Dev T
-51.510543	0.181546
1774573
R(V)	Theta
0.000813	0.000813	0.000813	0.000813	0.000813	0.000814	0.000814	0.000814	0.000814	0.000814	0.000814	0.000814	0.000814	0.000814	0.000814	0.000814	0.000814	0.000815	0.000815	0.000815	0.000815	0.000815	0.000815	0.000815	0.000816	0.000816	0.000816	0.000817	0.000817	0.000817	0.000818	0.000818	0.000819	0.000820	0.000820	0.000821	0.000822	0.000822	0.000823	0.000824	0.000824	0.000825	0.000826	0.000826	0.000827	0.000828	0.000828	0.000829	0.000829	0.000830	0.000830	0.000831	0.000831	0.000832	0.000832	0.000833	0.000833	0.000834	0.000834	0.000835	0.000835	0.000835	0.000836	0.000836	0.000836	0.000836	0.000837	0.000837	0.000837	0.000837	0.000838	0.000838	0.000838	0.000838	0.000838	0.000838	0.000838	0.000838	0.000838	0.000838	0.000838	0.000838	0.000837	0.000837	0.000837	0.000837	0.000836	0.000836	0.000835	0.000835	0.000835	0.000834	0.000834	0.000833	0.000833	0.000832	0.000832	0.000831	0.000831	0.000830
-51.646480	-51.636106	-51.626058	-51.616328	-51.606807	-51.597598	-51.588813	-51.580613	-51.573057	-51.565714	-51.558670	-51.551504	-51.544421	-51.537562	-51.530690	-51.523712	-51.516389	-51.508696	-51.500767	-51.492604	-51.484095	-51.475038	-51.465257	-51.454797	-51.443766	-51.431897	-51.419456	-51.406762	-51.393932	-51.381250	-51.368849	-51.356825	-51.345329	-51.334473	-51.324232	-51.314795	-51.306409	-51.299278	-51.293307	-51.288596	-51.284782	-51.281673	-51.279235	-51.277551	-51.276586	-51.276195	-51.276290	-51.276954	-51.278222	-51.280037	-51.282349	-51.284983	-51.287867	-51.291033	-51.294430	-51.297798	-51.300852	-51.303484	-51.305839	-51.308035	-51.310070	-51.312049	-51.314104	-51.316494	-51.319170	-51.322281	-51.326134	-51.330656	-51.336029	-51.342306	-51.349740	-51.358346	-51.368113	-51.378916	-51.390638	-51.403109	-51.416163	-51.429738	-51.443505	-51.457052	-51.470174	-51.482741	-51.494619	-51.505797	-51.516349	-51.526600	-51.536789	-51.546990	-51.557071	-51.566873	-51.575981	-51.584262	-51.591721	-51.597922	-51.602793	-51.606585	-51.609343	-51.611220	-51.612280	-51.612641
Mean R	Std.Dev R
0.000827	9.405166E-6
Mean T	Std.Dev T
-51.430685	0.121794
1774424
R(V)	Theta
0.000825	0.000825	0.000825	0.000825	0.000824	0.000824	0.000824	0.000823	0.000823	0.000822	0.000822	0.000821	0.000821	0.000820	0.000820	0.000819	0.000819	0.000819	0.000818	0.000817	0.000817	0.000817	0.000816	0.000816	0.000816	0.000816	0.000816	0.000816	0.000816	0.000816	0.000816	0.000816	0.000816	0.000816	0.000816	0.000816	0.000816	0.000817	0.000817	0.000817	0.000818	0.000818	0.000819	0.000819	0.000820	0.000820	0.000821	0.000822	0.000822	0.000823	0.000823	0.000824	0.000825	0.000825	0.000826	0.000826	0.000827	0.000827	0.000827	0.000828	0.000828	0.000828	0.000828	0.000828	0.000828	0.000828	0.000828	0.000828	0.000827	0.000827	0.000827	0.000826	0.000826	0.000826	0.000825	0.000825	0.000825	0.000824	0.000824	0.000824	0.000823	0.000823	0.000823	0.000822	0.000822	0.000822	0.000821	0.000821	0.000821	0.000821	0.000820	0.000820	0.000820	0.000820	0.000820	0.000820	0.000819	0.000819	0.000819	0.000819
-51.572307	-51.573933	-51.575567	-51.577032	-51.578546	-51.580136	-51.581426	-51.582057	-51.582056	-51.581501	-51.580121	-51.577595	-51.573911	-51.569100	-51.563308	-51.556600	-51.548890	-51.540040	-51.530497	-51.510320	-51.510320	-51.500273	-51.479506	-51.468394	-51.456912	-51.445247	-51.433469	-51.421864	-51.410019	-51.397692	-51.384551	-51.371036	-51.356813	-51.341679	-51.325639	-51.308954	-51.291603	-51.273599	-51.255023	-51.236067	-51.217043	-51.198178	-51.179835	-51.162058	-51.145113	-51.128924	-51.113564	-51.099288	-51.086568	-51.075358	-51.065866	-51.057741	-51.050850	-51.045032	-51.040025	-51.035826	-51.032546	-51.030372	-51.029270	-51.029367	-51.030792	-51.033679	-51.038136	-51.043918	-51.050753	-51.058477	-51.066986	-51.076003	-51.085417	-51.095153	-51.105442	-51.116496	-51.128381	-51.140961	-51.154058	-51.167585	-51.181133	-51.194590	-51.208031	-51.221455	-51.234986	-51.248433	-51.261960	-51.275745	-51.289806	-51.304128	-51.318620	-51.333730	-51.349007	-51.364662	-51.380660	-51.397045	-51.413602	-51.430232	-51.446744	-51.462870	-51.478233	-51.492569	-51.505641	-51.517262
Mean R	Std.Dev R
0.000822	3.932434E-6
Mean T	Std.Dev T
-51.305298	0.193480
1774370
R(V)	Theta
0.000817	0.000817	0.000817	0.000817	0.000816	0.000816	0.000816	0.000816	0.000816	0.000816	0.000816	0.000816	0.000816	0.000816	0.000816	0.000816	0.000816	0.000817	0.000817	0.000817	0.000817	0.000818	0.000818	0.000818	0.000819	0.000819	0.000820	0.000820	0.000820	0.000821	0.000821	0.000821	0.000822	0.000822	0.000822	0.000822	0.000823	0.000823	0.000823	0.000823	0.000823	0.000824	0.000824	0.000824	0.000824	0.000824	0.000825	0.000825	0.000825	0.000826	0.000826	0.000826	0.000827	0.000827	0.000828	0.000828	0.000828	0.000829	0.000829	0.000830	0.000830	0.000830	0.000830	0.000831	0.000831	0.000831	0.000831	0.000831	0.000831	0.000830	0.000830	0.000830	0.000829	0.000829	0.000828	0.000827	0.000827	0.000826	0.000825	0.000824	0.000824	0.000823	0.000822	0.000821	0.000820	0.000820	0.000819	0.000818	0.000817	0.000817	0.000816	0.000815	0.000815	0.000814	0.000814	0.000813	0.000812	0.000812	0.000812	0.000811
-51.522837	-51.521423	-51.520491	-51.519918	-51.519354	-51.518531	-51.517460	-51.516124	-51.514305	-51.511963	-51.509135	-51.505853	-51.502412	-51.498838	-51.495233	-51.491640	-51.488070	-51.484357	-51.480371	-51.476166	-51.472011	-51.467977	-51.464072	-51.460435	-51.453432	-51.450348	-51.447647	-51.445285	-51.443116	-51.440938	-51.438714	-51.436660	-51.434819	-51.433248	-51.432029	-51.431369	-51.431330	-51.431753	-51.432564	-51.433832	-51.435419	-51.437276	-51.439021	-51.440385	-51.441398	-51.442076	-51.442230	-51.441664	-51.440374	-51.438430	-51.435764	-51.432465	-51.428659	-51.424354	-51.419633	-51.414325	-51.408675	-51.402995	-51.397628	-51.393158	-51.389844	-51.387882	-51.387668	-51.389314	-51.393012	-51.398677	-51.406368	-51.416171	-51.428058	-51.442170	-51.458333	-51.476314	-51.496104	-51.517620	-51.540826	-51.565514	-51.591227	-51.617561	-51.644224	-51.671001	-51.697954	-51.724091	-51.749542	-51.773847	-51.796908	-51.818889	-51.839705	-51.859205	-51.877366	-51.894355	-51.910153	-51.924759	-51.938266	-51.951051	-51.963425	-51.975459	-51.987118	-51.998334	-52.008843	-52.018929
Mean R	Std.Dev R
0.000822	5.572751E-6
Mean T	Std.Dev T
-51.548781	0.181913
1773575
R(V)	Theta
0.000814	0.000814	0.000814	0.000814	0.000814	0.000815	0.000815	0.000815	0.000815	0.000815	0.000815	0.000815	0.000815	0.000815	0.000815	0.000815	0.000815	0.000815	0.000815	0.000816	0.000816	0.000816	0.000816	0.000816	0.000816	0.000816	0.000817	0.000817	0.000817	0.000817	0.000818	0.000818	0.000818	0.000819	0.000819	0.000819	0.000819	0.000819	0.000820	0.000820	0.000820	0.000820	0.000821	0.000821	0.000821	0.000821	0.000821	0.000821	0.000821	0.000821	0.000821	0.000821	0.000821	0.000821	0.000821	0.000821	0.000821	0.000820	0.000820	0.000820	0.000820	0.000820	0.000820	0.000819	0.000819	0.000819	0.000819	0.000818	0.000818	0.000818	0.000817	0.000817	0.000817	0.000816	0.000816	0.000816	0.000815	0.000815	0.000815	0.000814	0.000814	0.000814	0.000814	0.000813	0.000813	0.000813	0.000813	0.000813	0.000813	0.000813	0.000813	0.000813	0.000813	0.000813	0.000813	0.000813	0.000813	0.000813	0.000813	0.000812
-52.129486	-52.124910	-52.118582	-52.110500	-52.101001	-52.090290	-52.078578	-52.066027	-52.053029	-52.039656	-52.026009	-52.012351	-51.998877	-51.985510	-51.971989	-51.958459	-51.944917	-51.931967	-51.919383	-51.907513	-51.896509	-51.886333	-51.876376	-51.866231	-51.845232	-51.845232	-51.834433	-51.823518	-51.812540	-51.801661	-51.779523	-51.779523	-51.768358	-51.746894	-51.746894	-51.736727	-51.717378	-51.717378	-51.708130	-51.691134	-51.691134	-51.683719	-51.671206	-51.671206	-51.666103	-51.659413	-51.658061	-51.657916	-51.659008	-51.661298	-51.664504	-51.668366	-51.672912	-51.678085	-51.683721	-51.689677	-51.695721	-51.701814	-51.707988	-51.713901	-51.719405	-51.724645	-51.729777	-51.734738	-51.739346	-51.743409	-51.746850	-51.749469	-51.751241	-51.752278	-51.752495	-51.751846	-51.750259	-51.747785	-51.744683	-51.741517	-51.738729	-51.736477	-51.735045	-51.734535	-51.734729	-51.735416	-51.736582	-51.738298	-51.740654	-51.743507	-51.746588	-51.749690	-51.752891	-51.756535	-51.760466	-51.764579	-51.768825	-51.772851	-51.776307	-51.778899	-51.780463	-51.780999	-51.780399	-51.778643
Mean R	Std.Dev R
0.000817	2.820982E-6
Mean T	Std.Dev T
-51.800066	0.128672
1773584
R(V)	Theta
0.000813	0.000814	0.000814	0.000814	0.000814	0.000814	0.000814	0.000814	0.000814	0.000814	0.000814	0.000814	0.000814	0.000815	0.000815	0.000815	0.000815	0.000815	0.000815	0.000816	0.000816	0.000816	0.000816	0.000817	0.000817	0.000817	0.000817	0.000817	0.000818	0.000818	0.000818	0.000818	0.000819	0.000819	0.000819	0.000819	0.000819	0.000820	0.000820	0.000820	0.000820	0.000820	0.000820	0.000820	0.000820	0.000820	0.000820	0.000820	0.000820	0.000820	0.000820	0.000820	0.000820	0.000820	0.000820	0.000820	0.000820	0.000819	0.000819	0.000819	0.000819	0.000819	0.000819	0.000818	0.000818	0.000818	0.000818	0.000817	0.000817	0.000817	0.000817	0.000816	0.000816	0.000816	0.000816	0.000815	0.000815	0.000815	0.000815	0.000815	0.000814	0.000814	0.000814	0.000814	0.000814	0.000814	0.000814	0.000814	0.000814	0.000814	0.000814	0.000814	0.000814	0.000814	0.000814	0.000814	0.000815	0.000815	0.000815	0.000816
-51.449178	-51.432261	-51.416414	-51.401557	-51.387867	-51.375670	-51.364953	-51.355590	-51.347570	-51.340630	-51.335214	-51.331205	-51.328609	-51.327387	-51.327539	-51.328802	-51.331091	-51.334292	-51.338192	-51.342698	-51.347780	-51.353346	-51.359348	-51.365611	-51.372067	-51.378685	-51.385638	-51.392989	-51.400597	-51.408239	-51.416086	-51.424279	-51.432895	-51.441841	-51.451017	-51.460743	-51.470863	-51.481180	-51.491298	-51.501358	-51.511173	-51.520614	-51.529671	-51.538408	-51.546808	-51.554779	-51.562340	-51.569243	-51.575135	-51.579804	-51.583239	-51.585386	-51.586064	-51.585210	-51.582784	-51.578994	-51.573973	-51.567940	-51.561216	-51.554164	-51.546974	-51.539954	-51.533527	-51.527784	-51.522702	-51.518207	-51.514284	-51.511219	-51.509031	-51.507632	-51.506784	-51.506254	-51.505910	-51.505643	-51.505435	-51.505215	-51.504917	-51.504511	-51.503732	-51.502329	-51.500310	-51.497516	-51.493595	-51.488457	-51.482011	-51.474322	-51.465566	-51.455872	-51.445448	-51.434271	-51.422454	-51.410145	-51.397499	-51.384751	-51.371806	-51.359114	-51.346752	-51.334718	-51.323228	-51.312381
Mean R	Std.Dev R
0.000817	2.382699E-6
Mean T	Std.Dev T
-51.454618	0.083762
1772637
R(V)	Theta
0.000817	0.000816	0.000816	0.000816	0.000815	0.000815	0.000814	0.000814	0.000813	0.000813	0.000812	0.000812	0.000811	0.000811	0.000810	0.000810	0.000809	0.000809	0.000809	0.000808	0.000808	0.000808	0.000807	0.000807	0.000807	0.000807	0.000806	0.000806	0.000806	0.000806	0.000806	0.000806	0.000806	0.000806	0.000806	0.000806	0.000806	0.000806	0.000806	0.000806	0.000807	0.000807	0.000807	0.000807	0.000808	0.000808	0.000808	0.000809	0.000809	0.000810	0.000810	0.000811	0.000812	0.000812	0.000813	0.000813	0.000814	0.000814	0.000815	0.000815	0.000816	0.000816	0.000817	0.000817	0.000817	0.000817	0.000817	0.000818	0.000818	0.000818	0.000818	0.000818	0.000818	0.000818	0.000819	0.000819	0.000819	0.000819	0.000819	0.000819	0.000819	0.000819	0.000819	0.000820	0.000820	0.000820	0.000820	0.000820	0.000820	0.000820	0.000820	0.000820	0.000820	0.000820	0.000820	0.000819	0.000819	0.000819	0.000818	0.000818
-51.376016	-51.389407	-51.402764	-51.416048	-51.429131	-51.441776	-51.453968	-51.465745	-51.476928	-51.487690	-51.497952	-51.507873	-51.517545	-51.527051	-51.536547	-51.546040	-51.555608	-51.565161	-51.574739	-51.584138	-51.593256	-51.601914	-51.610139	-51.617745	-51.624401	-51.629955	-51.634356	-51.637735	-51.640046	-51.641210	-51.641021	-51.639659	-51.637178	-51.633601	-51.628983	-51.623032	-51.615714	-51.606960	-51.596604	-51.584751	-51.571714	-51.557582	-51.542653	-51.527439	-51.512282	-51.497269	-51.482612	-51.468160	-51.454060	-51.440398	-51.427062	-51.413735	-51.400268	-51.386595	-51.372754	-51.358692	-51.344270	-51.329441	-51.314025	-51.298708	-51.283485	-51.268241	-51.253103	-51.238070	-51.223349	-51.209182	-51.195401	-51.181878	-51.168662	-51.155732	-51.143190	-51.131015	-51.119069	-51.107559	-51.096716	-51.086821	-51.078040	-51.070278	-51.063498	-51.057780	-51.053227	-51.049999	-51.048237	-51.047862	-51.048469	-51.049889	-51.052369	-51.055988	-51.060415	-51.065683	-51.071689	-51.078518	-51.086304	-51.095061	-51.104772	-51.115469	-51.127246	-51.140092	-51.153845	-51.168624
Mean R	Std.Dev R
0.000813	5.116910E-6
Mean T	Std.Dev T
-51.356949	0.213424
1772390
R(V)	Theta
0.000811	0.000811	0.000810	0.000810	0.000810	0.000810	0.000810	0.000810	0.000809	0.000809	0.000809	0.000809	0.000809	0.000809	0.000808	0.000808	0.000808	0.000808	0.000808	0.000808	0.000807	0.000807	0.000807	0.000807	0.000807	0.000807	0.000807	0.000807	0.000807	0.000807	0.000807	0.000807	0.000807	0.000807	0.000807	0.000807	0.000807	0.000807	0.000808	0.000808	0.000808	0.000808	0.000809	0.000809	0.000809	0.000810	0.000810	0.000810	0.000810	0.000810	0.000811	0.000811	0.000811	0.000811	0.000811	0.000811	0.000811	0.000811	0.000811	0.000811	0.000811	0.000811	0.000811	0.000811	0.000811	0.000811	0.000810	0.000810	0.000810	0.000809	0.000809	0.000809	0.000808	0.000808	0.000807	0.000807	0.000806	0.000806	0.000805	0.000805	0.000804	0.000804	0.000803	0.000803	0.000802	0.000802	0.000802	0.000801	0.000801	0.000801	0.000800	0.000800	0.000800	0.000800	0.000800	0.000800	0.000799	0.000799	0.000799	0.000799
-51.569677	-51.583965	-51.597612	-51.610317	-51.621708	-51.631629	-51.640087	-51.647290	-51.653506	-51.658974	-51.663607	-51.667156	-51.669608	-51.671098	-51.671635	-51.671284	-51.669877	-51.667666	-51.664740	-51.661088	-51.656688	-51.651661	-51.645891	-51.639694	-51.633009	-51.625727	-51.617953	-51.609742	-51.601480	-51.593401	-51.585673	-51.578561	-51.571948	-51.565961	-51.560599	-51.555762	-51.551295	-51.547245	-51.543483	-51.540059	-51.536877	-51.534040	-51.531682	-51.529770	-51.528454	-51.527864	-51.528210	-51.529513	-51.531681	-51.534800	-51.538851	-51.543744	-51.549259	-51.555440	-51.562360	-51.570060	-51.578569	-51.587790	-51.597590	-51.607993	-51.619026	-51.630756	-51.643293	-51.656545	-51.670420	-51.684939	-51.700070	-51.715813	-51.731780	-51.747985	-51.764376	-51.780848	-51.797252	-51.813450	-51.829526	-51.845333	-51.860783	-51.875734	-51.889978	-51.903571	-51.915765	-51.926784	-51.936685	-51.945380	-51.952807	-51.958742	-51.963066	-51.965681	-51.966150	-51.964356	-51.960300	-51.953938	-51.945310	-51.934556	-51.921819	-51.907252	-51.890904	-51.872867	-51.853390	-51.832985
Mean R	Std.Dev R
0.000807	3.556787E-6
Mean T	Std.Dev T
-51.695031	0.145385
1772376
R(V)	Theta
0.000803	0.000803	0.000803	0.000803	0.000804	0.000804	0.000804	0.000805	0.000805	0.000805	0.000805	0.000806	0.000806	0.000806	0.000806	0.000806	0.000806	0.000806	0.000806	0.000806	0.000806	0.000806	0.000806	0.000806	0.000806	0.000806	0.000806	0.000806	0.000806	0.000806	0.000805	0.000805	0.000805	0.000805	0.000805	0.000805	0.000805	0.000804	0.000804	0.000804	0.000804	0.000804	0.000804	0.000803	0.000803	0.000803	0.000803	0.000803	0.000803	0.000803	0.000803	0.000803	0.000803	0.000803	0.000803	0.000803	0.000803	0.000803	0.000803	0.000803	0.000803	0.000803	0.000803	0.000803	0.000803	0.000803	0.000803	0.000803	0.000803	0.000803	0.000803	0.000803	0.000802	0.000802	0.000802	0.000802	0.000802	0.000802	0.000802	0.000802	0.000802	0.000802	0.000802	0.000803	0.000803	0.000803	0.000803	0.000803	0.000803	0.000804	0.000804	0.000804	0.000804	0.000805	0.000805	0.000805	0.000805	0.000805	0.000806	0.000806
-51.352991	-51.341684	-51.331938	-51.323674	-51.317184	-51.312644	-51.310129	-51.309754	-51.311301	-51.314586	-51.319704	-51.326703	-51.335572	-51.346076	-51.358192	-51.371507	-51.386118	-51.401921	-51.418653	-51.435977	-51.453630	-51.471575	-51.489610	-51.507616	-51.525588	-51.543342	-51.560638	-51.577497	-51.593961	-51.610034	-51.625834	-51.641435	-51.656923	-51.671995	-51.686394	-51.700161	-51.713372	-51.726051	-51.738013	-51.749106	-51.759162	-51.768116	-51.776190	-51.783568	-51.789964	-51.795403	-51.799995	-51.803691	-51.806670	-51.809153	-51.811358	-51.813308	-51.814812	-51.815989	-51.816923	-51.817623	-51.817916	-51.817717	-51.816973	-51.815508	-51.813457	-51.810760	-51.807140	-51.802410	-51.796555	-51.789700	-51.781950	-51.773311	-51.763847	-51.753513	-51.742506	-51.730907	-51.718569	-51.706016	-51.693692	-51.681794	-51.670383	-51.659342	-51.648572	-51.638208	-51.628347	-51.619027	-51.610533	-51.602904	-51.596182	-51.590458	-51.585587	-51.581603	-51.578476	-51.576193	-51.574645	-51.573594	-51.572873	-51.572692	-51.573089	-51.573780	-51.574713	-51.576007	-51.577814	-51.580238
Mean R	Std.Dev R
0.000804	1.348214E-6
Mean T	Std.Dev T
-51.617205	0.166399
1772233
R(V)	Theta
0.000810	0.000810	0.000810	0.000810	0.000810	0.000809	0.000809	0.000809	0.000809	0.000809	0.000808	0.000808	0.000808	0.000808	0.000807	0.000807	0.000807	0.000807	0.000807	0.000807	0.000807	0.000807	0.000807	0.000807	0.000807	0.000807	0.000807	0.000807	0.000807	0.000807	0.000807	0.000807	0.000807	0.000807	0.000807	0.000807	0.000807	0.000807	0.000808	0.000808	0.000808	0.000808	0.000808	0.000809	0.000809	0.000809	0.000809	0.000809	0.000810	0.000810	0.000810	0.000810	0.000811	0.000811	0.000811	0.000811	0.000811	0.000812	0.000812	0.000812	0.000812	0.000813	0.000813	0.000813	0.000814	0.000814	0.000814	0.000815	0.000815	0.000815	0.000816	0.000816	0.000816	0.000816	0.000817	0.000817	0.000817	0.000818	0.000818	0.000818	0.000818	0.000819	0.000819	0.000819	0.000819	0.000820	0.000820	0.000820	0.000820	0.000820	0.000820	0.000820	0.000820	0.000820	0.000820	0.000820	0.000820	0.000820	0.000820	0.000820
-51.732840	-51.736839	-51.739674	-51.741223	-51.741596	-51.740725	-51.738509	-51.734731	-51.729768	-51.723895	-51.717122	-51.709327	-51.700477	-51.690777	-51.680398	-51.669493	-51.658168	-51.646401	-51.634379	-51.622351	-51.610615	-51.599356	-51.588667	-51.578617	-51.569274	-51.560735	-51.553326	-51.547229	-51.542430	-51.538757	-51.536064	-51.534241	-51.533332	-51.533458	-51.534496	-51.536243	-51.538653	-51.541519	-51.544635	-51.547844	-51.551018	-51.554072	-51.556983	-51.559830	-51.562836	-51.566139	-51.569829	-51.574113	-51.578951	-51.584049	-51.589244	-51.594613	-51.600045	-51.605548	-51.611223	-51.616884	-51.622322	-51.627378	-51.631780	-51.635387	-51.638071	-51.639772	-51.640688	-51.640766	-51.639964	-51.638257	-51.635891	-51.633074	-51.629942	-51.626501	-51.622682	-51.618486	-51.614022	-51.609402	-51.604468	-51.599030	-51.592961	-51.586323	-51.579231	-51.571728	-51.563868	-51.555839	-51.547791	-51.539891	-51.532188	-51.524991	-51.518624	-51.513083	-51.508381	-51.504465	-51.501413	-51.499251	-51.497853	-51.497157	-51.497069	-51.497801	-51.499102	-51.500825	-51.502778	-51.504745
Mean R	Std.Dev R
0.000812	4.975184E-6
Mean T	Std.Dev T
-51.596188	0.069990
1771194
R(V)	Theta
0.000820	0.000820	0.000821	0.000821	0.000821	0.000821	0.000821	0.000822	0.000822	0.000822	0.000822	0.000822	0.000823	0.000823	0.000823	0.000823	0.000823	0.000823	0.000824	0.000824	0.000824	0.000824	0.000824	0.000824	0.000824	0.000824	0.000824	0.000823	0.000823	0.000823	0.000823	0.000823	0.000823	0.000823	0.000823	0.000823	0.000823	0.000823	0.000823	0.000823	0.000823	0.000823	0.000823	0.000823	0.000824	0.000824	0.000824	0.000824	0.000825	0.000825	0.000825	0.000826	0.000826	0.000827	0.000827	0.000828	0.000829	0.000829	0.000830	0.000830	0.000831	0.000831	0.000831	0.000832	0.000832	0.000833	0.000833	0.000834	0.000834	0.000835	0.000835	0.000836	0.000836	0.000836	0.000837	0.000837	0.000838	0.000838	0.000838	0.000838	0.000839	0.000839	0.000839	0.000839	0.000839	0.000839	0.000840	0.000840	0.000840	0.000840	0.000840	0.000840	0.000840	0.000840	0.000839	0.000839	0.000839	0.000839	0.000839	0.000839
-51.518020	-51.516550	-51.514320	-51.511723	-51.509134	-51.505816	-51.501901	-51.497658	-51.493390	-51.489273	-51.485560	-51.482493	-51.480174	-51.478746	-51.478382	-51.479301	-51.481693	-51.485522	-51.490476	-51.496361	-51.503001	-51.510387	-51.518271	-51.526395	-51.534258	-51.541745	-51.548860	-51.555332	-51.560807	-51.565233	-51.568377	-51.570363	-51.571126	-51.570399	-51.568094	-51.564319	-51.559323	-51.553565	-51.547294	-51.540692	-51.533780	-51.526601	-51.519237	-51.511775	-51.504312	-51.497120	-51.490494	-51.484384	-51.478707	-51.468282	-51.468282	-51.463571	-51.459283	-51.455405	-51.451747	-51.444767	-51.441372	-51.438118	-51.434807	-51.431331	-51.427746	-51.424196	-51.420894	-51.417983	-51.415393	-51.413203	-51.411669	-51.411071	-51.411424	-51.412681	-51.415093	-51.418598	-51.423198	-51.428726	-51.435090	-51.442246	-51.450065	-51.458386	-51.467022	-51.475898	-51.485018	-51.494293	-51.503684	-51.513181	-51.522649	-51.532024	-51.540961	-51.549441	-51.557256	-51.564543	-51.571441	-51.578050	-51.584337	-51.590255	-51.595813	-51.601036	-51.605630	-51.609361	-51.612011	-51.613488
Mean R	Std.Dev R
0.000829	7.040624E-6
Mean T	Std.Dev T
-51.501828	0.055754
1771031
R(V)	Theta
0.000841	0.000841	0.000841	0.000842	0.000842	0.000842	0.000842	0.000843	0.000843	0.000843	0.000843	0.000844	0.000844	0.000844	0.000845	0.000845	0.000845	0.000845	0.000846	0.000846	0.000846	0.000846	0.000847	0.000847	0.000847	0.000848	0.000848	0.000848	0.000848	0.000849	0.000849	0.000849	0.000849	0.000849	0.000850	0.000850	0.000850	0.000850	0.000850	0.000850	0.000850	0.000850	0.000850	0.000850	0.000850	0.000850	0.000850	0.000850	0.000850	0.000850	0.000850	0.000850	0.000849	0.000849	0.000849	0.000849	0.000849	0.000849	0.000849	0.000849	0.000849	0.000849	0.000849	0.000849	0.000849	0.000849	0.000849	0.000849	0.000849	0.000849	0.000849	0.000848	0.000848	0.000848	0.000848	0.000847	0.000847	0.000846	0.000846	0.000846	0.000845	0.000845	0.000845	0.000844	0.000844	0.000844	0.000843	0.000843	0.000843	0.000842	0.000842	0.000842	0.000841	0.000841	0.000841	0.000841	0.000840	0.000840	0.000840	0.000840
-51.457155	-51.449092	-51.441190	-51.433496	-51.426002	-51.418697	-51.411747	-51.405360	-51.399571	-51.394363	-51.389802	-51.385747	-51.382217	-51.379314	-51.377424	-51.376656	-51.376787	-51.377754	-51.379514	-51.382256	-51.386002	-51.390785	-51.396287	-51.402628	-51.409968	-51.418311	-51.427594	-51.437907	-51.449125	-51.461017	-51.473390	-51.486054	-51.498990	-51.512029	-51.525001	-51.537745	-51.549867	-51.561188	-51.571806	-51.581826	-51.591317	-51.600175	-51.608426	-51.616003	-51.622976	-51.629505	-51.635515	-51.640816	-51.645088	-51.648328	-51.650532	-51.651798	-51.652171	-51.651790	-51.650417	-51.648238	-51.645343	-51.641710	-51.637364	-51.632296	-51.626443	-51.619521	-51.611569	-51.602559	-51.592651	-51.581882	-51.570234	-51.558029	-51.545331	-51.532344	-51.519175	-51.505925	-51.492797	-51.479819	-51.466703	-51.453400	-51.439611	-51.425325	-51.410539	-51.395025	-51.379293	-51.363498	-51.347734	-51.316440	-51.301153	-51.301153	-51.272656	-51.272656	-51.259821	-51.236891	-51.226932	-51.218145	-51.210455	-51.203893	-51.198735	-51.195046	-51.192827	-51.191939	-51.192255	-51.193740
Mean R	Std.Dev R
0.000846	3.278175E-6
Mean T	Std.Dev T
-51.457256	0.138023
1771026
R(V)	Theta
0.000833	0.000833	0.000832	0.000832	0.000831	0.000831	0.000830	0.000830	0.000829	0.000829	0.000828	0.000827	0.000827	0.000826	0.000826	0.000825	0.000824	0.000824	0.000823	0.000822	0.000822	0.000821	0.000820	0.000820	0.000819	0.000819	0.000818	0.000817	0.000817	0.000817	0.000816	0.000816	0.000815	0.000815	0.000815	0.000814	0.000814	0.000814	0.000814	0.000813	0.000813	0.000813	0.000813	0.000813	0.000812	0.000812	0.000812	0.000812	0.000812	0.000811	0.000811	0.000811	0.000811	0.000811	0.000810	0.000810	0.000810	0.000810	0.000810	0.000809	0.000809	0.000809	0.000809	0.000809	0.000808	0.000808	0.000808	0.000808	0.000808	0.000808	0.000808	0.000808	0.000808	0.000808	0.000808	0.000808	0.000808	0.000808	0.000808	0.000808	0.000808	0.000809	0.000809	0.000809	0.000809	0.000810	0.000810	0.000810	0.000810	0.000811	0.000811	0.000812	0.000812	0.000813	0.000813	0.000814	0.000814	0.000815	0.000815	0.000816
-51.426870	-51.442740	-51.459172	-51.476091	-51.493426	-51.511148	-51.529323	-51.547887	-51.566831	-51.586164	-51.605922	-51.625965	-51.646164	-51.666275	-51.686537	-51.706009	-51.724934	-51.743198	-51.760686	-51.777325	-51.793152	-51.808212	-51.822351	-51.835185	-51.846516	-51.856177	-51.864015	-51.870134	-51.874730	-51.877781	-51.879341	-51.879263	-51.877613	-51.874504	-51.869829	-51.863855	-51.856993	-51.849200	-51.840436	-51.830870	-51.820533	-51.809558	-51.797919	-51.786093	-51.774057	-51.761833	-51.749477	-51.737038	-51.724526	-51.711809	-51.698913	-51.685952	-51.672896	-51.659736	-51.646547	-51.633404	-51.620214	-51.606935	-51.593212	-51.579100	-51.564732	-51.550031	-51.534978	-51.519813	-51.504860	-51.490306	-51.476209	-51.462735	-51.449946	-51.437888	-51.426691	-51.416209	-51.406813	-51.398130	-51.390353	-51.383729	-51.378482	-51.374641	-51.372059	-51.370784	-51.370691	-51.371440	-51.372832	-51.374784	-51.377335	-51.380472	-51.384111	-51.388063	-51.392101	-51.396162	-51.400180	-51.404051	-51.407794	-51.411328	-51.414577	-51.417441	-51.419912	-51.422153	-51.424092	-51.425719
Mean R	Std.Dev R
0.000815	7.411384E-6
Mean T	Std.Dev T
-51.599872	0.180839
1770047
R(V)	Theta
0.000827	0.000827	0.000828	0.000828	0.000828	0.000828	0.000829	0.000829	0.000829	0.000829	0.000829	0.000829	0.000830	0.000830	0.000830	0.000830	0.000830	0.000830	0.000830	0.000830	0.000830	0.000830	0.000830	0.000830	0.000830	0.000830	0.000830	0.000830	0.000830	0.000830	0.000830	0.000830	0.000830	0.000830	0.000830	0.000830	0.000830	0.000830	0.000829	0.000829	0.000829	0.000829	0.000828	0.000828	0.000828	0.000828	0.000827	0.000827	0.000827	0.000826	0.000826	0.000826	0.000826	0.000826	0.000826	0.000826	0.000826	0.000826	0.000826	0.000826	0.000826	0.000826	0.000827	0.000827	0.000827	0.000828	0.000828	0.000828	0.000829	0.000829	0.000829	0.000830	0.000830	0.000830	0.000830	0.000831	0.000831	0.000831	0.000831	0.000832	0.000832	0.000832	0.000832	0.000832	0.000833	0.000833	0.000833	0.000833	0.000834	0.000834	0.000834	0.000834	0.000835	0.000835	0.000835	0.000835	0.000835	0.000835	0.000835	0.000836
-51.541835	-51.548438	-51.554474	-51.559853	-51.564372	-51.567850	-51.570252	-51.571572	-51.572261	-51.572518	-51.572201	-51.571110	-51.569116	-51.566215	-51.562392	-51.557598	-51.551829	-51.545286	-51.538016	-51.530073	-51.521506	-51.512304	-51.502474	-51.492030	-51.481284	-51.470527	-51.459887	-51.449445	-51.439413	-51.430044	-51.421499	-51.413521	-51.405891	-51.398563	-51.391533	-51.384838	-51.378768	-51.373307	-51.368394	-51.363793	-51.359348	-51.354944	-51.350253	-51.345290	-51.340071	-51.334720	-51.329326	-51.323994	-51.318712	-51.313463	-51.308082	-51.302804	-51.297696	-51.292680	-51.287652	-51.282600	-51.277310	-51.271726	-51.265900	-51.259803	-51.253564	-51.247261	-51.241185	-51.235197	-51.229558	-51.224584	-51.220504	-51.216904	-51.213401	-51.209953	-51.206579	-51.203351	-51.200533	-51.198370	-51.196799	-51.195742	-51.195257	-51.195103	-51.195303	-51.195654	-51.196095	-51.196736	-51.197827	-51.199495	-51.201788	-51.204782	-51.208758	-51.213803	-51.219993	-51.227364	-51.236045	-51.245960	-51.257426	-51.270112	-51.283901	-51.298477	-51.313645	-51.329312	-51.345443	-51.362047
Mean R	Std.Dev R
0.000830	2.622781E-6
Mean T	Std.Dev T
-51.353465	0.132831
1769750
R(V)	Theta
0.000838	0.000839	0.000839	0.000840	0.000840	0.000840	0.000841	0.000841	0.000841	0.000842	0.000842	0.000842	0.000842	0.000842	0.000842	0.000843	0.000843	0.000843	0.000843	0.000843	0.000843	0.000843	0.000843	0.000844	0.000844	0.000844	0.000844	0.000844	0.000844	0.000845	0.000845	0.000845	0.000845	0.000845	0.000845	0.000845	0.000845	0.000845	0.000845	0.000845	0.000845	0.000845	0.000844	0.000844	0.000843	0.000843	0.000842	0.000842	0.000841	0.000840	0.000839	0.000838	0.000838	0.000837	0.000836	0.000835	0.000834	0.000833	0.000832	0.000831	0.000830	0.000829	0.000828	0.000827	0.000826	0.000826	0.000825	0.000824	0.000824	0.000823	0.000823	0.000822	0.000822	0.000822	0.000821	0.000821	0.000821	0.000821	0.000821	0.000821	0.000821	0.000821	0.000821	0.000821	0.000821	0.000821	0.000821	0.000822	0.000822	0.000822	0.000822	0.000822	0.000822	0.000822	0.000822	0.000822	0.000822	0.000822	0.000822	0.000822
-51.694395	-51.698450	-51.701862	-51.704752	-51.707246	-51.709542	-51.712000	-51.714899	-51.718396	-51.722679	-51.727757	-51.733568	-51.746565	-51.753166	-51.753166	-51.765625	-51.771441	-51.776857	-51.781785	-51.786043	-51.789591	-51.792210	-51.793710	-51.794131	-51.793607	-51.792113	-51.789781	-51.786804	-51.783550	-51.780173	-51.776934	-51.773822	-51.770716	-51.767658	-51.764729	-51.761908	-51.759287	-51.756874	-51.754677	-51.752704	-51.751044	-51.749679	-51.748788	-51.748027	-51.747052	-51.745845	-51.744253	-51.742092	-51.739223	-51.735453	-51.730721	-51.724959	-51.718052	-51.709830	-51.700333	-51.689722	-51.677726	-51.664727	-51.650278	-51.634385	-51.617251	-51.598982	-51.579563	-51.558917	-51.537086	-51.514195	-51.490291	-51.465795	-51.441001	-51.416247	-51.391923	-51.368138	-51.345053	-51.322911	-51.301945	-51.282473	-51.264531	-51.248081	-51.232979	-51.219187	-51.206586	-51.195390	-51.185616	-51.176972	-51.169015	-51.161704	-51.154669	-51.147912	-51.141369	-51.134893	-51.128416	-51.121992	-51.115792	-51.109843	-51.104142	-51.098835	-51.094151	-51.090219	-51.087027	-51.084338
Mean R	Std.Dev R
0.000834	9.783569E-6
Mean T	Std.Dev T
-51.554728	0.256106
1769675
R(V)	Theta
0.000813	0.000812	0.000812	0.000811	0.000811	0.000810	0.000810	0.000809	0.000809	0.000809	0.000808	0.000808	0.000808	0.000808	0.000808	0.000808	0.000808	0.000808	0.000808	0.000808	0.000808	0.000809	0.000809	0.000809	0.000809	0.000809	0.000809	0.000809	0.000809	0.000809	0.000809	0.000809	0.000809	0.000809	0.000809	0.000809	0.000809	0.000809	0.000809	0.000809	0.000809	0.000808	0.000808	0.000808	0.000808	0.000808	0.000808	0.000809	0.000809	0.000809	0.000809	0.000809	0.000810	0.000810	0.000810	0.000811	0.000811	0.000812	0.000812	0.000813	0.000813	0.000814	0.000814	0.000815	0.000816	0.000816	0.000817	0.000817	0.000818	0.000818	0.000818	0.000819	0.000819	0.000820	0.000820	0.000820	0.000821	0.000821	0.000821	0.000821	0.000822	0.000822	0.000822	0.000822	0.000822	0.000822	0.000822	0.000821	0.000821	0.000821	0.000821	0.000820	0.000820	0.000819	0.000819	0.000818	0.000818	0.000817	0.000817	0.000816
-51.205929	-51.218762	-51.231508	-51.244262	-51.256989	-51.269498	-51.281795	-51.293729	-51.305486	-51.317066	-51.339562	-51.339562	-51.350303	-51.370440	-51.370440	-51.380036	-51.398956	-51.408578	-51.418439	-51.428581	-51.439291	-51.450368	-51.462008	-51.474528	-51.487963	-51.502113	-51.516967	-51.532515	-51.548638	-51.565011	-51.581345	-51.597289	-51.612615	-51.627267	-51.641237	-51.654420	-51.666579	-51.677647	-51.687747	-51.696987	-51.705247	-51.712424	-51.718475	-51.723408	-51.727382	-51.730508	-51.732821	-51.734474	-51.735512	-51.736176	-51.736648	-51.736964	-51.737014	-51.736674	-51.735832	-51.734469	-51.732685	-51.730453	-51.727915	-51.725171	-51.721993	-51.718370	-51.714431	-51.710144	-51.705496	-51.700451	-51.695044	-51.689141	-51.682650	-51.675632	-51.668123	-51.660134	-51.651893	-51.643557	-51.635054	-51.626471	-51.617968	-51.609484	-51.601323	-51.593488	-51.586203	-51.579616	-51.573748	-51.568660	-51.564361	-51.560859	-51.558218	-51.556450	-51.555467	-51.555239	-51.555892	-51.557432	-51.559702	-51.562676	-51.566261	-51.570414	-51.575209	-51.580602	-51.586284	-51.592021
Mean R	Std.Dev R
0.000813	5.090270E-6
Mean T	Std.Dev T
-51.571289	0.148874
1768798
R(V)	Theta
0.000807	0.000807	0.000807	0.000806	0.000806	0.000806	0.000806	0.000806	0.000805	0.000805	0.000805	0.000805	0.000805	0.000805	0.000804	0.000804	0.000804	0.000804	0.000804	0.000803	0.000803	0.000803	0.000803	0.000803	0.000803	0.000803	0.000803	0.000803	0.000803	0.000803	0.000803	0.000803	0.000803	0.000803	0.000803	0.000804	0.000804	0.000804	0.000804	0.000804	0.000805	0.000805	0.000805	0.000805	0.000805	0.000806	0.000806	0.000806	0.000806	0.000806	0.000806	0.000806	0.000806	0.000806	0.000806	0.000806	0.000806	0.000806	0.000806	0.000806	0.000806	0.000806	0.000806	0.000806	0.000805	0.000805	0.000805	0.000805	0.000804	0.000804	0.000804	0.000804	0.000803	0.000803	0.000803	0.000802	0.000802	0.000802	0.000801	0.000801	0.000801	0.000800	0.000800	0.000800	0.000799	0.000799	0.000799	0.000798	0.000798	0.000798	0.000798	0.000797	0.000797	0.000797	0.000797	0.000796	0.000796	0.000796	0.000796	0.000796
-51.573574	-51.570228	-51.566950	-51.563712	-51.560629	-51.557609	-51.554456	-51.551100	-51.547574	-51.543937	-51.540232	-51.536505	-51.532654	-51.528880	-51.525231	-51.521576	-51.517856	-51.513763	-51.508977	-51.503438	-51.497007	-51.489739	-51.481810	-51.473322	-51.464261	-51.454730	-51.444661	-51.434080	-51.423173	-51.411770	-51.399931	-51.387570	-51.374683	-51.361303	-51.347346	-51.332952	-51.318348	-51.303797	-51.289489	-51.275555	-51.262125	-51.249128	-51.237011	-51.225356	-51.214223	-51.203578	-51.193396	-51.183533	-51.174048	-51.164740	-51.155631	-51.146969	-51.138555	-51.130385	-51.122548	-51.115017	-51.107744	-51.100471	-51.093250	-51.086116	-51.078977	-51.071922	-51.065120	-51.058466	-51.051861	-51.045417	-51.039405	-51.034140	-51.029575	-51.025470	-51.022130	-51.019404	-51.017617	-51.016939	-51.017451	-51.019175	-51.022068	-51.025936	-51.030540	-51.035641	-51.041078	-51.046851	-51.053039	-51.059634	-51.066575	-51.073768	-51.081205	-51.088886	-51.096862	-51.105175	-51.113614	-51.122286	-51.131424	-51.141487	-51.152387	-51.164103	-51.176388	-51.188891	-51.201331	-51.213603
Mean R	Std.Dev R
0.000803	3.038392E-6
Mean T	Std.Dev T
-51.251341	0.195105
1768717
R(V)	Theta
0.000801	0.000801	0.000802	0.000802	0.000803	0.000803	0.000804	0.000804	0.000804	0.000805	0.000805	0.000806	0.000806	0.000806	0.000807	0.000807	0.000808	0.000808	0.000808	0.000809	0.000809	0.000809	0.000810	0.000810	0.000810	0.000811	0.000811	0.000811	0.000811	0.000811	0.000811	0.000811	0.000811	0.000811	0.000811	0.000811	0.000811	0.000811	0.000810	0.000810	0.000810	0.000810	0.000809	0.000809	0.000809	0.000808	0.000808	0.000808	0.000808	0.000807	0.000807	0.000807	0.000807	0.000807	0.000807	0.000806	0.000806	0.000806	0.000806	0.000806	0.000806	0.000806	0.000806	0.000806	0.000806	0.000806	0.000807	0.000807	0.000807	0.000807	0.000807	0.000807	0.000807	0.000807	0.000807	0.000807	0.000806	0.000806	0.000806	0.000806	0.000806	0.000806	0.000806	0.000806	0.000805	0.000805	0.000805	0.000805	0.000805	0.000805	0.000805	0.000804	0.000804	0.000804	0.000804	0.000804	0.000804	0.000804	0.000804	0.000804
-51.444513	-51.448200	-51.450658	-51.451856	-51.451910	-51.450749	-51.448765	-51.446444	-51.444063	-51.442153	-51.440881	-51.440244	-51.440052	-51.440349	-51.440966	-51.441926	-51.443116	-51.444508	-51.445950	-51.447215	-51.448405	-51.449621	-51.450891	-51.452126	-51.453302	-51.454204	-51.454795	-51.455131	-51.455318	-51.455449	-51.455562	-51.455981	-51.456688	-51.457681	-51.458698	-51.459572	-51.460125	-51.460247	-51.460025	-51.459469	-51.458839	-51.458685	-51.459175	-51.460158	-51.461851	-51.464162	-51.466940	-51.469984	-51.473206	-51.476433	-51.479830	-51.483477	-51.487371	-51.491765	-51.496889	-51.502805	-51.509458	-51.516889	-51.525233	-51.534313	-51.544014	-51.553946	-51.564045	-51.574088	-51.584068	-51.593875	-51.603452	-51.612752	-51.621504	-51.629658	-51.636938	-51.643493	-51.649531	-51.655097	-51.660451	-51.665600	-51.670548	-51.675181	-51.679668	-51.684206	-51.688795	-51.693493	-51.698115	-51.702499	-51.706822	-51.710951	-51.714855	-51.718324	-51.721293	-51.723861	-51.725963	-51.727490	-51.728393	-51.728673	-51.728442	-51.727656	-51.726203	-51.724112	-51.721282	-51.717578
Mean R	Std.Dev R
0.000807	2.539380E-6
Mean T	Std.Dev T
-51.545322	0.110232
1768556
R(V)	Theta
0.000805	0.000805	0.000805	0.000805	0.000805	0.000805	0.000805	0.000805	0.000805	0.000805	0.000804	0.000804	0.000804	0.000804	0.000804	0.000804	0.000804	0.000804	0.000804	0.000803	0.000803	0.000803	0.000803	0.000803	0.000803	0.000803	0.000803	0.000803	0.000803	0.000803	0.000803	0.000803	0.000803	0.000803	0.000803	0.000803	0.000803	0.000803	0.000803	0.000803	0.000803	0.000803	0.000803	0.000803	0.000804	0.000804	0.000804	0.000804	0.000804	0.000804	0.000804	0.000804	0.000804	0.000805	0.000805	0.000805	0.000805	0.000805	0.000806	0.000806	0.000806	0.000806	0.000806	0.000807	0.000807	0.000807	0.000808	0.000808	0.000808	0.000809	0.000809	0.000809	0.000809	0.000810	0.000810	0.000810	0.000811	0.000811	0.000811	0.000811	0.000812	0.000812	0.000812	0.000812	0.000812	0.000813	0.000813	0.000813	0.000813	0.000813	0.000813	0.000813	0.000814	0.000814	0.000814	0.000814	0.000814	0.000814	0.000814	0.000814
-51.616766	-51.620933	-51.625929	-51.631730	-51.638157	-51.645225	-51.652901	-51.669305	-51.669305	-51.677457	-51.692323	-51.698611	-51.698611	-51.708207	-51.711544	-51.711544	-51.715871	-51.716585	-51.716585	-51.714792	-51.714792	-51.712422	-51.704579	-51.699208	-51.699208	-51.685343	-51.676920	-51.668026	-51.658922	-51.649889	-51.640980	-51.632373	-51.624230	-51.616850	-51.610530	-51.605287	-51.600896	-51.597212	-51.594343	-51.592307	-51.590945	-51.590060	-51.589436	-51.588822	-51.588241	-51.587796	-51.587418	-51.587050	-51.586801	-51.586607	-51.586340	-51.585947	-51.585408	-51.584655	-51.583620	-51.582274	-51.580610	-51.578460	-51.576001	-51.573201	-51.569932	-51.566012	-51.561599	-51.556836	-51.551645	-51.546107	-51.540403	-51.534707	-51.529233	-51.524401	-51.519954	-51.515690	-51.511493	-51.507241	-51.502690	-51.497872	-51.492864	-51.487767	-51.482652	-51.477558	-51.472364	-51.467007	-51.461417	-51.455578	-51.449710	-51.443635	-51.437289	-51.430749	-51.424206	-51.417976	-51.412121	-51.406617	-51.401414	-51.396546	-51.392139	-51.388385	-51.385321	-51.382624	-51.380365	-51.378689
Mean R	Std.Dev R
0.000807	3.815343E-6
Mean T	Std.Dev T
-51.570772	0.097979
1767790
R(V)	Theta
0.000810	0.000810	0.000809	0.000809	0.000809	0.000809	0.000808	0.000808	0.000808	0.000807	0.000807	0.000807	0.000807	0.000806	0.000806	0.000806	0.000806	0.000805	0.000805	0.000805	0.000805	0.000805	0.000804	0.000804	0.000804	0.000804	0.000804	0.000804	0.000804	0.000804	0.000803	0.000803	0.000803	0.000803	0.000804	0.000804	0.000804	0.000804	0.000804	0.000804	0.000804	0.000804	0.000805	0.000805	0.000805	0.000805	0.000805	0.000805	0.000806	0.000806	0.000806	0.000806	0.000806	0.000807	0.000807	0.000807	0.000807	0.000807	0.000807	0.000808	0.000808	0.000808	0.000809	0.000809	0.000809	0.000809	0.000809	0.000810	0.000810	0.000810	0.000810	0.000810	0.000810	0.000811	0.000811	0.000811	0.000811	0.000811	0.000812	0.000812	0.000812	0.000812	0.000812	0.000812	0.000812	0.000813	0.000813	0.000813	0.000813	0.000813	0.000813	0.000813	0.000813	0.000813	0.000813	0.000813	0.000813	0.000813	0.000813	0.000813
-51.393817	-51.389973	-51.385470	-51.380308	-51.374743	-51.368702	-51.362327	-51.355809	-51.349150	-51.342339	-51.335279	-51.328216	-51.321330	-51.314538	-51.307698	-51.300621	-51.293295	-51.286233	-51.279662	-51.273745	-51.268527	-51.263711	-51.259296	-51.255246	-51.251388	-51.247592	-51.243694	-51.239573	-51.235378	-51.231237	-51.227124	-51.222857	-51.218405	-51.213862	-51.209078	-51.203818	-51.198025	-51.191938	-51.185883	-51.180231	-51.175162	-51.170918	-51.167516	-51.164815	-51.162846	-51.161748	-51.161426	-51.161570	-51.161917	-51.162381	-51.162940	-51.163574	-51.164318	-51.166415	-51.166415	-51.168069	-51.172193	-51.172193	-51.174395	-51.179251	-51.181992	-51.184954	-51.188120	-51.191386	-51.194779	-51.198307	-51.201865	-51.205166	-51.208034	-51.210639	-51.212875	-51.214652	-51.215927	-51.216640	-51.216916	-51.216980	-51.217125	-51.217289	-51.217652	-51.218338	-51.219466	-51.221008	-51.222860	-51.225023	-51.227265	-51.229803	-51.232815	-51.236206	-51.239725	-51.242975	-51.245844	-51.248417	-51.250636	-51.252462	-51.253870	-51.254873	-51.255466	-51.255471	-51.254767	-51.253292
Mean R	Std.Dev R
0.000808	3.266290E-6
Mean T	Std.Dev T
-51.235821	0.060986
1767798
R(V)	Theta
0.000811	0.000810	0.000810	0.000810	0.000810	0.000809	0.000809	0.000809	0.000809	0.000809	0.000809	0.000809	0.000809	0.000809	0.000809	0.000809	0.000809	0.000809	0.000809	0.000809	0.000809	0.000810	0.000810	0.000810	0.000810	0.000810	0.000811	0.000811	0.000811	0.000812	0.000812	0.000813	0.000813	0.000813	0.000814	0.000814	0.000815	0.000815	0.000816	0.000816	0.000816	0.000817	0.000817	0.000817	0.000818	0.000818	0.000818	0.000818	0.000818	0.000819	0.000819	0.000819	0.000819	0.000819	0.000819	0.000820	0.000820	0.000820	0.000820	0.000820	0.000820	0.000820	0.000820	0.000820	0.000820	0.000820	0.000820	0.000820	0.000820	0.000819	0.000819	0.000819	0.000819	0.000819	0.000819	0.000819	0.000819	0.000819	0.000819	0.000819	0.000819	0.000819	0.000819	0.000819	0.000819	0.000819	0.000819	0.000819	0.000819	0.000819	0.000819	0.000820	0.000820	0.000820	0.000821	0.000821	0.000822	0.000822	0.000822	0.000823
-51.224870	-51.224031	-51.222774	-51.221206	-51.219559	-51.217877	-51.215923	-51.213709	-51.211173	-51.208455	-51.205623	-51.202437	-51.199017	-51.195209	-51.191018	-51.186843	-51.182603	-51.177999	-51.172878	-51.167165	-51.160974	-51.154450	-51.147789	-51.141128	-51.134489	-51.127738	-51.120958	-51.114066	-51.107194	-51.100282	-51.093459	-51.086875	-51.080830	-51.075422	-51.070552	-51.066177	-51.062298	-51.059035	-51.056497	-51.054555	-51.053043	-51.051747	-51.050608	-51.049510	-51.048550	-51.047539	-51.046359	-51.045045	-51.043635	-51.042166	-51.040610	-51.039024	-51.037465	-51.035635	-51.033305	-51.030440	-51.027246	-51.024049	-51.021182	-51.018756	-51.016938	-51.015850	-51.015688	-51.017967	-51.020248	-51.020248	-51.026812	-51.030910	-51.030910	-51.041437	-51.041437	-51.047949	-51.063631	-51.072740	-51.072740	-51.092722	-51.103195	-51.103195	-51.124526	-51.135119	-51.135119	-51.155308	-51.165018	-51.174369	-51.183125	-51.191054	-51.197872	-51.203575	-51.208238	-51.211557	-51.213516	-51.214254	-51.213836	-51.212431	-51.210108	-51.207082	-51.203395	-51.199083	-51.194353	-51.189509
Mean R	Std.Dev R
0.000816	4.477314E-6
Mean T	Std.Dev T
-51.118381	0.073859
1766921
R(V)	Theta
0.000824	0.000824	0.000824	0.000824	0.000824	0.000824	0.000824	0.000824	0.000824	0.000825	0.000825	0.000825	0.000825	0.000825	0.000826	0.000826	0.000826	0.000826	0.000826	0.000827	0.000827	0.000827	0.000827	0.000827	0.000827	0.000828	0.000828	0.000828	0.000828	0.000828	0.000828	0.000829	0.000829	0.000829	0.000829	0.000829	0.000830	0.000830	0.000830	0.000830	0.000830	0.000831	0.000831	0.000831	0.000831	0.000831	0.000831	0.000831	0.000831	0.000831	0.000831	0.000831	0.000831	0.000831	0.000830	0.000830	0.000830	0.000830	0.000829	0.000829	0.000828	0.000828	0.000827	0.000827	0.000827	0.000827	0.000826	0.000826	0.000826	0.000826	0.000826	0.000826	0.000826	0.000826	0.000826	0.000826	0.000826	0.000826	0.000826	0.000826	0.000826	0.000827	0.000827	0.000827	0.000827	0.000827	0.000828	0.000828	0.000828	0.000828	0.000829	0.000829	0.000829	0.000829	0.000830	0.000830	0.000830	0.000830	0.000830	0.000831
-51.242967	-51.247497	-51.251060	-51.253769	-51.255796	-51.257146	-51.257915	-51.258167	-51.257983	-51.257247	-51.256041	-51.254643	-51.253419	-51.252394	-51.251551	-51.251077	-51.251153	-51.251651	-51.252494	-51.253859	-51.255799	-51.258253	-51.261277	-51.264908	-51.268838	-51.272886	-51.277198	-51.281606	-51.285831	-51.289782	-51.293199	-51.295951	-51.298002	-51.298931	-51.298685	-51.297445	-51.295388	-51.292820	-51.289781	-51.286395	-51.283093	-51.280275	-51.278071	-51.276490	-51.275607	-51.275348	-51.275604	-51.276356	-51.277546	-51.279220	-51.281521	-51.284448	-51.288070	-51.292420	-51.297339	-51.302742	-51.308557	-51.314627	-51.320892	-51.327387	-51.334015	-51.347230	-51.353335	-51.359203	-51.364645	-51.369601	-51.374093	-51.377801	-51.380843	-51.383212	-51.384821	-51.385588	-51.385499	-51.384499	-51.382444	-51.379404	-51.375505	-51.370755	-51.365306	-51.359322	-51.352920	-51.346364	-51.339956	-51.333636	-51.327314	-51.321007	-51.314878	-51.309162	-51.304042	-51.299578	-51.295849	-51.292523	-51.289345	-51.286106	-51.282662	-51.278792	-51.274389	-51.269477	-51.263872	-51.257610
Mean R	Std.Dev R
0.000828	2.164847E-6
Mean T	Std.Dev T
-51.299830	0.042647
1766807
R(V)	Theta
0.000831	0.000831	0.000831	0.000831	0.000831	0.000831	0.000831	0.000831	0.000831	0.000831	0.000831	0.000831	0.000831	0.000831	0.000831	0.000831	0.000831	0.000831	0.000831	0.000831	0.000831	0.000831	0.000831	0.000831	0.000831	0.000831	0.000831	0.000831	0.000831	0.000831	0.000831	0.000831	0.000831	0.000831	0.000831	0.000831	0.000831	0.000831	0.000831	0.000831	0.000831	0.000831	0.000831	0.000831	0.000831	0.000831	0.000831	0.000831	0.000831	0.000831	0.000832	0.000832	0.000832	0.000832	0.000832	0.000832	0.000832	0.000832	0.000832	0.000832	0.000833	0.000833	0.000833	0.000833	0.000834	0.000834	0.000834	0.000834	0.000835	0.000835	0.000836	0.000836	0.000837	0.000837	0.000837	0.000838	0.000838	0.000839	0.000839	0.000839	0.000840	0.000840	0.000840	0.000840	0.000840	0.000841	0.000841	0.000841	0.000841	0.000841	0.000841	0.000841	0.000841	0.000841	0.000841	0.000841	0.000840	0.000840	0.000840	0.000840
-51.108345	-51.108863	-51.109807	-51.111234	-51.112968	-51.114903	-51.116915	-51.118734	-51.120189	-51.121143	-51.121633	-51.121647	-51.121190	-51.120200	-51.118688	-51.116723	-51.114294	-51.111346	-51.107844	-51.103958	-51.099709	-51.095120	-51.090381	-51.085677	-51.081037	-51.076288	-51.071732	-51.067407	-51.063367	-51.059679	-51.056543	-51.054199	-51.052534	-51.051347	-51.050446	-51.049915	-51.049787	-51.050080	-51.050887	-51.051893	-51.052893	-51.054111	-51.055728	-51.057680	-51.059874	-51.062330	-51.064861	-51.067472	-51.070287	-51.073231	-51.076143	-51.079121	-51.082126	-51.085296	-51.088672	-51.092102	-51.095776	-51.099874	-51.104273	-51.108819	-51.113439	-51.118246	-51.123378	-51.128872	-51.134599	-51.140626	-51.147066	-51.153906	-51.161117	-51.168672	-51.176628	-51.184948	-51.193524	-51.202203	-51.211133	-51.220459	-51.229835	-51.239213	-51.248484	-51.257684	-51.266734	-51.275561	-51.284475	-51.293178	-51.301863	-51.310515	-51.319287	-51.328094	-51.337066	-51.346264	-51.355771	-51.365696	-51.387090	-51.398785	-51.398785	-51.423875	-51.437487	-51.451947	-51.467125	-51.482773
Mean R	Std.Dev R
0.000834	3.846420E-6
Mean T	Std.Dev T
-51.159257	0.115194
1766786
R(V)	Theta
0.000838	0.000838	0.000839	0.000839	0.000839	0.000839	0.000839	0.000840	0.000840	0.000840	0.000840	0.000841	0.000841	0.000841	0.000841	0.000841	0.000842	0.000842	0.000842	0.000842	0.000842	0.000842	0.000842	0.000843	0.000843	0.000843	0.000843	0.000843	0.000843	0.000843	0.000843	0.000843	0.000843	0.000842	0.000842	0.000842	0.000842	0.000841	0.000841	0.000841	0.000840	0.000840	0.000840	0.000839	0.000839	0.000838	0.000838	0.000837	0.000837	0.000836	0.000836	0.000835	0.000835	0.000834	0.000833	0.000833	0.000832	0.000832	0.000831	0.000831	0.000830	0.000829	0.000829	0.000828	0.000828	0.000827	0.000827	0.000826	0.000826	0.000825	0.000825	0.000824	0.000824	0.000823	0.000823	0.000822	0.000822	0.000821	0.000820	0.000820	0.000819	0.000819	0.000818	0.000818	0.000817	0.000817	0.000816	0.000815	0.000815	0.000814	0.000814	0.000813	0.000812	0.000812	0.000811	0.000811	0.000810	0.000810	0.000809	0.000809
-51.610622	-51.602868	-51.594597	-51.586247	-51.577938	-51.569832	-51.561994	-51.554433	-51.547278	-51.540788	-51.535061	-51.530112	-51.525839	-51.522224	-51.519464	-51.517648	-51.516711	-51.516393	-51.516499	-51.516691	-51.516989	-51.517414	-51.517883	-51.518439	-51.518992	-51.519555	-51.519885	-51.520010	-51.519943	-51.519775	-51.519368	-51.518829	-51.518175	-51.517308	-51.516098	-51.514703	-51.513191	-51.511426	-51.509345	-51.506850	-51.503948	-51.500438	-51.496259	-51.491689	-51.487032	-51.482444	-51.477613	-51.472652	-51.467516	-51.462068	-51.456172	-51.449939	-51.443498	-51.436900	-51.429990	-51.422524	-51.414581	-51.406202	-51.397246	-51.387694	-51.377566	-51.367101	-51.356150	-51.344624	-51.332431	-51.319537	-51.305961	-51.291943	-51.277606	-51.262939	-51.248010	-51.232935	-51.217650	-51.202212	-51.187070	-51.172436	-51.158798	-51.145880	-51.133845	-51.122835	-51.112625	-51.103178	-51.094413	-51.086345	-51.079139	-51.072842	-51.067419	-51.062661	-51.058529	-51.055068	-51.052329	-51.050398	-51.049022	-51.047842	-51.046609	-51.045225	-51.043809	-51.042390	-51.040995	-51.039755
Mean R	Std.Dev R
0.000831	1.096102E-5
Mean T	Std.Dev T
-51.366919	0.189495
1765829
R(V)	Theta
0.000806	0.000807	0.000807	0.000807	0.000808	0.000808	0.000808	0.000809	0.000809	0.000809	0.000809	0.000810	0.000810	0.000810	0.000810	0.000810	0.000810	0.000811	0.000811	0.000811	0.000811	0.000811	0.000811	0.000811	0.000812	0.000812	0.000812	0.000813	0.000813	0.000814	0.000814	0.000815	0.000815	0.000816	0.000816	0.000817	0.000817	0.000818	0.000819	0.000819	0.000820	0.000820	0.000821	0.000821	0.000821	0.000822	0.000822	0.000822	0.000823	0.000823	0.000823	0.000823	0.000823	0.000823	0.000823	0.000823	0.000823	0.000823	0.000823	0.000823	0.000823	0.000823	0.000823	0.000823	0.000823	0.000823	0.000822	0.000822	0.000822	0.000822	0.000821	0.000821	0.000821	0.000820	0.000820	0.000819	0.000819	0.000819	0.000818	0.000818	0.000817	0.000817	0.000816	0.000816	0.000816	0.000815	0.000815	0.000815	0.000814	0.000814	0.000814	0.000814	0.000814	0.000814	0.000814	0.000814	0.000814	0.000814	0.000814	0.000814
-51.030241	-51.031323	-51.032653	-51.034409	-51.036734	-51.039703	-51.043456	-51.048120	-51.053711	-51.060366	-51.068553	-51.077713	-51.087646	-51.098282	-51.109636	-51.121528	-51.133658	-51.145915	-51.158369	-51.170773	-51.182998	-51.195022	-51.206736	-51.218257	-51.229537	-51.240670	-51.251992	-51.263755	-51.276165	-51.289051	-51.301935	-51.314761	-51.327566	-51.340364	-51.353141	-51.366028	-51.379208	-51.392472	-51.405957	-51.418994	-51.431867	-51.444557	-51.456906	-51.468716	-51.479836	-51.490170	-51.499650	-51.508188	-51.515667	-51.522124	-51.527541	-51.531933	-51.535422	-51.537910	-51.539751	-51.541118	-51.542056	-51.542606	-51.543161	-51.543968	-51.544939	-51.546004	-51.547118	-51.548444	-51.549937	-51.551445	-51.553022	-51.554771	-51.556626	-51.558545	-51.560516	-51.562448	-51.564079	-51.565462	-51.566549	-51.567035	-51.566748	-51.565663	-51.563737	-51.560841	-51.557161	-51.552953	-51.548392	-51.543392	-51.538048	-51.532727	-51.527491	-51.522292	-51.517035	-51.511777	-51.506625	-51.501749	-51.497267	-51.493143	-51.489206	-51.485666	-51.482881	-51.480959	-51.479892	-51.479729
Mean R	Std.Dev R
0.000816	5.162431E-6
Mean T	Std.Dev T
-51.391429	0.186315
1765790
R(V)	Theta
0.000813	0.000813	0.000813	0.000813	0.000812	0.000812	0.000812	0.000812	0.000812	0.000811	0.000811	0.000811	0.000811	0.000811	0.000811	0.000811	0.000811	0.000812	0.000812	0.000812	0.000812	0.000812	0.000812	0.000812	0.000812	0.000812	0.000812	0.000812	0.000812	0.000812	0.000812	0.000812	0.000812	0.000812	0.000812	0.000812	0.000812	0.000812	0.000812	0.000812	0.000812	0.000812	0.000812	0.000812	0.000812	0.000812	0.000812	0.000812	0.000813	0.000813	0.000813	0.000814	0.000814	0.000815	0.000815	0.000816	0.000816	0.000817	0.000818	0.000818	0.000819	0.000820	0.000820	0.000821	0.000822	0.000822	0.000823	0.000824	0.000824	0.000825	0.000825	0.000826	0.000827	0.000827	0.000828	0.000828	0.000829	0.000829	0.000830	0.000830	0.000831	0.000831	0.000832	0.000832	0.000832	0.000833	0.000833	0.000833	0.000834	0.000834	0.000834	0.000834	0.000834	0.000834	0.000834	0.000834	0.000834	0.000834	0.000834	0.000834
-51.611443	-51.618738	-51.625529	-51.631751	-51.637183	-51.642144	-51.646612	-51.650256	-51.652989	-51.655930	-51.655930	-51.656283	-51.654682	-51.652871	-51.650360	-51.647527	-51.644620	-51.641650	-51.638709	-51.635514	-51.631815	-51.627407	-51.622211	-51.616223	-51.609461	-51.601938	-51.593875	-51.585403	-51.576193	-51.565975	-51.554716	-51.542140	-51.528901	-51.514626	-51.499477	-51.483798	-51.467882	-51.451752	-51.435313	-51.418760	-51.402131	-51.385424	-51.368853	-51.352467	-51.336159	-51.319876	-51.303434	-51.286778	-51.270021	-51.253346	-51.237114	-51.221553	-51.206875	-51.193180	-51.180427	-51.168737	-51.158228	-51.149035	-51.141246	-51.134786	-51.129758	-51.126161	-51.123976	-51.123124	-51.123620	-51.125647	-51.129091	-51.133713	-51.139436	-51.146280	-51.154477	-51.163879	-51.174269	-51.185588	-51.197837	-51.210809	-51.224044	-51.237318	-51.250474	-51.263614	-51.276657	-51.289575	-51.302369	-51.314841	-51.327028	-51.339184	-51.351062	-51.362476	-51.373605	-51.383917	-51.393242	-51.401636	-51.408907	-51.414955	-51.419618	-51.422720	-51.424263	-51.424176	-51.422505	-51.419332
Mean R	Std.Dev R
0.000819	8.818488E-6
Mean T	Std.Dev T
-51.396834	0.186591
1764993
R(V)	Theta
0.000825	0.000824	0.000824	0.000823	0.000823	0.000823	0.000822	0.000822	0.000822	0.000821	0.000821	0.000821	0.000821	0.000820	0.000820	0.000820	0.000820	0.000820	0.000820	0.000820	0.000820	0.000820	0.000820	0.000820	0.000820	0.000820	0.000820	0.000820	0.000820	0.000820	0.000820	0.000820	0.000821	0.000821	0.000821	0.000821	0.000821	0.000821	0.000821	0.000822	0.000822	0.000822	0.000822	0.000822	0.000822	0.000822	0.000822	0.000822	0.000822	0.000822	0.000822	0.000822	0.000822	0.000822	0.000822	0.000822	0.000822	0.000822	0.000823	0.000823	0.000823	0.000823	0.000823	0.000823	0.000823	0.000823	0.000823	0.000823	0.000823	0.000823	0.000823	0.000823	0.000823	0.000823	0.000823	0.000823	0.000823	0.000823	0.000823	0.000823	0.000824	0.000824	0.000824	0.000825	0.000825	0.000825	0.000826	0.000826	0.000826	0.000827	0.000827	0.000828	0.000828	0.000828	0.000828	0.000829	0.000829	0.000829	0.000829	0.000829
-51.243920	-51.237638	-51.231609	-51.225828	-51.220210	-51.214605	-51.208914	-51.203104	-51.197122	-51.191314	-51.185964	-51.181054	-51.176854	-51.173507	-51.170832	-51.168736	-51.167137	-51.166078	-51.165761	-51.166364	-51.167710	-51.169757	-51.172605	-51.176316	-51.180942	-51.186407	-51.192775	-51.200201	-51.208593	-51.217661	-51.227236	-51.237298	-51.258560	-51.258560	-51.281699	-51.281699	-51.293782	-51.318660	-51.318660	-51.343365	-51.354908	-51.365705	-51.365705	-51.385272	-51.394191	-51.402400	-51.409661	-51.415867	-51.421109	-51.425409	-51.428810	-51.431412	-51.433517	-51.435103	-51.436292	-51.436868	-51.436627	-51.435458	-51.433390	-51.430422	-51.426499	-51.421336	-51.414789	-51.406855	-51.397503	-51.386812	-51.374529	-51.360605	-51.345092	-51.328154	-51.310042	-51.291004	-51.271311	-51.251195	-51.230684	-51.210034	-51.189393	-51.168670	-51.147947	-51.127437	-51.106832	-51.086812	-51.067071	-51.047741	-51.029067	-51.011258	-50.994460	-50.978815	-50.964357	-50.951296	-50.939885	-50.930067	-50.921531	-50.914460	-50.909107	-50.905337	-50.903168	-50.902848	-50.904413	-50.907927
Mean R	Std.Dev R
0.000823	2.469402E-6
Mean T	Std.Dev T
-51.223035	0.159695
1764759
R(V)	Theta
0.000830	0.000831	0.000831	0.000831	0.000831	0.000831	0.000831	0.000831	0.000831	0.000831	0.000831	0.000830	0.000830	0.000830	0.000830	0.000830	0.000830	0.000829	0.000829	0.000829	0.000829	0.000828	0.000828	0.000828	0.000827	0.000827	0.000826	0.000826	0.000826	0.000825	0.000825	0.000824	0.000824	0.000823	0.000823	0.000823	0.000822	0.000822	0.000821	0.000821	0.000821	0.000820	0.000820	0.000819	0.000819	0.000818	0.000818	0.000817	0.000817	0.000817	0.000816	0.000816	0.000815	0.000815	0.000814	0.000814	0.000814	0.000813	0.000813	0.000812	0.000812	0.000812	0.000811	0.000811	0.000811	0.000810	0.000810	0.000810	0.000810	0.000809	0.000809	0.000809	0.000809	0.000809	0.000809	0.000809	0.000809	0.000809	0.000809	0.000809	0.000809	0.000809	0.000809	0.000809	0.000809	0.000809	0.000809	0.000809	0.000809	0.000809	0.000810	0.000810	0.000810	0.000811	0.000811	0.000812	0.000812	0.000812	0.000813	0.000813
-51.172896	-51.184152	-51.194679	-51.204280	-51.213108	-51.221401	-51.229134	-51.236294	-51.243087	-51.249525	-51.255679	-51.261271	-51.266333	-51.270889	-51.274928	-51.278499	-51.281657	-51.284511	-51.287080	-51.289228	-51.290733	-51.291415	-51.291201	-51.289992	-51.287695	-51.284287	-51.279803	-51.274124	-51.267271	-51.259383	-51.250535	-51.240919	-51.230692	-51.219876	-51.208778	-51.197869	-51.187254	-51.176978	-51.167276	-51.158481	-51.150737	-51.139821	-51.139821	-51.137002	-51.137047	-51.140403	-51.145958	-51.153580	-51.163113	-51.174402	-51.187444	-51.202029	-51.217898	-51.234883	-51.252882	-51.271633	-51.290811	-51.310067	-51.329078	-51.347631	-51.365529	-51.382478	-51.398205	-51.412575	-51.425450	-51.436719	-51.446430	-51.454550	-51.461004	-51.465794	-51.468957	-51.470477	-51.470712	-51.469881	-51.467934	-51.465018	-51.461125	-51.456231	-51.450474	-51.443981	-51.436932	-51.429377	-51.421283	-51.412763	-51.403771	-51.394269	-51.384285	-51.373902	-51.363195	-51.352098	-51.340808	-51.329586	-51.318430	-51.307284	-51.296062	-51.284735	-51.273226	-51.261570	-51.249773	-51.237957
Mean R	Std.Dev R
0.000818	8.368483E-6
Mean T	Std.Dev T
-51.296243	0.100842
Position	Mean R	Mean T
1792000.000000	1789946.000000	1789159.000000	1789020.000000	1789080.000000	1788100.000000	1787890.000000	1787755.000000	1787596.000000	1786678.000000	1786666.000000	1785712.000000	1785577.000000	1785540.000000	1784863.000000	1784926.000000	1783958.000000	1783855.000000	1783732.000000	1782696.000000	1782451.000000	1782301.000000	1782112.000000	1781154.000000	1781060.000000	1780912.000000	1780094.000000	1779940.000000	1779871.000000	1778942.000000	1778932.000000	1778794.000000	1777739.000000	1777662.000000	1777507.000000	1776702.000000	1776657.000000	1775860.000000	1775630.000000	1775533.000000	1774573.000000	1774424.000000	1774370.000000	1773575.000000	1773584.000000	1772637.000000	1772390.000000	1772376.000000	1772233.000000	1771194.000000	1771031.000000	1771026.000000	1770047.000000	1769750.000000	1769675.000000	1768798.000000	1768717.000000	1768556.000000	1767790.000000	1767798.000000	1766921.000000	1766807.000000	1766786.000000	1765829.000000	1765790.000000	1764993.000000	1764759.000000
0.000845	0.000831	0.000826	0.000831	0.000823	0.000830	0.000820	0.000817	0.000820	0.000828	0.000808	0.000819	0.000832	0.000816	0.000834	0.000812	0.000811	0.000816	0.000821	0.000799	0.000810	0.000812	0.000809	0.000817	0.000809	0.000829	0.000816	0.000831	0.000814	0.000806	0.000801	0.000806	0.000814	0.000817	0.000816	0.000812	0.000811	0.000804	0.000811	0.000824	0.000827	0.000822	0.000822	0.000817	0.000817	0.000813	0.000807	0.000804	0.000812	0.000829	0.000846	0.000815	0.000830	0.000834	0.000813	0.000803	0.000807	0.000807	0.000808	0.000816	0.000828	0.000834	0.000831	0.000816	0.000819	0.000823	0.000818
-51.200881	-51.277313	-51.423591	-51.551325	-51.503878	-51.324511	-51.500344	-51.486592	-51.473428	-51.285770	-51.506987	-51.719822	-51.362987	-51.660441	-51.809399	-51.232915	-51.197561	-51.423379	-51.560653	-51.943077	-51.514995	-51.576435	-51.820499	-51.809870	-51.490706	-51.608956	-51.837994	-51.600552	-51.343782	-51.619823	-51.780901	-51.552309	-51.521303	-51.662941	-51.565664	-51.462314	-51.563601	-51.387772	-51.415277	-51.510543	-51.430685	-51.305298	-51.548781	-51.800066	-51.454618	-51.356949	-51.695031	-51.617205	-51.596188	-51.501828	-51.457256	-51.599872	-51.353465	-51.554728	-51.571289	-51.251341	-51.545322	-51.570772	-51.235821	-51.118381	-51.299830	-51.159257	-51.366919	-51.391429	-51.396834	-51.223035	-51.296243
